-- MySQL dump 10.13  Distrib 5.1.65, for unknown-linux-gnu (x86_64)
--
-- Host: localhost    Database: fbapp_foodbox
-- ------------------------------------------------------
-- Server version	5.1.65-cll

/*!40101 SET @OLD_CHARACTER_SET_CLIENT=@@CHARACTER_SET_CLIENT */;
/*!40101 SET @OLD_CHARACTER_SET_RESULTS=@@CHARACTER_SET_RESULTS */;
/*!40101 SET @OLD_COLLATION_CONNECTION=@@COLLATION_CONNECTION */;
/*!40101 SET NAMES utf8 */;
/*!40103 SET @OLD_TIME_ZONE=@@TIME_ZONE */;
/*!40103 SET TIME_ZONE='+00:00' */;
/*!40014 SET @OLD_UNIQUE_CHECKS=@@UNIQUE_CHECKS, UNIQUE_CHECKS=0 */;
/*!40014 SET @OLD_FOREIGN_KEY_CHECKS=@@FOREIGN_KEY_CHECKS, FOREIGN_KEY_CHECKS=0 */;
/*!40101 SET @OLD_SQL_MODE=@@SQL_MODE, SQL_MODE='NO_AUTO_VALUE_ON_ZERO' */;
/*!40111 SET @OLD_SQL_NOTES=@@SQL_NOTES, SQL_NOTES=0 */;

--
-- Table structure for table `auth_assignment`
--

DROP TABLE IF EXISTS `auth_assignment`;
/*!40101 SET @saved_cs_client     = @@character_set_client */;
/*!40101 SET character_set_client = utf8 */;
CREATE TABLE `auth_assignment` (
  `itemname` varchar(64) NOT NULL,
  `userid` varchar(64) NOT NULL,
  `bizrule` text,
  `data` text,
  PRIMARY KEY (`itemname`,`userid`),
  CONSTRAINT `auth_assignment_ibfk_1` FOREIGN KEY (`itemname`) REFERENCES `auth_item` (`name`) ON DELETE CASCADE ON UPDATE CASCADE
) ENGINE=InnoDB DEFAULT CHARSET=latin1;
/*!40101 SET character_set_client = @saved_cs_client */;

--
-- Dumping data for table `auth_assignment`
--

LOCK TABLES `auth_assignment` WRITE;
/*!40000 ALTER TABLE `auth_assignment` DISABLE KEYS */;
INSERT INTO `auth_assignment` (`itemname`, `userid`, `bizrule`, `data`) VALUES ('admin','1',NULL,'N;'),('admin','2302',NULL,'N;'),('customer','2',NULL,'N;'),('customer','2047',NULL,'N;'),('customer','2048',NULL,'N;'),('customer','2049',NULL,'N;'),('customer','2050',NULL,'N;'),('customer','2051',NULL,'N;'),('customer','2052',NULL,'N;'),('customer','2053',NULL,'N;'),('customer','2054',NULL,'N;'),('customer','2055',NULL,'N;'),('customer','2056',NULL,'N;'),('customer','2057',NULL,'N;'),('customer','2058',NULL,'N;'),('customer','2059',NULL,'N;'),('customer','2060',NULL,'N;'),('customer','2061',NULL,'N;'),('customer','2062',NULL,'N;'),('customer','2063',NULL,'N;'),('customer','2064',NULL,'N;'),('customer','2065',NULL,'N;'),('customer','2066',NULL,'N;'),('customer','2067',NULL,'N;'),('customer','2068',NULL,'N;'),('customer','2069',NULL,'N;'),('customer','2070',NULL,'N;'),('customer','2071',NULL,'N;'),('customer','2072',NULL,'N;'),('customer','2073',NULL,'N;'),('customer','2074',NULL,'N;'),('customer','2075',NULL,'N;'),('customer','2076',NULL,'N;'),('customer','2077',NULL,'N;'),('customer','2078',NULL,'N;'),('customer','2079',NULL,'N;'),('customer','2080',NULL,'N;'),('customer','2081',NULL,'N;'),('customer','2082',NULL,'N;'),('customer','2083',NULL,'N;'),('customer','2084',NULL,'N;'),('customer','2085',NULL,'N;'),('customer','2086',NULL,'N;'),('customer','2087',NULL,'N;'),('customer','2088',NULL,'N;'),('customer','2089',NULL,'N;'),('customer','2090',NULL,'N;'),('customer','2091',NULL,'N;'),('customer','2092',NULL,'N;'),('customer','2093',NULL,'N;'),('customer','2094',NULL,'N;'),('customer','2095',NULL,'N;'),('customer','2096',NULL,'N;'),('customer','2097',NULL,'N;'),('customer','2098',NULL,'N;'),('customer','2099',NULL,'N;'),('customer','2100',NULL,'N;'),('customer','2101',NULL,'N;'),('customer','2102',NULL,'N;'),('customer','2103',NULL,'N;'),('customer','2104',NULL,'N;'),('customer','2105',NULL,'N;'),('customer','2106',NULL,'N;'),('customer','2107',NULL,'N;'),('customer','2108',NULL,'N;'),('customer','2109',NULL,'N;'),('customer','2110',NULL,'N;'),('customer','2111',NULL,'N;'),('customer','2112',NULL,'N;'),('customer','2113',NULL,'N;'),('customer','2114',NULL,'N;'),('customer','2115',NULL,'N;'),('customer','2116',NULL,'N;'),('customer','2117',NULL,'N;'),('customer','2118',NULL,'N;'),('customer','2119',NULL,'N;'),('customer','2120',NULL,'N;'),('customer','2121',NULL,'N;'),('customer','2122',NULL,'N;'),('customer','2123',NULL,'N;'),('customer','2124',NULL,'N;'),('customer','2125',NULL,'N;'),('customer','2126',NULL,'N;'),('customer','2127',NULL,'N;'),('customer','2128',NULL,'N;'),('customer','2129',NULL,'N;'),('customer','2130',NULL,'N;'),('customer','2131',NULL,'N;'),('customer','2132',NULL,'N;'),('customer','2133',NULL,'N;'),('customer','2134',NULL,'N;'),('customer','2135',NULL,'N;'),('customer','2136',NULL,'N;'),('customer','2137',NULL,'N;'),('customer','2138',NULL,'N;'),('customer','2139',NULL,'N;'),('customer','2140',NULL,'N;'),('customer','2141',NULL,'N;'),('customer','2142',NULL,'N;'),('customer','2143',NULL,'N;'),('customer','2144',NULL,'N;'),('customer','2145',NULL,'N;'),('customer','2146',NULL,'N;'),('customer','2147',NULL,'N;'),('customer','2148',NULL,'N;'),('customer','2149',NULL,'N;'),('customer','2150',NULL,'N;'),('customer','2151',NULL,'N;'),('customer','2152',NULL,'N;'),('customer','2153',NULL,'N;'),('customer','2154',NULL,'N;'),('customer','2155',NULL,'N;'),('customer','2156',NULL,'N;'),('customer','2157',NULL,'N;'),('customer','2158',NULL,'N;'),('customer','2159',NULL,'N;'),('customer','2160',NULL,'N;'),('customer','2161',NULL,'N;'),('customer','2162',NULL,'N;'),('customer','2163',NULL,'N;'),('customer','2164',NULL,'N;'),('customer','2165',NULL,'N;'),('customer','2166',NULL,'N;'),('customer','2167',NULL,'N;'),('customer','2168',NULL,'N;'),('customer','2169',NULL,'N;'),('customer','2170',NULL,'N;'),('customer','2171',NULL,'N;'),('customer','2172',NULL,'N;'),('customer','2173',NULL,'N;'),('customer','2174',NULL,'N;'),('customer','2175',NULL,'N;'),('customer','2176',NULL,'N;'),('customer','2177',NULL,'N;'),('customer','2178',NULL,'N;'),('customer','2179',NULL,'N;'),('customer','2180',NULL,'N;'),('customer','2181',NULL,'N;'),('customer','2182',NULL,'N;'),('customer','2183',NULL,'N;'),('customer','2184',NULL,'N;'),('customer','2185',NULL,'N;'),('customer','2186',NULL,'N;'),('customer','2187',NULL,'N;'),('customer','2188',NULL,'N;'),('customer','2189',NULL,'N;'),('customer','2190',NULL,'N;'),('customer','2191',NULL,'N;'),('customer','2192',NULL,'N;'),('customer','2193',NULL,'N;'),('customer','2194',NULL,'N;'),('customer','2195',NULL,'N;'),('customer','2196',NULL,'N;'),('customer','2197',NULL,'N;'),('customer','2198',NULL,'N;'),('customer','2199',NULL,'N;'),('customer','2200',NULL,'N;'),('customer','2201',NULL,'N;'),('customer','2202',NULL,'N;'),('customer','2203',NULL,'N;'),('customer','2204',NULL,'N;'),('customer','2205',NULL,'N;'),('customer','2206',NULL,'N;'),('customer','2207',NULL,'N;'),('customer','2208',NULL,'N;'),('customer','2209',NULL,'N;'),('customer','2210',NULL,'N;'),('customer','2211',NULL,'N;'),('customer','2212',NULL,'N;'),('customer','2213',NULL,'N;'),('customer','2214',NULL,'N;'),('customer','2215',NULL,'N;'),('customer','2216',NULL,'N;'),('customer','2217',NULL,'N;'),('customer','2218',NULL,'N;'),('customer','2219',NULL,'N;'),('customer','2220',NULL,'N;'),('customer','2221',NULL,'N;'),('customer','2222',NULL,'N;'),('customer','2223',NULL,'N;'),('customer','2224',NULL,'N;'),('customer','2225',NULL,'N;'),('customer','2226',NULL,'N;'),('customer','2227',NULL,'N;'),('customer','2228',NULL,'N;'),('customer','2229',NULL,'N;'),('customer','2230',NULL,'N;'),('customer','2231',NULL,'N;'),('customer','2232',NULL,'N;'),('customer','2233',NULL,'N;'),('customer','2234',NULL,'N;'),('customer','2235',NULL,'N;'),('customer','2236',NULL,'N;'),('customer','2237',NULL,'N;'),('customer','2238',NULL,'N;'),('customer','2239',NULL,'N;'),('customer','2240',NULL,'N;'),('customer','2241',NULL,'N;'),('customer','2242',NULL,'N;'),('customer','2243',NULL,'N;'),('customer','2244',NULL,'N;'),('customer','2245',NULL,'N;'),('customer','2246',NULL,'N;'),('customer','2247',NULL,'N;'),('customer','2248',NULL,'N;'),('customer','2249',NULL,'N;'),('customer','2250',NULL,'N;'),('customer','2251',NULL,'N;'),('customer','2252',NULL,'N;'),('customer','2253',NULL,'N;'),('customer','2254',NULL,'N;'),('customer','2255',NULL,'N;'),('customer','2256',NULL,'N;'),('customer','2257',NULL,'N;'),('customer','2258',NULL,'N;'),('customer','2259',NULL,'N;'),('customer','2260',NULL,'N;'),('customer','2261',NULL,'N;'),('customer','2262',NULL,'N;'),('customer','2263',NULL,'N;'),('customer','2264',NULL,'N;'),('customer','2265',NULL,'N;'),('customer','2266',NULL,'N;'),('customer','2267',NULL,'N;'),('customer','2268',NULL,'N;'),('customer','2269',NULL,'N;'),('customer','2270',NULL,'N;'),('customer','2271',NULL,'N;'),('customer','2272',NULL,'N;'),('customer','2273',NULL,'N;'),('customer','2274',NULL,'N;'),('customer','2275',NULL,'N;'),('customer','2276',NULL,'N;'),('customer','2277',NULL,'N;'),('customer','2278',NULL,'N;'),('customer','2279',NULL,'N;'),('customer','2280',NULL,'N;'),('customer','2281',NULL,'N;'),('customer','2282',NULL,'N;'),('customer','2283',NULL,'N;'),('customer','2284',NULL,'N;'),('customer','2285',NULL,'N;'),('customer','2286',NULL,'N;'),('customer','2287',NULL,'N;'),('customer','2288',NULL,'N;'),('customer','2289',NULL,'N;'),('customer','2290',NULL,'N;'),('customer','2291',NULL,'N;'),('customer','2303',NULL,'N;'),('customer','2304',NULL,'N;'),('customer','2305',NULL,'N;'),('customer','2306',NULL,'N;'),('customer','2307',NULL,'N;'),('customer','2308',NULL,'N;'),('customer','2309',NULL,'N;'),('customer','2310',NULL,'N;'),('customer','2311',NULL,'N;'),('customer','2312',NULL,'N;'),('customer','2313',NULL,'N;'),('customer','2314',NULL,'N;'),('customer','2315',NULL,'N;'),('customer','2316',NULL,'N;'),('customer','2317',NULL,'N;'),('customer','2318',NULL,'N;'),('customer','2319',NULL,'N;'),('customer','2320',NULL,'N;'),('customer','2321',NULL,'N;'),('customer','2322',NULL,'N;'),('customer','2323',NULL,'N;'),('customer','2324',NULL,'N;'),('customer','2325',NULL,'N;'),('customer','2326',NULL,'N;'),('customer','2327',NULL,'N;'),('customer','2328',NULL,'N;'),('customer','2329',NULL,'N;'),('customer','2330',NULL,'N;'),('customer','2331',NULL,'N;'),('customer','2332',NULL,'N;'),('customer','2333',NULL,'N;'),('customer','2334',NULL,'N;'),('customer','2335',NULL,'N;'),('customer','2336',NULL,'N;'),('customer','2337',NULL,'N;'),('customer','2338',NULL,'N;'),('customer','2339',NULL,'N;'),('customer','2340',NULL,'N;'),('customer','2341',NULL,'N;'),('customer','2342',NULL,'N;'),('customer','2343',NULL,'N;'),('customer','2344',NULL,'N;'),('customer','2345',NULL,'N;'),('customer','2346',NULL,'N;'),('customer','2347',NULL,'N;'),('customer','3',NULL,'N;'),('customer','4',NULL,'N;'),('customer','5',NULL,'N;');
/*!40000 ALTER TABLE `auth_assignment` ENABLE KEYS */;
UNLOCK TABLES;

--
-- Table structure for table `auth_item`
--

DROP TABLE IF EXISTS `auth_item`;
/*!40101 SET @saved_cs_client     = @@character_set_client */;
/*!40101 SET character_set_client = utf8 */;
CREATE TABLE `auth_item` (
  `name` varchar(64) NOT NULL,
  `type` int(11) NOT NULL,
  `description` text,
  `bizrule` text,
  `data` text,
  PRIMARY KEY (`name`)
) ENGINE=InnoDB DEFAULT CHARSET=latin1;
/*!40101 SET character_set_client = @saved_cs_client */;

--
-- Dumping data for table `auth_item`
--

LOCK TABLES `auth_item` WRITE;
/*!40000 ALTER TABLE `auth_item` DISABLE KEYS */;
INSERT INTO `auth_item` (`name`, `type`, `description`, `bizrule`, `data`) VALUES ('admin',2,'',NULL,'N;'),('customer',2,'',NULL,'N;'),('grower',2,'',NULL,'N;');
/*!40000 ALTER TABLE `auth_item` ENABLE KEYS */;
UNLOCK TABLES;

--
-- Table structure for table `auth_item_child`
--

DROP TABLE IF EXISTS `auth_item_child`;
/*!40101 SET @saved_cs_client     = @@character_set_client */;
/*!40101 SET character_set_client = utf8 */;
CREATE TABLE `auth_item_child` (
  `parent` varchar(64) NOT NULL,
  `child` varchar(64) NOT NULL,
  PRIMARY KEY (`parent`,`child`),
  KEY `child` (`child`),
  CONSTRAINT `auth_item_child_ibfk_1` FOREIGN KEY (`parent`) REFERENCES `auth_item` (`name`) ON DELETE CASCADE ON UPDATE CASCADE,
  CONSTRAINT `auth_item_child_ibfk_2` FOREIGN KEY (`child`) REFERENCES `auth_item` (`name`) ON DELETE CASCADE ON UPDATE CASCADE
) ENGINE=InnoDB DEFAULT CHARSET=latin1;
/*!40101 SET character_set_client = @saved_cs_client */;

--
-- Dumping data for table `auth_item_child`
--

LOCK TABLES `auth_item_child` WRITE;
/*!40000 ALTER TABLE `auth_item_child` DISABLE KEYS */;
INSERT INTO `auth_item_child` (`parent`, `child`) VALUES ('grower','customer'),('admin','grower');
/*!40000 ALTER TABLE `auth_item_child` ENABLE KEYS */;
UNLOCK TABLES;

--
-- Table structure for table `box_items`
--

DROP TABLE IF EXISTS `box_items`;
/*!40101 SET @saved_cs_client     = @@character_set_client */;
/*!40101 SET character_set_client = utf8 */;
CREATE TABLE `box_items` (
  `box_item_id` int(11) NOT NULL AUTO_INCREMENT,
  `item_name` varchar(45) DEFAULT NULL,
  `box_id` int(11) DEFAULT NULL,
  `grower_id` int(11) DEFAULT NULL,
  `item_value` decimal(7,2) DEFAULT NULL,
  `item_unit` varchar(20) DEFAULT NULL,
  `item_quantity` decimal(7,2) DEFAULT NULL,
  PRIMARY KEY (`box_item_id`),
  KEY `box_id` (`box_id`),
  KEY `grower_id` (`grower_id`),
  CONSTRAINT `fk_boxItems_boxes` FOREIGN KEY (`box_id`) REFERENCES `boxes` (`box_id`) ON DELETE CASCADE ON UPDATE CASCADE,
  CONSTRAINT `fk_boxItems_grower` FOREIGN KEY (`grower_id`) REFERENCES `growers` (`grower_id`) ON DELETE NO ACTION ON UPDATE NO ACTION
) ENGINE=InnoDB AUTO_INCREMENT=475 DEFAULT CHARSET=latin1;
/*!40101 SET character_set_client = @saved_cs_client */;

--
-- Dumping data for table `box_items`
--

LOCK TABLES `box_items` WRITE;
/*!40000 ALTER TABLE `box_items` DISABLE KEYS */;
INSERT INTO `box_items` (`box_item_id`, `item_name`, `box_id`, `grower_id`, `item_value`, `item_unit`, `item_quantity`) VALUES (60,'Bananas',NULL,2,'3.00','KG','2.00'),(61,'Bananas',NULL,2,'3.00','KG','2.00'),(62,'Bananas',22,2,'3.00','KG','1.00'),(63,'Beans',NULL,1,'7.00','KG','1.00'),(80,'Apples',11,3,'5.00','KG','1.00'),(81,'Apples',14,3,'5.00','KG','1.00'),(83,'Bananas',11,2,'1.00','KG','1.00'),(84,'Bananas',14,2,'1.00','KG','1.50'),(86,'Peaches',11,2,'1.00','KG','1.00'),(87,'Peaches',14,2,'1.00','KG','1.00'),(88,'Bananas',1,2,'5.00','KG','1.00'),(89,'Bananas',2,2,'5.00','KG','1.00'),(90,'Bananas',12,2,'5.00','KG','1.00'),(91,'Beans',1,1,'7.00','KG','1.00'),(92,'Beans',2,1,'7.00','KG','1.00'),(93,'Beans',12,1,'7.00','KG','1.00'),(94,'Garlic',1,2,'3.00','KG','0.50'),(97,'Garlic',2,2,'3.00','KG','0.50'),(98,'Apples',1,3,'5.00','KG','1.00'),(99,'Apples',2,3,'5.00','KG','1.00'),(100,'Apples',12,3,'5.00','KG','1.00'),(101,'Garlic',12,2,'3.00','KG','0.50'),(103,'Beans',19,1,'7.00','KG','1.50'),(104,'Beans',20,1,'7.00','KG','1.35'),(109,'Apples',19,3,'5.00','KG','1.50'),(110,'Apples',20,3,'5.00','KG','2.00'),(133,'Bok Choy',11,1,'1.00','KG','1.00'),(134,'Bok Choy',14,1,'1.00','KG','1.00'),(136,'Beans',11,1,'1.00','KG','1.00'),(137,'Beans',14,1,'1.00','KG','1.00'),(139,'Parsley',11,1,'1.00','BUNCH','1.00'),(140,'Parsley',14,1,'1.00','BUNCH','1.00'),(144,'Apples',15,3,'5.00','KG','1.00'),(145,'Apples',16,3,'5.00','KG','1.00'),(146,'Apples',17,3,'5.00','KG','1.00'),(147,'Bananas',15,2,'5.00','KG','1.00'),(148,'Bananas',16,2,'5.00','KG','1.00'),(149,'Bananas',17,2,'5.00','KG','1.00'),(150,'Bok Choi',15,2,'1.00','KG','1.00'),(151,'Bok Choi',16,2,'1.00','KG','1.00'),(152,'Bok Choi',17,2,'1.00','KG','1.00'),(160,'Bamboo Shoots',11,3,'10.00','KG','1.00'),(161,'Bamboo Shoots',14,3,'10.00','KG','1.00'),(169,'Broccoli',11,3,'0.00','KG','1.00'),(170,'Broccoli',14,3,'0.00','KG','1.00'),(179,'Apples',88,3,'5.00','KG','1.00'),(180,'Bananas',88,2,'1.00','KG','2.00'),(181,'Peaches',88,2,'1.00','KG','1.00'),(182,'Bok Choy',88,1,'1.00','KG','1.00'),(183,'Beans',88,1,'1.00','KG','1.00'),(184,'Parsley',88,1,'1.00','BUNCH','1.00'),(185,'Bamboo Shoots',88,3,'10.00','KG','0.25'),(186,'Broccoli',88,3,'0.00','KG','1.00'),(189,'Pumpkin',88,3,'6.00','KG','1.00'),(190,'Pumpkin',11,3,'6.00','KG','1.00'),(191,'Pumpkin',14,3,'6.00','KG','1.00'),(197,'Beans',15,1,'5.00','BUNCH','0.50'),(198,'Beans',16,1,'5.00','BUNCH','1.00'),(199,'Beans',17,1,'5.00','BUNCH','2.00'),(211,'Beans',91,1,'7.00','KG','1.00'),(212,'Apples',91,3,'5.00','KG','1.00'),(224,'Lettuce',11,3,'2.00','EA','1.00'),(225,'Lettuce',14,3,'2.00','EA','2.00'),(226,'Lettuce',88,3,'2.00','EA','1.00'),(257,'Bamboo Shoots',21,3,'10.00','KG','1.00'),(258,'Bamboo Shoots',22,3,'10.00','KG','1.00'),(259,'Bamboo Shoots',23,3,'10.00','KG','1.00'),(260,'',21,3,'0.00','KG','1.00'),(261,'',22,3,'0.00','KG','1.00'),(262,'',23,3,'0.00','KG','1.00'),(263,'',21,2,'0.00','KG','1.00'),(264,'',22,2,'0.00','KG','1.00'),(265,'',23,2,'0.00','KG','1.00'),(280,'carrots',24,56,'0.00','KG','1.00'),(281,'carrots',25,56,'0.00','KG','1.00'),(282,'carrots',26,56,'0.00','KG','1.00'),(283,'Beans',24,1,'7.00','KG','0.50'),(284,'Beans',25,1,'7.00','KG','1.00'),(285,'Beans',26,1,'7.00','KG','1.00'),(286,'Fancy Lettuce',24,18,'1.00','KG','2.00'),(287,'Fancy Lettuce',25,18,'1.00','KG','1.00'),(288,'Fancy Lettuce',26,18,'1.00','KG','1.00'),(289,'Bok Choy',24,1,'3.00','BUNCH','0.50'),(290,'Bok Choy',25,1,'3.00','BUNCH','1.00'),(291,'Bok Choy',26,1,'3.00','BUNCH','2.00'),(296,'Bamboo Shoots',24,3,'10.00','KG','1.00'),(297,'Bamboo Shoots',25,3,'10.00','KG','1.00'),(298,'Bamboo Shoots',26,3,'10.00','KG','1.00'),(299,'Red Bananas',24,2,'1.00','KG','1.00'),(300,'Red Bananas',25,2,'1.00','KG','1.00'),(301,'Red Bananas',26,2,'1.00','KG','1.00'),(303,'Paw Paw',25,9,'0.20','KG','1.00'),(304,'Paw Paw',26,9,'0.20','KG','1.00'),(305,'carrots',98,56,'0.00','KG','1.00'),(306,'Beans',98,1,'7.00','KG','1.00'),(307,'Fancy Lettuce',98,18,'1.00','KG','1.00'),(308,'Bok Choy',98,1,'3.00','BUNCH','1.00'),(309,'Bamboo Shoots',98,3,'10.00','KG','1.00'),(310,'Red Bananas',98,2,'1.00','KG','1.00'),(315,'',91,18,'0.00','KG','1.00'),(316,'',19,18,'0.00','KG','1.00'),(317,'',20,18,'0.00','KG','1.00'),(323,'Lemons',29,32,'0.50','EA','1.00'),(325,'Bok choi, red',28,9,'2.50','KG','1.00'),(329,'Beetroot, red & gold',29,9,'5.00','KG','0.30'),(337,'Spinach, English 250g bag',28,9,'3.00','EA','1.00'),(338,'Spinach, English 250g bag',29,9,'3.00','EA','1.00'),(344,'Kale, Red Russian',29,33,'2.20','BUNCH','1.00'),(347,'rhubarb',29,33,'3.00','KG','1.00'),(349,'Rocket, bag',28,33,'2.20','EA','1.00'),(350,'Rocket, bag',29,33,'2.20','EA','1.00'),(355,'silverbeet',28,33,'1.50','BUNCH','1.00'),(358,'Sprouts',28,44,'1.50','EA','1.00'),(359,'Sprouts',29,44,'1.50','EA','1.00'),(361,'cucumbers',28,37,'0.60','KG','2.00'),(362,'cucumbers',29,37,'0.60','KG','2.00'),(367,'tomatoes',28,37,'4.00','KG','0.20'),(368,'tomatoes',29,37,'4.00','KG','0.50'),(370,'Oranges',28,13,'0.26','EA','4.00'),(371,'Oranges',29,13,'0.26','EA','8.00'),(374,'bananas',29,55,'1.35','KG','1.00'),(377,'cabbage',29,18,'3.00','EA','1.00'),(380,'fennel',29,18,'2.00','KG','1.00'),(382,'ginger',28,18,'11.00','KG','0.05'),(383,'ginger',29,18,'11.00','KG','0.05'),(385,'potatoes, sebago',28,25,'1.55','KG','0.50'),(386,'potatoes, sebago',29,25,'1.55','KG','1.00'),(388,'cabbage',28,5,'4.00','KG','0.60'),(391,'sweet potato',28,11,'2.80','KG','0.50'),(392,'sweet potato',29,11,'2.80','KG','0.50'),(394,'mushrooms',28,31,'7.00','KG','0.20'),(395,'mushrooms',29,31,'7.00','KG','0.20'),(397,'Peas, sugarsnap',28,23,'6.50','KG','0.20'),(398,'Peas, sugarsnap',29,23,'6.50','KG','0.30'),(400,'Peas, shelling',28,23,'5.00','KG','0.20'),(401,'Peas, shelling',29,23,'5.00','KG','0.40'),(404,'Apples, Benjamin (gold)',29,14,'1.00','KG','1.00'),(412,'paper bag',28,46,'0.03','KG','3.00'),(413,'paper bag',29,46,'0.03','KG','3.00'),(416,'coriander',29,39,'1.50','BUNCH','1.00'),(417,'Asian Greens',99,32,'2.00','BUNCH','1.00'),(418,'Lemons',99,32,'0.50','EA','1.00'),(419,'Rocket, Japanese, bag',99,33,'2.20','KG','1.00'),(420,'Sprouts',99,44,'1.50','EA','1.00'),(421,'cucumbers',99,37,'0.60','KG','1.00'),(422,'tomatoes',99,37,'4.00','KG','0.20'),(423,'Oranges',99,13,'0.26','EA','4.00'),(424,'ginger',99,18,'11.00','KG','0.05'),(425,'sweet potato',99,11,'2.80','KG','0.50'),(426,'mushrooms',99,31,'7.00','KG','0.20'),(427,'Peas, sugarsnap',99,23,'6.50','KG','0.20'),(428,'Peas, shelling',99,23,'5.00','KG','0.20'),(429,'paper bag',99,46,'0.03','KG','3.00'),(430,'Asian Greens',100,32,'2.00','BUNCH','1.00'),(431,'Lemons',100,32,'0.50','EA','1.00'),(432,'Rocket, Japanese, bag',100,33,'2.20','KG','1.00'),(433,'Sprouts',100,44,'1.50','EA','1.00'),(434,'cucumbers',100,37,'0.60','KG','1.00'),(435,'tomatoes',100,37,'4.00','KG','0.20'),(436,'Oranges',100,13,'0.26','EA','4.00'),(437,'ginger',100,18,'11.00','KG','0.05'),(438,'sweet potato',100,11,'2.80','KG','0.50'),(439,'mushrooms',100,31,'7.00','KG','0.20'),(440,'Peas, sugarsnap',100,23,'6.50','KG','0.20'),(441,'Peas, shelling',100,23,'5.00','KG','0.20'),(442,'paper bag',100,46,'0.03','KG','3.00'),(444,'Watermelon',28,10,'0.00','KG','1.00'),(445,'Watermelon',29,10,'0.00','KG','1.00'),(447,'Apples',28,3,'5.00','KG','1.00'),(448,'Apples',29,3,'5.00','KG','1.00'),(452,'Kale, Red Russian',33,33,'2.20','BUNCH','1.00'),(453,'Kale, Red Russian',34,33,'2.20','BUNCH','1.00'),(454,'Kale, Red Russian',35,33,'2.20','BUNCH','1.00'),(457,'coriander',35,33,'2.00','BUNCH','1.00'),(459,'mizuna (japanese rocket), bag',34,33,'2.00','EA','1.00'),(460,'mizuna (japanese rocket), bag',35,33,'2.00','EA','1.00'),(463,'shallots',33,33,'2.00','BUNCH','1.00'),(464,'shallots',34,33,'2.00','BUNCH','1.00'),(465,'shallots',35,33,'2.00','BUNCH','1.00'),(466,'silverbeet',33,33,'2.50','BUNCH','1.00'),(467,'silverbeet',34,33,'2.50','BUNCH','1.00'),(468,'silverbeet',35,33,'2.50','BUNCH','1.00'),(470,'sweet potato',34,11,'2.80','KG','0.50'),(471,'sweet potato',35,11,'2.80','KG','0.50'),(472,'cabbage',36,5,'4.00','KG','1.00'),(473,'cabbage',37,5,'4.00','KG','1.00'),(474,'cabbage',38,5,'4.00','KG','1.00');
/*!40000 ALTER TABLE `box_items` ENABLE KEYS */;
UNLOCK TABLES;

--
-- Table structure for table `box_sizes`
--

DROP TABLE IF EXISTS `box_sizes`;
/*!40101 SET @saved_cs_client     = @@character_set_client */;
/*!40101 SET character_set_client = utf8 */;
CREATE TABLE `box_sizes` (
  `box_size_id` int(11) NOT NULL AUTO_INCREMENT,
  `box_size_name` varchar(45) DEFAULT NULL,
  `box_size_value` decimal(7,2) DEFAULT NULL,
  `box_size_markup` decimal(7,2) DEFAULT NULL,
  `box_size_price` decimal(7,2) DEFAULT NULL,
  PRIMARY KEY (`box_size_id`)
) ENGINE=InnoDB AUTO_INCREMENT=4 DEFAULT CHARSET=latin1;
/*!40101 SET character_set_client = @saved_cs_client */;

--
-- Dumping data for table `box_sizes`
--

LOCK TABLES `box_sizes` WRITE;
/*!40000 ALTER TABLE `box_sizes` DISABLE KEYS */;
INSERT INTO `box_sizes` (`box_size_id`, `box_size_name`, `box_size_value`, `box_size_markup`, `box_size_price`) VALUES (1,'Small','10.00','35.00','20.00'),(2,'Medium','15.00','35.00','30.00'),(3,'Large','25.00','35.00','50.00');
/*!40000 ALTER TABLE `box_sizes` ENABLE KEYS */;
UNLOCK TABLES;

--
-- Table structure for table `boxes`
--

DROP TABLE IF EXISTS `boxes`;
/*!40101 SET @saved_cs_client     = @@character_set_client */;
/*!40101 SET character_set_client = utf8 */;
CREATE TABLE `boxes` (
  `box_id` int(11) NOT NULL AUTO_INCREMENT,
  `size_id` int(11) DEFAULT NULL,
  `box_price` decimal(7,2) DEFAULT NULL,
  `week_id` int(11) DEFAULT NULL,
  PRIMARY KEY (`box_id`),
  KEY `week_id` (`week_id`),
  KEY `size_id` (`size_id`),
  KEY `box_size_id` (`box_id`),
  CONSTRAINT `box_size_id` FOREIGN KEY (`size_id`) REFERENCES `box_sizes` (`box_size_id`) ON DELETE CASCADE ON UPDATE CASCADE,
  CONSTRAINT `week_id` FOREIGN KEY (`week_id`) REFERENCES `weeks` (`week_id`) ON DELETE NO ACTION ON UPDATE NO ACTION
) ENGINE=InnoDB AUTO_INCREMENT=101 DEFAULT CHARSET=latin1;
/*!40101 SET character_set_client = @saved_cs_client */;

--
-- Dumping data for table `boxes`
--

LOCK TABLES `boxes` WRITE;
/*!40000 ALTER TABLE `boxes` DISABLE KEYS */;
INSERT INTO `boxes` (`box_id`, `size_id`, `box_price`, `week_id`) VALUES (1,2,'30.00',2),(2,3,'50.00',2),(11,2,'30.00',3),(12,1,'20.00',2),(13,1,'20.00',1),(14,3,'50.00',3),(15,1,'20.00',4),(16,2,'30.00',4),(17,3,'50.00',4),(19,2,'30.00',5),(20,3,'50.00',5),(21,1,'20.00',6),(22,2,'30.00',6),(23,3,'50.00',6),(24,1,'20.00',7),(25,2,'30.00',7),(26,3,'50.00',7),(28,2,'30.00',8),(29,3,'50.00',8),(30,1,'20.00',9),(31,2,'30.00',9),(32,3,'50.00',9),(33,1,'20.00',10),(34,2,'30.00',10),(35,3,'50.00',10),(36,1,'20.00',11),(37,2,'30.00',11),(38,3,'50.00',11),(39,1,'20.00',12),(40,2,'30.00',12),(41,3,'50.00',12),(42,1,'20.00',13),(43,2,'30.00',13),(44,3,'50.00',13),(45,1,'20.00',14),(46,2,'30.00',14),(47,3,'50.00',14),(48,1,'20.00',15),(49,2,'30.00',15),(50,3,'50.00',15),(51,1,'20.00',16),(52,2,'30.00',16),(53,3,'50.00',16),(54,1,'20.00',17),(55,2,'30.00',17),(56,3,'50.00',17),(57,1,'20.00',18),(58,2,'30.00',18),(59,3,'50.00',18),(60,1,'20.00',19),(61,2,'30.00',19),(62,3,'50.00',19),(63,1,'20.00',20),(64,2,'30.00',20),(65,3,'50.00',20),(66,1,'20.00',21),(67,2,'30.00',21),(68,3,'50.00',21),(69,1,'20.00',22),(70,2,'30.00',22),(71,3,'50.00',22),(72,1,'20.00',23),(73,2,'30.00',23),(74,3,'50.00',23),(75,1,'20.00',24),(76,2,'30.00',24),(77,3,'50.00',24),(78,1,'20.00',25),(79,2,'30.00',25),(80,3,'50.00',25),(81,1,'20.00',26),(82,2,'30.00',26),(83,3,'50.00',26),(84,1,'20.00',27),(85,2,'30.00',27),(86,3,'50.00',27),(88,1,'20.00',3),(91,1,'20.00',5),(98,2,'30.00',7),(99,1,'20.00',8),(100,1,'20.00',8);
/*!40000 ALTER TABLE `boxes` ENABLE KEYS */;
UNLOCK TABLES;

--
-- Table structure for table `customer_boxes`
--

DROP TABLE IF EXISTS `customer_boxes`;
/*!40101 SET @saved_cs_client     = @@character_set_client */;
/*!40101 SET character_set_client = utf8 */;
CREATE TABLE `customer_boxes` (
  `customer_box_id` int(11) NOT NULL AUTO_INCREMENT,
  `customer_id` int(11) DEFAULT NULL,
  `box_id` int(11) DEFAULT NULL,
  `quantity` int(11) DEFAULT NULL,
  `delivery_cost` decimal(9,2) DEFAULT '0.00',
  `status` smallint(6) NOT NULL DEFAULT '0',
  PRIMARY KEY (`customer_box_id`),
  KEY `customer_id` (`customer_id`),
  KEY `box_id` (`box_id`),
  CONSTRAINT `box_id` FOREIGN KEY (`box_id`) REFERENCES `boxes` (`box_id`) ON DELETE NO ACTION ON UPDATE NO ACTION,
  CONSTRAINT `customer_boxes_ibfk_1` FOREIGN KEY (`customer_id`) REFERENCES `customers` (`customer_id`) ON DELETE NO ACTION ON UPDATE NO ACTION
) ENGINE=InnoDB AUTO_INCREMENT=1297 DEFAULT CHARSET=latin1;
/*!40101 SET character_set_client = @saved_cs_client */;

--
-- Dumping data for table `customer_boxes`
--

LOCK TABLES `customer_boxes` WRITE;
/*!40000 ALTER TABLE `customer_boxes` DISABLE KEYS */;
INSERT INTO `customer_boxes` (`customer_box_id`, `customer_id`, `box_id`, `quantity`, `delivery_cost`, `status`) VALUES (284,7,34,1,'0.00',1),(285,7,37,1,'0.00',1),(286,7,40,1,'0.00',0),(287,7,43,1,'0.00',0),(288,7,46,1,'0.00',0),(289,7,49,1,'0.00',0),(290,7,52,1,'0.00',0),(291,7,55,1,'0.00',0),(292,7,58,1,'0.00',0),(293,7,61,1,'0.00',0),(294,7,64,1,'0.00',0),(295,7,67,1,'0.00',0),(296,7,70,1,'0.00',0),(297,7,73,1,'0.00',0),(298,7,76,1,'0.00',0),(299,7,79,1,'0.00',0),(300,7,82,1,'0.00',0),(301,7,85,1,'0.00',0),(302,10,34,1,'0.00',1),(303,10,37,1,'0.00',1),(304,10,40,1,'0.00',0),(305,10,43,1,'0.00',0),(306,10,46,1,'0.00',0),(307,10,49,1,'0.00',0),(308,10,52,1,'0.00',0),(309,10,55,1,'0.00',0),(310,10,58,1,'0.00',0),(311,10,61,1,'0.00',0),(312,10,64,1,'0.00',0),(313,10,67,1,'0.00',0),(314,10,70,1,'0.00',0),(315,10,73,1,'0.00',0),(316,10,76,1,'0.00',0),(317,10,79,1,'0.00',0),(318,10,82,1,'0.00',0),(319,10,85,1,'0.00',0),(320,14,34,1,'0.00',1),(321,14,37,1,'0.00',1),(322,14,40,1,'0.00',0),(323,14,43,1,'0.00',0),(324,14,46,1,'0.00',0),(325,14,49,1,'0.00',0),(326,14,52,1,'0.00',0),(327,14,55,1,'0.00',0),(328,14,58,1,'0.00',0),(329,14,61,1,'0.00',0),(330,14,64,1,'0.00',0),(331,14,67,1,'0.00',0),(332,14,70,1,'0.00',0),(333,14,73,1,'0.00',0),(334,14,76,1,'0.00',0),(335,14,79,1,'0.00',0),(336,14,82,1,'0.00',0),(337,14,85,1,'0.00',0),(338,21,32,1,'0.00',1),(339,21,35,1,'0.00',1),(340,28,33,1,'0.00',1),(341,28,36,1,'0.00',1),(342,28,39,1,'0.00',0),(343,28,42,1,'0.00',0),(344,28,45,1,'0.00',0),(345,28,48,1,'0.00',0),(346,28,51,1,'0.00',0),(347,28,54,1,'0.00',0),(348,28,57,1,'0.00',0),(349,28,60,1,'0.00',0),(350,28,63,1,'0.00',0),(351,28,66,1,'0.00',0),(352,28,69,1,'0.00',0),(353,29,33,1,'0.00',1),(354,29,36,1,'0.00',1),(355,29,39,1,'0.00',0),(356,29,42,1,'0.00',0),(357,29,45,1,'0.00',0),(358,29,48,1,'0.00',0),(359,29,51,1,'0.00',0),(360,29,54,1,'0.00',0),(361,29,57,1,'0.00',0),(362,29,60,1,'0.00',0),(363,29,63,1,'0.00',0),(364,29,66,1,'0.00',0),(365,29,69,1,'0.00',0),(366,31,34,1,'0.00',1),(367,31,37,1,'0.00',1),(368,31,40,1,'0.00',0),(369,31,43,1,'0.00',0),(370,31,46,1,'0.00',0),(371,31,49,1,'0.00',0),(372,31,52,1,'0.00',0),(373,31,55,1,'0.00',0),(374,31,58,1,'0.00',0),(375,31,61,1,'0.00',0),(376,31,64,1,'0.00',0),(377,31,67,1,'0.00',0),(378,31,70,1,'0.00',0),(379,31,73,1,'0.00',0),(380,31,76,1,'0.00',0),(381,31,79,1,'0.00',0),(382,31,82,1,'0.00',0),(383,31,85,1,'0.00',0),(384,31,31,1,'0.00',1),(385,7,31,1,'0.00',1),(386,10,31,1,'0.00',1),(387,14,31,1,'0.00',1),(388,16,35,1,'0.00',2),(389,16,38,1,'0.00',2),(390,16,41,1,'0.00',0),(391,16,44,1,'0.00',0),(392,16,47,1,'0.00',0),(393,16,50,1,'0.00',0),(394,16,53,1,'0.00',0),(395,16,56,1,'0.00',0),(396,16,59,1,'0.00',0),(397,16,62,1,'0.00',0),(398,16,65,1,'0.00',0),(399,16,68,1,'0.00',0),(400,16,71,1,'0.00',0),(401,16,74,1,'0.00',0),(402,16,77,1,'0.00',0),(403,16,80,1,'0.00',0),(404,16,83,1,'0.00',0),(405,16,86,1,'0.00',0),(406,16,31,1,'0.00',2),(407,28,30,1,'0.00',1),(408,29,30,1,'0.00',1),(409,36,31,1,'0.00',1),(410,36,34,1,'0.00',1),(411,36,37,1,'0.00',1),(412,36,40,1,'0.00',0),(413,36,43,1,'0.00',0),(414,36,46,1,'0.00',0),(415,36,49,1,'0.00',0),(416,36,52,1,'0.00',0),(417,36,55,1,'0.00',0),(418,36,58,1,'0.00',0),(419,36,61,1,'0.00',0),(420,36,64,1,'0.00',0),(421,36,67,1,'0.00',0),(422,36,70,1,'0.00',0),(423,36,73,1,'0.00',0),(424,36,76,1,'0.00',0),(425,36,79,1,'0.00',0),(426,36,82,1,'0.00',0),(427,36,85,1,'0.00',0),(428,40,30,1,'0.00',2),(429,41,30,1,'0.00',1),(431,42,34,1,'0.00',2),(432,42,37,1,'0.00',2),(433,42,40,1,'0.00',0),(434,42,43,1,'0.00',0),(435,42,46,1,'0.00',0),(436,42,49,1,'0.00',0),(437,42,52,1,'0.00',0),(438,42,55,1,'0.00',0),(439,42,58,1,'0.00',0),(440,42,61,1,'0.00',0),(441,42,64,1,'0.00',0),(442,42,67,1,'0.00',0),(443,42,70,1,'0.00',0),(444,42,73,1,'0.00',0),(445,42,76,1,'0.00',0),(446,42,79,1,'0.00',0),(447,42,82,1,'0.00',0),(448,42,85,1,'0.00',0),(449,44,31,1,'0.00',1),(450,49,34,1,'0.00',1),(451,49,37,1,'0.00',1),(452,49,40,1,'0.00',0),(453,49,43,1,'0.00',0),(454,49,46,1,'0.00',0),(455,49,49,1,'0.00',0),(456,49,52,1,'0.00',0),(457,49,55,1,'0.00',0),(458,49,58,1,'0.00',0),(459,49,61,1,'0.00',0),(460,49,64,1,'0.00',0),(461,49,67,1,'0.00',0),(462,49,70,1,'0.00',0),(463,49,73,1,'0.00',0),(464,49,76,1,'0.00',0),(465,49,79,1,'0.00',0),(466,49,82,1,'0.00',0),(467,49,85,1,'0.00',0),(468,49,31,1,'0.00',1),(469,51,34,1,'0.00',1),(470,51,37,1,'0.00',2),(471,51,40,1,'0.00',0),(472,51,43,1,'0.00',0),(473,51,46,1,'0.00',0),(474,51,49,1,'0.00',0),(475,51,52,1,'0.00',0),(476,51,55,1,'0.00',0),(477,51,58,1,'0.00',0),(478,51,61,1,'0.00',0),(479,51,64,1,'0.00',0),(480,51,67,1,'0.00',0),(481,51,70,1,'0.00',0),(482,51,73,1,'0.00',0),(483,51,76,1,'0.00',0),(484,51,79,1,'0.00',0),(485,51,82,1,'0.00',0),(486,51,85,1,'0.00',0),(487,51,31,1,'0.00',1),(488,52,35,1,'0.00',1),(489,52,38,1,'0.00',1),(490,52,41,1,'0.00',0),(491,52,44,1,'0.00',0),(492,52,47,1,'0.00',0),(493,52,50,1,'0.00',0),(494,52,53,1,'0.00',0),(495,52,56,1,'0.00',0),(496,52,59,1,'0.00',0),(497,52,62,1,'0.00',0),(498,52,65,1,'0.00',0),(499,52,68,1,'0.00',0),(500,52,71,1,'0.00',0),(501,52,74,1,'0.00',0),(502,52,77,1,'0.00',0),(503,52,80,1,'0.00',0),(504,52,83,1,'0.00',0),(505,52,86,1,'0.00',0),(506,52,32,1,'0.00',1),(507,61,33,1,'0.00',1),(508,61,36,1,'0.00',1),(509,61,39,1,'0.00',0),(510,61,42,1,'0.00',0),(511,61,45,1,'0.00',0),(512,61,48,1,'0.00',0),(513,61,51,1,'0.00',0),(514,61,54,1,'0.00',0),(515,61,57,1,'0.00',0),(516,61,60,1,'0.00',0),(517,61,63,1,'0.00',0),(518,61,66,1,'0.00',0),(519,61,69,1,'0.00',0),(520,61,30,1,'0.00',1),(521,67,31,1,'0.00',1),(522,73,34,1,'0.00',1),(523,73,37,1,'0.00',1),(524,73,40,1,'0.00',0),(525,73,43,1,'0.00',0),(526,73,46,1,'0.00',0),(527,73,49,1,'0.00',0),(528,73,52,1,'0.00',0),(529,73,55,1,'0.00',0),(530,73,58,1,'0.00',0),(531,73,61,1,'0.00',0),(532,73,64,1,'0.00',0),(533,73,67,1,'0.00',0),(534,73,70,1,'0.00',0),(535,73,73,1,'0.00',0),(536,73,76,1,'0.00',0),(537,73,79,1,'0.00',0),(538,73,82,1,'0.00',0),(539,73,85,1,'0.00',0),(540,73,31,1,'0.00',1),(541,248,31,1,'7.00',2),(542,76,33,1,'0.00',1),(543,76,36,1,'0.00',1),(544,76,39,1,'0.00',0),(545,76,42,1,'0.00',0),(546,76,45,1,'0.00',0),(547,76,48,1,'0.00',0),(548,76,51,1,'0.00',0),(549,76,54,1,'0.00',0),(550,76,57,1,'0.00',0),(551,76,60,1,'0.00',0),(552,76,63,1,'0.00',0),(553,76,66,1,'0.00',0),(554,76,69,1,'0.00',0),(555,76,30,1,'7.00',1),(556,79,31,1,'7.00',1),(557,83,31,1,'0.00',1),(558,89,34,1,'0.00',2),(559,89,37,1,'0.00',2),(560,89,40,1,'0.00',0),(561,89,43,1,'0.00',0),(562,89,31,1,'0.00',2),(563,91,30,1,'0.00',2),(564,93,34,1,'0.00',2),(565,93,37,1,'0.00',2),(566,93,40,1,'0.00',0),(567,93,43,1,'0.00',0),(568,93,46,1,'0.00',0),(569,93,49,1,'0.00',0),(570,93,52,1,'0.00',0),(571,93,55,1,'0.00',0),(572,93,58,1,'0.00',0),(573,93,61,1,'0.00',0),(574,93,64,1,'0.00',0),(575,93,67,1,'0.00',0),(576,93,70,1,'0.00',0),(577,93,31,1,'0.00',2),(579,101,37,1,'7.00',2),(580,101,40,1,'7.00',0),(581,101,43,1,'7.00',0),(582,101,46,1,'0.00',0),(583,101,49,1,'0.00',0),(584,101,52,1,'0.00',0),(585,101,55,1,'0.00',0),(586,101,58,1,'0.00',0),(587,101,61,1,'0.00',0),(588,101,64,1,'0.00',0),(589,101,67,1,'0.00',0),(590,101,70,1,'0.00',0),(591,104,31,1,'7.00',2),(592,107,35,1,'7.00',1),(593,107,38,1,'7.00',1),(594,107,41,1,'7.00',0),(595,107,44,1,'0.00',0),(596,107,47,1,'0.00',0),(597,107,50,1,'0.00',0),(598,107,53,1,'0.00',0),(599,107,56,1,'0.00',0),(600,107,59,1,'0.00',0),(601,107,62,1,'0.00',0),(602,107,65,1,'0.00',0),(603,107,68,1,'0.00',0),(604,107,71,1,'0.00',0),(605,107,74,1,'0.00',0),(606,107,77,1,'0.00',0),(607,107,80,1,'0.00',0),(608,107,83,1,'0.00',0),(609,107,86,1,'0.00',0),(610,107,32,1,'7.00',1),(611,117,32,1,'7.00',1),(614,129,40,1,'0.00',0),(615,129,43,1,'0.00',0),(616,129,46,1,'0.00',0),(617,129,49,1,'0.00',0),(618,129,52,1,'0.00',0),(619,129,55,1,'0.00',0),(620,129,58,1,'0.00',0),(621,129,61,1,'0.00',0),(622,129,64,1,'0.00',0),(623,129,67,1,'0.00',0),(624,129,70,1,'0.00',0),(625,129,31,1,'0.00',1),(626,130,35,1,'7.00',1),(627,130,38,1,'7.00',1),(628,130,41,1,'7.00',0),(629,130,44,1,'0.00',0),(630,130,47,1,'0.00',0),(631,130,50,1,'0.00',0),(632,130,53,1,'0.00',0),(633,130,56,1,'0.00',0),(634,130,59,1,'0.00',0),(635,130,62,1,'0.00',0),(636,130,65,1,'0.00',0),(637,130,68,1,'0.00',0),(638,130,71,1,'0.00',0),(639,130,74,1,'0.00',0),(640,130,77,1,'0.00',0),(641,130,80,1,'0.00',0),(642,130,83,1,'0.00',0),(643,130,86,1,'0.00',0),(644,130,32,1,'7.00',1),(645,138,30,1,'0.00',1),(646,141,34,1,'0.00',1),(648,141,40,1,'0.00',0),(649,141,43,1,'0.00',0),(650,141,46,1,'0.00',0),(651,141,49,1,'0.00',0),(652,141,52,1,'0.00',0),(653,141,55,1,'0.00',0),(654,141,58,1,'0.00',0),(655,141,61,1,'0.00',0),(656,141,64,1,'0.00',0),(657,141,67,1,'0.00',0),(658,141,70,1,'0.00',0),(659,141,73,1,'0.00',0),(660,141,76,1,'0.00',0),(661,141,79,1,'0.00',0),(662,141,82,1,'0.00',0),(663,141,85,1,'0.00',0),(664,149,31,1,'0.00',1),(665,153,33,1,'7.00',1),(666,153,36,1,'7.00',1),(667,153,39,1,'7.00',0),(668,153,42,1,'0.00',0),(669,153,45,1,'0.00',0),(670,153,48,1,'0.00',0),(671,153,51,1,'0.00',0),(672,153,54,1,'0.00',0),(673,153,57,1,'0.00',0),(674,153,60,1,'0.00',0),(675,153,63,1,'0.00',0),(676,153,66,1,'0.00',0),(677,153,69,1,'0.00',0),(678,153,72,1,'0.00',0),(679,153,75,1,'0.00',0),(680,153,78,1,'0.00',0),(681,153,81,1,'0.00',0),(682,153,84,1,'0.00',0),(683,153,30,1,'7.00',1),(684,158,34,1,'0.00',1),(685,158,37,1,'0.00',1),(686,158,40,1,'0.00',0),(687,158,43,1,'0.00',0),(688,158,46,1,'0.00',0),(689,158,49,1,'0.00',0),(690,158,52,1,'0.00',0),(691,158,55,1,'0.00',0),(692,158,58,1,'0.00',0),(693,158,61,1,'0.00',0),(694,158,64,1,'0.00',0),(695,158,67,1,'0.00',0),(696,158,70,1,'0.00',0),(697,158,73,1,'0.00',0),(698,158,76,1,'0.00',0),(699,158,79,1,'0.00',0),(700,158,82,1,'0.00',0),(701,158,85,1,'0.00',0),(702,158,28,1,'0.00',0),(703,167,34,1,'0.00',1),(704,167,37,1,'0.00',1),(705,167,40,1,'0.00',0),(706,167,43,1,'0.00',0),(707,167,46,1,'0.00',0),(708,167,49,1,'0.00',0),(709,167,52,1,'0.00',0),(710,167,55,1,'0.00',0),(711,167,58,1,'0.00',0),(712,167,61,1,'0.00',0),(713,167,64,1,'0.00',0),(714,167,67,1,'0.00',0),(715,167,70,1,'0.00',0),(716,167,73,1,'0.00',0),(717,167,76,1,'0.00',0),(718,167,79,1,'0.00',0),(719,167,82,1,'0.00',0),(720,167,85,1,'0.00',0),(722,171,35,1,'7.00',2),(723,171,38,1,'7.00',2),(724,171,41,1,'7.00',0),(725,171,44,1,'0.00',0),(726,171,47,1,'0.00',0),(727,171,50,1,'0.00',0),(728,171,53,1,'0.00',0),(729,171,56,1,'0.00',0),(730,171,59,1,'0.00',0),(731,171,62,1,'0.00',0),(732,171,65,1,'0.00',0),(733,171,68,1,'0.00',0),(734,171,71,1,'0.00',0),(735,171,32,1,'7.00',1),(736,174,35,1,'0.00',1),(737,174,38,1,'0.00',1),(738,174,41,1,'0.00',0),(739,174,44,1,'0.00',0),(740,174,47,1,'0.00',0),(741,174,50,1,'0.00',0),(742,174,53,1,'0.00',0),(743,174,56,1,'0.00',0),(744,174,59,1,'0.00',0),(745,174,62,1,'0.00',0),(746,174,65,1,'0.00',0),(747,174,68,1,'0.00',0),(748,174,71,1,'0.00',0),(749,174,74,1,'0.00',0),(750,174,77,1,'0.00',0),(751,174,80,1,'0.00',0),(752,174,83,1,'0.00',0),(753,174,86,1,'0.00',0),(754,174,32,1,'0.00',1),(755,184,30,1,'0.00',1),(756,185,35,1,'7.00',2),(757,185,38,1,'7.00',1),(758,185,41,1,'7.00',0),(759,185,44,1,'0.00',0),(760,185,47,1,'0.00',0),(761,185,50,1,'0.00',0),(762,185,53,1,'0.00',0),(763,185,56,1,'0.00',0),(764,185,59,1,'0.00',0),(765,185,62,1,'0.00',0),(766,185,65,1,'0.00',0),(767,185,68,1,'0.00',0),(768,185,71,1,'0.00',0),(769,185,32,1,'7.00',2),(770,187,34,1,'0.00',1),(771,187,37,1,'0.00',1),(772,187,40,1,'0.00',0),(773,187,43,1,'0.00',0),(774,187,46,1,'0.00',0),(775,187,49,1,'0.00',0),(776,187,52,1,'0.00',0),(777,187,55,1,'0.00',0),(778,187,58,1,'0.00',0),(779,187,61,1,'0.00',0),(780,187,64,1,'0.00',0),(781,187,67,1,'0.00',0),(782,187,70,1,'0.00',0),(783,191,31,1,'0.00',1),(784,195,33,1,'0.00',1),(785,195,36,1,'0.00',1),(786,195,39,1,'0.00',0),(787,195,42,1,'0.00',0),(788,195,45,1,'0.00',0),(789,195,48,1,'0.00',0),(790,195,51,1,'0.00',0),(791,195,54,1,'0.00',0),(792,195,57,1,'0.00',0),(793,195,60,1,'0.00',0),(794,195,63,1,'0.00',0),(795,195,66,1,'0.00',0),(796,195,69,1,'0.00',0),(797,195,72,1,'0.00',0),(798,195,75,1,'0.00',0),(799,195,78,1,'0.00',0),(800,195,81,1,'0.00',0),(801,195,84,1,'0.00',0),(802,195,30,1,'0.00',1),(803,206,35,1,'7.00',1),(804,206,38,1,'7.00',1),(805,206,41,1,'7.00',0),(806,206,44,1,'0.00',0),(807,206,47,1,'0.00',0),(808,206,50,1,'0.00',0),(809,206,53,1,'0.00',0),(810,206,56,1,'0.00',0),(811,206,59,1,'0.00',0),(812,206,62,1,'0.00',0),(813,206,65,1,'0.00',0),(814,206,68,1,'0.00',0),(815,206,71,1,'0.00',0),(816,206,32,1,'7.00',1),(819,212,40,1,'0.00',0),(820,212,43,1,'0.00',0),(821,212,46,1,'0.00',0),(822,212,49,1,'0.00',0),(823,212,52,1,'0.00',0),(824,212,55,1,'0.00',0),(825,212,58,1,'0.00',0),(826,212,61,1,'0.00',0),(827,212,64,1,'0.00',0),(828,212,67,1,'0.00',0),(829,212,70,1,'0.00',0),(830,212,73,1,'0.00',0),(831,212,76,1,'0.00',0),(832,212,79,1,'0.00',0),(833,212,82,1,'0.00',0),(834,212,85,1,'0.00',0),(835,217,30,1,'7.00',1),(836,218,32,1,'0.00',2),(837,221,35,1,'0.00',1),(838,221,38,1,'0.00',1),(839,221,41,1,'0.00',0),(840,221,44,1,'0.00',0),(841,221,47,1,'0.00',0),(842,221,50,1,'0.00',0),(843,221,53,1,'0.00',0),(844,221,56,1,'0.00',0),(845,221,59,1,'0.00',0),(846,221,62,1,'0.00',0),(847,221,65,1,'0.00',0),(848,221,68,1,'0.00',0),(849,221,71,1,'0.00',0),(850,221,32,1,'0.00',1),(851,225,32,1,'0.00',1),(852,225,38,1,'0.00',1),(853,225,44,1,'0.00',0),(854,225,50,1,'0.00',0),(855,225,56,1,'0.00',0),(856,225,62,1,'0.00',0),(857,227,30,1,'0.00',1),(858,231,34,1,'0.00',1),(859,231,37,1,'0.00',1),(860,231,40,1,'0.00',0),(861,231,43,1,'0.00',0),(862,231,46,1,'0.00',0),(863,231,49,1,'0.00',0),(864,231,52,1,'0.00',0),(865,231,55,1,'0.00',0),(866,231,58,1,'0.00',0),(867,231,61,1,'0.00',0),(868,231,64,1,'0.00',0),(869,231,67,1,'0.00',0),(870,231,70,1,'0.00',0),(871,231,31,1,'0.00',1),(872,236,34,1,'7.00',1),(873,236,37,1,'7.00',1),(874,236,40,1,'7.00',0),(875,236,43,1,'0.00',0),(876,236,46,1,'0.00',0),(877,236,49,1,'0.00',0),(878,236,52,1,'0.00',0),(879,236,55,1,'0.00',0),(880,236,58,1,'0.00',0),(881,236,61,1,'0.00',0),(882,236,64,1,'0.00',0),(883,236,67,1,'0.00',0),(884,236,70,1,'0.00',0),(885,236,31,1,'7.00',1),(886,241,30,1,'0.00',1),(887,186,34,1,'0.00',1),(888,186,37,1,'0.00',1),(889,186,40,1,'0.00',0),(890,186,43,1,'0.00',0),(891,186,46,1,'0.00',0),(892,186,49,1,'0.00',0),(893,186,52,1,'0.00',0),(894,186,55,1,'0.00',0),(895,186,58,1,'0.00',0),(896,186,61,1,'0.00',0),(897,186,64,1,'0.00',0),(898,186,67,1,'0.00',0),(899,186,70,1,'0.00',0),(900,186,31,1,'0.00',1),(901,251,30,1,'7.00',1),(902,252,30,1,'0.00',1),(903,258,35,1,'7.00',1),(904,260,30,1,'7.00',1),(905,261,30,1,'0.00',1),(906,262,31,1,'7.00',1),(907,263,30,1,'0.00',1),(908,265,31,1,'0.00',1),(909,264,30,1,'0.00',1),(910,266,30,1,'0.00',1),(911,158,31,1,'0.00',1),(912,254,32,1,'0.00',1),(913,202,30,1,'0.00',1),(914,253,34,1,'7.00',2),(915,253,37,1,'7.00',2),(916,253,40,1,'7.00',0),(917,253,43,1,'7.00',0),(918,253,31,1,'7.00',2),(919,255,32,1,'7.00',1),(920,123,30,1,'0.00',1),(921,123,31,1,'0.00',1),(922,26,31,1,'7.00',1),(923,240,31,1,'0.00',1),(924,267,31,1,'0.00',2),(925,143,31,1,'0.00',1),(926,20,30,1,'0.00',1),(927,35,30,1,'0.00',1),(928,77,30,1,'0.00',1),(929,94,31,1,'0.00',1),(930,141,31,1,'0.00',1),(931,145,31,1,'0.00',1),(932,145,34,1,'0.00',1),(933,145,37,1,'0.00',1),(934,145,40,1,'0.00',0),(935,145,43,1,'0.00',0),(936,145,46,1,'0.00',0),(937,145,49,1,'0.00',0),(938,145,52,1,'0.00',0),(939,145,55,1,'0.00',0),(940,145,58,1,'0.00',0),(941,145,61,1,'0.00',0),(942,145,64,1,'0.00',0),(943,145,67,1,'0.00',0),(944,145,70,1,'0.00',0),(945,145,73,1,'0.00',0),(946,168,30,1,'0.00',1),(947,207,30,1,'0.00',1),(948,268,31,1,'0.00',1),(949,269,30,1,'0.00',1),(950,35,33,1,'0.00',1),(951,268,34,1,'0.00',1),(952,123,34,1,'0.00',1),(954,149,37,1,'0.00',1),(955,168,33,1,'0.00',1),(956,266,33,1,'0.00',1),(958,207,33,1,'0.00',1),(964,263,33,1,'0.00',1),(965,227,33,1,'0.00',1),(966,94,43,1,'0.00',0),(967,20,33,1,'0.00',1),(969,159,35,1,'7.00',1),(970,248,34,1,'7.00',2),(971,259,33,1,'7.00',1),(972,33,34,1,'7.00',1),(973,117,35,1,'7.00',2),(974,251,33,1,'7.00',1),(975,205,33,1,'7.00',1),(976,256,33,1,'7.00',2),(977,37,35,1,'0.00',2),(978,37,38,1,'0.00',1),(979,249,33,1,'0.00',1),(980,47,33,1,'0.00',1),(981,64,34,1,'0.00',1),(982,70,38,1,'0.00',1),(983,70,41,1,'0.00',0),(984,70,44,1,'0.00',0),(985,70,47,1,'0.00',0),(986,70,50,1,'0.00',0),(987,70,53,1,'0.00',0),(988,70,56,1,'0.00',0),(989,70,59,1,'0.00',0),(990,70,62,1,'0.00',0),(991,70,65,1,'0.00',0),(992,70,68,1,'0.00',0),(993,70,71,1,'0.00',0),(994,70,74,1,'0.00',0),(995,70,35,1,'0.00',1),(996,84,34,1,'0.00',1),(997,116,35,1,'0.00',1),(998,162,34,1,'0.00',1),(999,162,40,1,'0.00',0),(1000,162,46,1,'0.00',0),(1001,162,52,1,'0.00',0),(1002,162,58,1,'0.00',0),(1003,162,64,1,'0.00',0),(1004,191,34,1,'0.00',1),(1005,247,33,1,'0.00',1),(1006,257,37,1,'7.00',2),(1007,257,40,1,'7.00',0),(1008,257,43,1,'7.00',0),(1009,257,46,1,'7.00',0),(1010,257,49,1,'7.00',0),(1011,257,52,1,'7.00',0),(1012,257,55,1,'7.00',0),(1013,257,58,1,'7.00',0),(1014,257,61,1,'7.00',0),(1015,257,64,1,'7.00',0),(1016,257,67,1,'7.00',0),(1017,257,70,1,'7.00',0),(1018,257,73,1,'7.00',0),(1019,257,34,1,'7.00',2),(1020,40,36,1,'7.00',2),(1021,40,39,1,'7.00',0),(1022,40,42,1,'7.00',0),(1023,40,45,1,'7.00',0),(1024,40,48,1,'7.00',0),(1025,40,51,1,'7.00',0),(1026,40,54,1,'7.00',0),(1027,40,57,1,'7.00',0),(1028,40,60,1,'7.00',0),(1029,40,63,1,'7.00',0),(1030,40,66,1,'7.00',0),(1031,40,69,1,'7.00',0),(1032,40,72,1,'7.00',0),(1033,40,33,1,'7.00',2),(1034,136,36,1,'7.00',2),(1035,136,39,1,'7.00',0),(1036,136,42,1,'7.00',0),(1037,136,45,1,'7.00',0),(1038,136,33,1,'7.00',2),(1039,101,73,1,'7.00',0),(1040,101,34,1,'7.00',2),(1041,262,37,1,'7.00',1),(1042,262,40,1,'7.00',0),(1043,262,43,1,'7.00',0),(1044,262,46,1,'7.00',0),(1045,262,49,1,'7.00',0),(1046,262,52,1,'7.00',0),(1047,262,55,1,'7.00',0),(1048,262,58,1,'7.00',0),(1049,262,61,1,'7.00',0),(1050,262,64,1,'7.00',0),(1051,262,67,1,'7.00',0),(1052,262,70,1,'7.00',0),(1053,262,73,1,'7.00',0),(1054,262,34,1,'7.00',1),(1055,80,37,1,'0.00',1),(1056,80,40,1,'0.00',0),(1057,80,43,1,'0.00',0),(1058,80,46,1,'0.00',0),(1059,80,49,1,'0.00',0),(1060,80,52,1,'0.00',0),(1061,80,55,1,'0.00',0),(1062,80,58,1,'0.00',0),(1063,80,61,1,'0.00',0),(1064,80,64,1,'0.00',0),(1065,80,67,1,'0.00',0),(1066,80,70,1,'0.00',0),(1067,80,73,1,'0.00',0),(1068,80,76,1,'0.00',0),(1069,80,79,1,'0.00',0),(1070,80,82,1,'0.00',0),(1071,80,85,1,'0.00',0),(1073,256,36,1,'7.00',2),(1074,256,39,1,'7.00',0),(1075,256,42,1,'7.00',0),(1076,256,45,1,'7.00',0),(1077,256,48,1,'7.00',0),(1078,256,51,1,'7.00',0),(1079,256,54,1,'7.00',0),(1080,256,57,1,'7.00',0),(1081,256,60,1,'7.00',0),(1082,256,63,1,'7.00',0),(1083,256,66,1,'7.00',0),(1084,256,69,1,'7.00',0),(1085,256,72,1,'7.00',0),(1086,104,37,1,'7.00',2),(1087,104,40,1,'7.00',0),(1088,104,43,1,'7.00',0),(1089,104,46,1,'7.00',0),(1090,104,49,1,'7.00',0),(1091,104,52,1,'7.00',0),(1092,104,55,1,'7.00',0),(1093,104,58,1,'7.00',0),(1094,104,61,1,'7.00',0),(1095,104,64,1,'7.00',0),(1096,104,67,1,'7.00',0),(1097,104,70,1,'7.00',0),(1098,104,73,1,'7.00',0),(1099,104,34,1,'7.00',2),(1100,44,37,1,'0.00',2),(1101,44,40,1,'0.00',0),(1102,44,43,1,'0.00',0),(1103,44,46,1,'0.00',0),(1104,44,49,1,'0.00',0),(1105,44,52,1,'0.00',0),(1106,44,55,1,'0.00',0),(1107,44,58,1,'0.00',0),(1108,44,61,1,'0.00',0),(1109,44,64,1,'0.00',0),(1110,44,67,1,'0.00',0),(1111,44,70,1,'0.00',0),(1112,44,73,1,'0.00',0),(1113,44,34,1,'0.00',2),(1114,83,37,1,'0.00',1),(1115,83,40,1,'0.00',0),(1116,83,43,1,'0.00',0),(1117,83,46,1,'0.00',0),(1118,83,34,1,'0.00',1),(1119,99,37,1,'0.00',1),(1120,99,40,1,'0.00',0),(1121,99,43,1,'0.00',0),(1122,99,46,1,'0.00',0),(1123,99,49,1,'0.00',0),(1124,99,52,1,'0.00',0),(1125,99,55,1,'0.00',0),(1126,99,58,1,'0.00',0),(1127,99,61,1,'0.00',0),(1128,99,64,1,'0.00',0),(1129,99,67,1,'0.00',0),(1130,99,70,1,'0.00',0),(1131,99,73,1,'0.00',0),(1132,99,34,1,'0.00',1),(1133,129,37,1,'0.00',1),(1134,184,36,1,'0.00',1),(1135,184,39,1,'0.00',0),(1136,184,42,1,'0.00',0),(1137,184,45,1,'0.00',0),(1138,184,48,1,'0.00',0),(1139,184,51,1,'0.00',0),(1140,184,54,1,'0.00',0),(1141,184,57,1,'0.00',0),(1142,184,60,1,'0.00',0),(1143,184,63,1,'0.00',0),(1144,184,66,1,'0.00',0),(1145,184,69,1,'0.00',0),(1146,184,72,1,'0.00',0),(1147,184,33,1,'0.00',1),(1148,218,38,1,'0.00',2),(1149,218,41,1,'0.00',0),(1150,218,44,1,'0.00',0),(1151,218,47,1,'0.00',0),(1152,218,35,1,'0.00',2),(1153,271,36,1,'7.00',2),(1154,271,39,1,'7.00',0),(1155,271,42,1,'7.00',0),(1156,271,45,1,'7.00',0),(1157,271,48,1,'7.00',0),(1158,271,51,1,'7.00',0),(1159,271,54,1,'7.00',0),(1160,271,57,1,'7.00',0),(1161,271,60,1,'7.00',0),(1162,271,63,1,'7.00',0),(1163,271,66,1,'7.00',0),(1164,271,69,1,'7.00',0),(1165,271,72,1,'7.00',0),(1166,271,33,1,'7.00',1),(1167,281,38,1,'7.00',2),(1168,281,41,1,'7.00',0),(1169,281,44,1,'7.00',0),(1170,281,47,1,'7.00',0),(1171,281,50,1,'7.00',0),(1172,281,53,1,'7.00',0),(1173,281,56,1,'7.00',0),(1174,281,59,1,'7.00',0),(1175,281,62,1,'7.00',0),(1176,281,65,1,'7.00',0),(1177,281,68,1,'7.00',0),(1178,281,71,1,'7.00',0),(1179,281,74,1,'7.00',0),(1180,281,35,1,'7.00',1),(1181,280,38,1,'7.00',2),(1182,280,41,1,'7.00',0),(1183,280,44,1,'7.00',0),(1184,280,47,1,'7.00',0),(1185,280,50,1,'7.00',0),(1186,280,53,1,'7.00',0),(1187,280,56,1,'7.00',0),(1188,280,59,1,'7.00',0),(1189,280,62,1,'7.00',0),(1190,280,65,1,'7.00',0),(1191,280,68,1,'7.00',0),(1192,280,71,1,'7.00',0),(1193,280,74,1,'7.00',0),(1194,280,35,1,'7.00',1),(1195,279,33,1,'0.00',2),(1196,278,34,1,'7.00',1),(1197,277,34,1,'7.00',1),(1198,275,33,1,'7.00',1),(1199,275,33,1,'7.00',1),(1200,276,33,1,'7.00',1),(1201,274,34,1,'7.00',1),(1202,273,33,1,'7.00',1),(1203,272,33,1,'7.00',1),(1204,270,34,1,'7.00',2),(1205,26,34,1,'7.00',1),(1206,282,34,1,'7.00',1),(1207,283,34,1,'7.00',1),(1208,212,34,1,'0.00',1),(1213,240,48,1,'0.00',0),(1215,80,33,1,'0.00',1),(1216,35,36,1,'0.00',1),(1217,249,36,1,'0.00',1),(1218,170,37,1,'0.00',1),(1219,170,40,1,'0.00',0),(1220,170,43,1,'0.00',0),(1221,170,46,1,'0.00',0),(1222,170,49,1,'0.00',0),(1223,170,52,1,'0.00',0),(1224,170,55,1,'0.00',0),(1225,170,58,1,'0.00',0),(1226,170,61,1,'0.00',0),(1227,170,64,1,'0.00',0),(1228,170,67,1,'0.00',0),(1229,170,70,1,'0.00',0),(1230,170,73,1,'0.00',0),(1231,170,76,1,'0.00',0),(1232,168,36,1,'0.00',1),(1233,168,39,1,'0.00',0),(1234,168,42,1,'0.00',0),(1235,168,45,1,'0.00',0),(1236,168,48,1,'0.00',0),(1237,124,40,1,'0.00',0),(1238,124,43,1,'0.00',0),(1239,124,46,1,'0.00',0),(1240,124,49,1,'0.00',0),(1241,124,37,1,'0.00',1),(1242,124,52,1,'0.00',0),(1243,124,55,1,'0.00',0),(1244,124,58,1,'0.00',0),(1245,124,61,1,'0.00',0),(1246,124,64,1,'0.00',0),(1247,124,67,1,'0.00',0),(1248,124,70,1,'0.00',0),(1249,124,73,1,'0.00',0),(1250,124,76,1,'0.00',0),(1251,123,40,1,'0.00',0),(1252,123,43,1,'0.00',0),(1253,123,46,1,'0.00',0),(1254,123,49,1,'0.00',0),(1255,123,37,1,'0.00',1),(1256,68,36,1,'0.00',1),(1257,22,37,1,'0.00',1),(1258,6,37,1,'7.00',1),(1259,6,37,1,'7.00',1),(1260,250,38,1,'7.00',1),(1261,269,36,1,'0.00',2),(1262,116,38,1,'0.00',1),(1263,21,37,1,'0.00',1),(1264,159,38,1,'7.00',1),(1265,201,38,1,'0.00',1),(1266,252,36,1,'0.00',1),(1267,108,37,1,'0.00',1),(1268,60,36,1,'0.00',1),(1269,272,36,1,'7.00',1),(1270,241,36,1,'0.00',1),(1271,270,40,1,'7.00',0),(1272,270,43,1,'7.00',0),(1273,270,46,1,'7.00',0),(1274,270,49,1,'7.00',0),(1275,270,37,1,'7.00',1),(1276,266,40,1,'0.00',0),(1277,266,43,1,'0.00',0),(1278,266,46,1,'0.00',0),(1279,266,49,1,'0.00',0),(1280,143,37,1,'0.00',1),(1281,286,36,1,'0.00',1),(1282,287,38,1,'7.00',1),(1283,288,38,1,'7.00',1),(1284,289,37,1,'0.00',1),(1285,290,37,1,'7.00',1),(1286,285,37,1,'7.00',1),(1287,284,39,1,'7.00',0),(1288,284,42,1,'7.00',0),(1289,284,45,1,'7.00',0),(1290,284,48,1,'7.00',0),(1291,284,36,1,'7.00',1),(1292,285,40,1,'7.00',0),(1293,285,43,1,'7.00',0),(1294,285,46,1,'7.00',0),(1295,285,49,1,'7.00',0),(1296,240,37,1,'0.00',1);
/*!40000 ALTER TABLE `customer_boxes` ENABLE KEYS */;
UNLOCK TABLES;

--
-- Table structure for table `customer_payments`
--

DROP TABLE IF EXISTS `customer_payments`;
/*!40101 SET @saved_cs_client     = @@character_set_client */;
/*!40101 SET character_set_client = utf8 */;
CREATE TABLE `customer_payments` (
  `payment_id` int(11) NOT NULL AUTO_INCREMENT,
  `payment_value` decimal(7,2) DEFAULT NULL,
  `payment_type` varchar(45) DEFAULT NULL,
  `payment_date` datetime DEFAULT NULL,
  `customer_id` int(11) DEFAULT NULL,
  `staff_id` int(11) NOT NULL,
  `payment_note` text NOT NULL,
  PRIMARY KEY (`payment_id`),
  KEY `customer_id` (`customer_id`),
  KEY `fk_Customer_Payments` (`customer_id`),
  CONSTRAINT `customer_payments_ibfk_1` FOREIGN KEY (`customer_id`) REFERENCES `customers` (`customer_id`) ON DELETE NO ACTION ON UPDATE NO ACTION
) ENGINE=InnoDB AUTO_INCREMENT=558 DEFAULT CHARSET=latin1;
/*!40101 SET character_set_client = @saved_cs_client */;

--
-- Dumping data for table `customer_payments`
--

LOCK TABLES `customer_payments` WRITE;
/*!40000 ALTER TABLE `customer_payments` DISABLE KEYS */;
INSERT INTO `customer_payments` (`payment_id`, `payment_value`, `payment_type`, `payment_date`, `customer_id`, `staff_id`, `payment_note`) VALUES (54,'20.00','CASH','2012-09-18 00:00:00',5,1,'previous deposit'),(55,'30.00','CASH','2012-09-18 00:00:00',44,1,'previous deposit'),(56,'20.00','CASH','2012-09-18 00:00:00',195,1,'previous deposit\r\n'),(57,'20.00','CASH','2012-09-18 00:00:00',80,1,'previous deposit'),(58,'30.00','CASH','2012-09-18 00:00:00',149,1,'previous deposit'),(59,'47.00','CASH','2012-09-18 00:00:00',217,1,'previous deposit'),(60,'30.00','CASH','2012-09-18 00:00:00',167,1,'previous deposit'),(61,'7.00','CASH','2012-09-18 00:00:00',103,1,'previous deposit'),(62,'100.00','CASH','2012-09-18 00:00:00',21,1,'2 weeks'),(63,'27.00','CASH','2012-09-18 00:00:00',125,1,'previous deposit'),(64,'20.00','CASH','2012-09-18 00:00:00',220,1,'previous deposit'),(65,'60.00','CASH','2012-09-18 00:00:00',83,1,'previous deposit'),(66,'20.00','CASH','2012-09-18 00:00:00',118,1,'previous deposit'),(67,'30.00','CASH','2012-09-18 00:00:00',34,1,'previous deposit'),(68,'20.00','CASH','2012-09-18 00:00:00',66,1,'previous deposit'),(69,'20.00','CASH','2012-09-18 00:00:00',211,1,'previous deposit'),(70,'20.00','CASH','2012-09-18 00:00:00',94,1,'previous deposit'),(71,'37.00','CASH','2012-09-18 00:00:00',33,1,'previous deposit'),(72,'30.00','CASH','2012-09-18 00:00:00',162,1,'previous deposit'),(73,'50.00','CASH','2012-09-18 00:00:00',27,1,'previous deposit'),(74,'60.00','CASH','2012-09-18 00:00:00',10,1,'previous deposit'),(75,'60.00','CASH','2012-09-18 00:00:00',212,1,'previous deposit'),(76,'30.00','CASH','2012-09-18 00:00:00',191,1,'previous deposit'),(77,'30.00','CASH','2012-09-18 00:00:00',6,1,'previous deposit'),(78,'37.00','CASH','2012-09-18 00:00:00',17,1,'previous deposit'),(79,'30.00','CASH','2012-09-18 00:00:00',213,1,'previous deposit'),(80,'57.00','CASH','2012-09-18 00:00:00',159,1,'previous deposit'),(81,'20.00','CASH','2012-09-18 00:00:00',78,1,'previous deposit'),(82,'30.00','CASH','2012-09-18 00:00:00',198,1,'previous deposit'),(83,'30.00','CASH','2012-09-18 00:00:00',49,1,'previous deposit'),(84,'20.00','CASH','2012-09-18 00:00:00',29,1,'previous deposit'),(85,'20.00','CASH','2012-09-18 00:00:00',61,1,'previous deposit'),(86,'30.00','CASH','2012-09-18 00:00:00',170,1,'previous deposit'),(87,'50.00','CASH','2012-09-18 00:00:00',116,1,'previous deposit'),(88,'100.00','CASH','2012-09-18 00:00:00',70,1,'previous deposit'),(89,'20.00','CASH','2012-09-18 00:00:00',82,1,'previous deposit'),(90,'30.00','CASH','2012-09-18 00:00:00',7,1,'previous deposit'),(91,'20.00','CASH','2012-09-18 00:00:00',81,1,'previous deposit'),(92,'37.00','CASH','2012-09-18 00:00:00',233,1,'previous deposit'),(93,'23.00','CASH','2012-09-18 00:00:00',112,1,'previous deposit'),(94,'57.00','CASH','2012-09-18 00:00:00',107,1,'previous deposit'),(95,'50.00','CASH','2012-09-18 00:00:00',221,1,'previous deposit'),(96,'30.00','CASH','2012-09-18 00:00:00',176,1,'previous deposit'),(97,'20.00','CASH','2012-09-18 00:00:00',241,1,'previous deposit'),(98,'30.00','CASH','2012-09-18 00:00:00',144,1,'previous deposit'),(99,'30.00','CASH','2012-09-18 00:00:00',84,1,'previous deposit'),(100,'30.00','CASH','2012-09-18 00:00:00',111,1,'previous deposit'),(101,'50.00','CASH','2012-09-18 00:00:00',120,1,'previous deposit'),(102,'7.00','CASH','2012-09-18 00:00:00',101,1,'previous deposit'),(103,'50.00','CASH','2012-09-18 00:00:00',204,1,'previous deposit'),(104,'13.00','CASH','2012-09-18 00:00:00',114,1,'previous deposit'),(105,'20.00','CASH','2012-09-18 00:00:00',189,1,'previous deposit'),(106,'20.00','CASH','2012-09-18 00:00:00',182,1,'previous deposit'),(107,'30.00','CASH','2012-09-18 00:00:00',235,1,'previous deposit'),(108,'50.00','CASH','2012-09-18 00:00:00',52,1,'previous deposit'),(109,'50.00','CASH','2012-09-18 00:00:00',193,1,'previous deposit'),(110,'30.00','CASH','2012-09-18 00:00:00',14,1,'previous deposit'),(111,'30.00','CASH','2012-09-18 00:00:00',92,1,'previous deposit'),(112,'30.00','CASH','2012-09-18 00:00:00',18,1,'previous deposit'),(113,'50.00','CASH','2012-09-18 00:00:00',8,1,'previous deposit'),(114,'30.00','CASH','2012-09-18 00:00:00',135,1,'previous deposit'),(115,'30.00','CASH','2012-09-18 00:00:00',194,1,'previous deposit'),(116,'50.00','CASH','2012-09-18 00:00:00',64,1,'previous deposit'),(117,'20.00','CASH','2012-09-18 00:00:00',127,1,'previous deposit'),(118,'57.00','CASH','2012-09-18 00:00:00',130,1,'previous deposit'),(119,'30.00','CASH','2012-09-18 00:00:00',187,1,'previous deposit'),(120,'50.00','CASH','2012-09-18 00:00:00',225,1,'previous deposit'),(121,'44.00','CASH','2012-09-18 00:00:00',236,1,'previous deposit'),(122,'30.00','CASH','2012-09-18 00:00:00',126,1,'previous deposit'),(123,'30.00','CASH','2012-09-18 00:00:00',79,1,'previous deposit'),(124,'20.00','CASH','2012-09-18 00:00:00',177,1,'previous deposit'),(125,'36.00','CASH','2012-09-18 00:00:00',98,1,'previous deposit'),(126,'50.00','CASH','2012-09-18 00:00:00',139,1,'previous deposit'),(127,'30.00','CASH','2012-09-18 00:00:00',108,1,'previous deposit'),(128,'30.00','CASH','2012-09-18 00:00:00',163,1,'previous deposit'),(129,'60.00','CASH','2012-09-18 00:00:00',31,1,'previous deposit'),(130,'30.00','CASH','2012-09-18 00:00:00',154,1,'previous deposit'),(131,'20.00','CASH','2012-09-18 00:00:00',247,1,'previous deposit'),(132,'23.00','CASH','2012-09-18 00:00:00',248,1,'previous deposit'),(133,'20.00','CASH','2012-09-18 00:00:00',249,1,'previous deposit'),(134,'30.00','CASH','2012-09-18 00:00:00',250,1,'previous deposit'),(136,'0.00','BT','2012-09-14 00:00:00',167,1,''),(137,'30.00','BT','2012-09-14 00:00:00',51,1,''),(138,'30.00','BT','2012-09-14 00:00:00',31,1,''),(139,'20.00','BT','2012-09-14 00:00:00',90,1,''),(140,'27.00','BT','2012-09-15 00:00:00',76,1,''),(141,'37.00','BT','2012-09-17 00:00:00',79,1,''),(142,'114.00','BT','2012-09-17 00:00:00',130,1,''),(143,'30.00','BT','2012-09-17 00:00:00',83,1,''),(144,'20.00','BT','2012-09-18 00:00:00',41,1,''),(145,'20.00','BT','2012-09-18 00:00:00',80,1,''),(146,'57.00','BT','2012-09-18 00:00:00',107,1,''),(147,'50.00','BT','2012-09-19 00:00:00',52,1,''),(148,'30.00','BT','2012-09-19 00:00:00',14,1,''),(149,'20.00','BT','2012-09-19 00:00:00',195,1,''),(150,'50.00','BT','2012-09-19 00:00:00',225,1,''),(151,'30.00','BT','2012-09-19 00:00:00',149,1,''),(152,'30.00','BT','2012-09-19 00:00:00',84,1,''),(153,'27.00','BT','2012-09-19 00:00:00',236,1,''),(154,'20.00','BT','2012-09-19 00:00:00',61,1,''),(155,'20.00','BT','2012-09-19 00:00:00',202,1,''),(156,'30.00','BT','2012-09-19 00:00:00',36,1,''),(157,'30.00','BT','2012-09-19 00:00:00',49,1,''),(158,'30.00','BT','2012-09-19 00:00:00',7,1,''),(159,'20.00','BT','2012-09-20 00:00:00',227,1,''),(160,'20.00','BT','2012-09-20 00:00:00',138,1,''),(161,'57.00','BT','2012-09-20 00:00:00',117,1,''),(162,'20.00','BT','2012-09-20 00:00:00',29,1,''),(163,'30.00','BT','2012-09-20 00:00:00',51,1,''),(164,'20.00','BT','2012-09-20 00:00:00',184,1,''),(165,'30.00','BT','2012-09-20 00:00:00',73,1,''),(166,'30.00','BT','2012-09-20 00:00:00',191,1,''),(167,'30.00','BT','2012-09-20 00:00:00',129,1,''),(168,'27.00','BT','2012-09-20 00:00:00',153,1,''),(169,'57.00','BT','2012-09-20 00:00:00',171,1,''),(170,'50.00','BT','2012-09-20 00:00:00',221,1,''),(171,'30.00','BT','2012-09-20 00:00:00',67,1,''),(172,'30.00','BT','2012-09-20 00:00:00',147,1,''),(173,'57.00','BT','2012-09-20 00:00:00',206,1,'loan repayment'),(174,'57.00','BT','2012-09-14 00:00:00',255,1,''),(175,'57.00','BT','2012-09-14 00:00:00',258,1,''),(176,'50.00','BT','2012-09-19 00:00:00',254,1,''),(177,'20.00','BT','2012-09-19 00:00:00',259,1,'\'deposit\''),(178,'27.00','BT','2012-09-19 00:00:00',259,1,''),(179,'40.00','BT','2012-09-20 00:00:00',252,1,''),(180,'27.00','BT','2012-09-20 00:00:00',251,1,''),(181,'-20.00','DEBIT','2012-09-22 10:58:26',29,1,'1 x Small Box @ $20.00'),(182,'-20.00','DEBIT','2012-09-22 10:58:27',41,1,'1 x Small Box @ $20.00'),(183,'-20.00','DEBIT','2012-09-22 10:58:27',61,1,'1 x Small Box @ $20.00'),(184,'-27.00','DEBIT','2012-09-22 10:58:27',76,1,'1 x Small Box @ $20.00'),(185,'-20.00','DEBIT','2012-09-22 10:58:28',138,1,'1 x Small Box @ $20.00'),(186,'-27.00','DEBIT','2012-09-22 10:58:28',153,1,'1 x Small Box @ $20.00 + $7.00 Delivery'),(187,'-20.00','DEBIT','2012-09-22 10:58:28',184,1,'1 x Small Box @ $20.00'),(188,'-20.00','DEBIT','2012-09-22 10:58:28',195,1,'1 x Small Box @ $20.00'),(189,'-27.00','DEBIT','2012-09-22 10:58:28',217,1,'1 x Small Box @ $20.00 + $7.00 Delivery'),(190,'-20.00','DEBIT','2012-09-22 10:58:29',227,1,'1 x Small Box @ $20.00'),(191,'-20.00','DEBIT','2012-09-22 10:58:29',241,1,'1 x Small Box @ $20.00'),(192,'-27.00','DEBIT','2012-09-22 10:58:29',251,1,'1 x Small Box @ $20.00 + $7.00 Delivery'),(193,'-20.00','DEBIT','2012-09-22 10:58:29',252,1,'1 x Small Box @ $20.00'),(194,'-30.00','DEBIT','2012-09-22 10:58:29',31,1,'1 x Medium Box @ $30.00'),(195,'-30.00','DEBIT','2012-09-22 10:58:30',7,1,'1 x Medium Box @ $30.00'),(196,'-30.00','DEBIT','2012-09-22 10:58:30',10,1,'1 x Medium Box @ $30.00'),(197,'-30.00','DEBIT','2012-09-22 10:58:30',14,1,'1 x Medium Box @ $30.00'),(198,'-30.00','DEBIT','2012-09-22 10:58:30',36,1,'1 x Medium Box @ $30.00'),(199,'-30.00','DEBIT','2012-09-22 10:58:31',44,1,'1 x Medium Box @ $30.00'),(200,'-30.00','DEBIT','2012-09-22 10:58:31',49,1,'1 x Medium Box @ $30.00'),(201,'-30.00','DEBIT','2012-09-22 10:58:31',51,1,'1 x Medium Box @ $30.00'),(202,'-30.00','DEBIT','2012-09-22 10:58:31',67,1,'1 x Medium Box @ $30.00'),(203,'-30.00','DEBIT','2012-09-22 10:58:31',73,1,'1 x Medium Box @ $30.00'),(204,'-37.00','DEBIT','2012-09-22 10:58:32',79,1,'1 x Medium Box @ $30.00 + $7.00 Delivery'),(205,'-30.00','DEBIT','2012-09-22 10:58:32',83,1,'1 x Medium Box @ $30.00'),(206,'-30.00','DEBIT','2012-09-22 10:58:33',129,1,'1 x Medium Box @ $30.00'),(207,'-30.00','DEBIT','2012-09-22 10:58:33',149,1,'1 x Medium Box @ $30.00'),(208,'-30.00','DEBIT','2012-09-22 10:58:33',167,1,'1 x Medium Box @ $30.00'),(209,'-30.00','DEBIT','2012-09-22 10:58:33',191,1,'1 x Medium Box @ $30.00'),(210,'-37.00','DEBIT','2012-09-22 10:58:34',236,1,'1 x Medium Box @ $30.00 + $7.00 Delivery'),(211,'-50.00','DEBIT','2012-09-22 10:58:34',21,1,'1 x Large Box @ $50.00'),(212,'-50.00','DEBIT','2012-09-22 10:58:34',52,1,'1 x Large Box @ $50.00'),(213,'-57.00','DEBIT','2012-09-22 10:58:35',107,1,'1 x Large Box @ $50.00 + $7.00 Delivery'),(214,'-57.00','DEBIT','2012-09-22 10:58:35',117,1,'1 x Large Box @ $50.00 + $7.00 Delivery'),(215,'-57.00','DEBIT','2012-09-22 10:58:35',130,1,'1 x Large Box @ $50.00 + $7.00 Delivery'),(216,'-57.00','DEBIT','2012-09-22 10:58:35',171,1,'1 x Large Box @ $50.00 + $7.00 Delivery'),(217,'-57.00','DEBIT','2012-09-22 10:58:36',206,1,'1 x Large Box @ $50.00 + $7.00 Delivery'),(218,'-50.00','DEBIT','2012-09-22 10:58:36',221,1,'1 x Large Box @ $50.00'),(219,'-50.00','DEBIT','2012-09-22 10:58:37',225,1,'1 x Large Box @ $50.00'),(220,'20.00','BT','2012-09-19 00:00:00',28,1,'S11.2'),(221,'60.00','BT','2012-09-17 00:00:00',10,1,'S11.2'),(222,'20.00','CASH','2012-09-15 00:00:00',266,1,'market\r\n'),(223,'20.00','CASH','2012-09-15 00:00:00',264,1,'market'),(224,'30.00','CASH','2012-09-15 00:00:00',265,1,'market'),(225,'20.00','CASH','2012-09-15 00:00:00',263,1,'market'),(226,'37.00','CASH','2012-09-15 00:00:00',262,1,'market'),(227,'20.00','CASH','2012-09-15 00:00:00',261,1,'market'),(228,'27.00','CASH','2012-09-15 00:00:00',260,1,'market'),(229,'-27.00','DEBIT','2012-09-22 12:57:48',260,1,'1 x Small Box @ $20.00 + $7.00 Delivery'),(230,'-20.00','DEBIT','2012-09-22 12:57:48',261,1,'1 x Small Box @ $20.00'),(231,'-20.00','DEBIT','2012-09-22 12:57:48',263,1,'1 x Small Box @ $20.00'),(232,'-20.00','DEBIT','2012-09-22 12:57:49',264,1,'1 x Small Box @ $20.00'),(233,'-20.00','DEBIT','2012-09-22 12:57:49',266,1,'1 x Small Box @ $20.00'),(234,'-37.00','DEBIT','2012-09-22 12:57:49',262,1,'1 x Medium Box @ $30.00 + $7.00 Delivery'),(235,'-30.00','DEBIT','2012-09-22 12:57:50',265,1,'1 x Medium Box @ $30.00'),(236,'-20.00','DEBIT','2012-09-22 12:58:16',28,1,'1 x Small Box @ $20.00'),(237,'20.00','BT','2012-09-19 00:00:00',28,1,'S11.2'),(238,'30.00','BT','2012-09-14 00:00:00',158,1,''),(239,'-30.00','DEBIT','2012-09-22 13:33:14',158,1,'1 x Medium Box @ $30.00'),(240,'-20.00','DEBIT','2012-09-22 13:40:44',202,1,'1 x Small Box @ $20.00'),(241,'-50.00','DEBIT','2012-09-22 13:40:44',254,1,'1 x Large Box @ $50.00'),(242,'-57.00','DEBIT','2012-09-22 13:45:40',255,1,'1 x Large Box @ $50.00 + $7.00 Delivery'),(243,'50.00','CASH','2012-09-22 00:00:00',123,1,''),(244,'37.00','CASH','2012-09-19 00:00:00',26,1,'Gourmand Ingredients Shopfront Box'),(245,'-20.00','DEBIT','2012-09-22 13:53:03',123,1,'1 x Small Box @ $20.00'),(246,'-30.00','DEBIT','2012-09-22 13:53:03',123,1,'1 x Medium Box @ $30.00'),(247,'-37.00','DEBIT','2012-09-22 13:53:04',26,1,'1 x Medium Box @ $30.00 + $7.00 Delivery'),(248,'30.00','BT','2012-09-22 00:00:00',240,1,''),(249,'-30.00','DEBIT','2012-09-22 13:55:40',240,1,'1 x Medium Box @ $30.00'),(250,'30.00','BT','2012-09-15 00:00:00',143,1,'Voucher - Sienna Craig/Kat'),(251,'-30.00','DEBIT','2012-09-22 14:02:32',143,1,'1 x Medium Box @ $30.00'),(252,'20.00','CASH','2012-09-19 00:00:00',20,1,''),(253,'37.00','CASH','2012-09-19 00:00:00',26,1,'Gourmand Ingredients Shopfront Box\r\n'),(254,'20.00','CASH','2012-09-19 00:00:00',35,1,''),(255,'20.00','CASH','2012-09-19 00:00:00',269,1,''),(256,'30.00','CASH','2012-09-19 00:00:00',268,1,''),(257,'20.00','CASH','2012-09-19 00:00:00',77,1,''),(258,'30.00','CASH','2012-09-19 00:00:00',94,1,''),(259,'50.00','CASH','2012-09-19 00:00:00',123,1,''),(260,'30.00','CASH','2012-09-19 00:00:00',141,1,''),(261,'30.00','CASH','2012-09-19 00:00:00',145,1,''),(262,'20.00','CASH','2012-09-19 00:00:00',168,1,''),(263,'50.00','CASH','2012-09-19 00:00:00',174,1,''),(264,'30.00','CASH','2012-09-19 00:00:00',186,1,''),(265,'20.00','CASH','2012-09-19 00:00:00',207,1,''),(266,'30.00','CASH','2012-09-19 00:00:00',231,1,''),(267,'-20.00','DEBIT','2012-09-25 15:49:56',20,1,'1 x Small Box @ $20.00'),(268,'-20.00','DEBIT','2012-09-25 15:49:56',35,1,'1 x Small Box @ $20.00'),(269,'-20.00','DEBIT','2012-09-25 15:49:56',77,1,'1 x Small Box @ $20.00'),(270,'-20.00','DEBIT','2012-09-25 15:49:56',168,1,'1 x Small Box @ $20.00'),(271,'-20.00','DEBIT','2012-09-25 15:49:57',207,1,'1 x Small Box @ $20.00'),(272,'-30.00','DEBIT','2012-09-25 15:49:57',94,1,'1 x Medium Box @ $30.00'),(273,'-30.00','DEBIT','2012-09-25 15:49:57',141,1,'1 x Medium Box @ $30.00'),(274,'-30.00','DEBIT','2012-09-25 15:49:58',145,1,'1 x Medium Box @ $30.00'),(275,'-30.00','DEBIT','2012-09-25 16:29:25',231,1,'1 x Medium Box @ $30.00'),(276,'-30.00','DEBIT','2012-09-25 16:29:35',186,1,'1 x Medium Box @ $30.00'),(277,'-50.00','DEBIT','2012-09-25 16:30:19',174,1,'1 x Large Box @ $50.00'),(278,'-20.00','DEBIT','2012-09-25 16:33:50',269,1,'1 x Small Box @ $20.00'),(279,'-30.00','DEBIT','2012-09-25 16:33:50',268,1,'1 x Medium Box @ $30.00'),(280,'20.00','BT','2012-09-18 00:00:00',41,1,''),(281,'20.00','CASH','2012-09-26 00:00:00',35,1,''),(282,'30.00','CASH','2012-09-26 00:00:00',268,1,''),(283,'20.00','CASH','2012-09-26 00:00:00',168,1,''),(284,'20.00','CASH','2012-09-26 00:00:00',207,1,''),(285,'30.00','CASH','2012-09-26 00:00:00',186,1,''),(286,'50.00','CASH','2012-09-26 00:00:00',174,1,''),(287,'30.00','CASH','2012-09-26 00:00:00',145,1,''),(288,'20.00','CASH','2012-09-26 00:00:00',263,1,''),(289,'30.00','CASH','2012-09-26 00:00:00',141,1,''),(290,'20.00','CASH','2012-09-26 00:00:00',227,1,''),(291,'20.00','CASH','2012-09-26 00:00:00',266,1,''),(292,'30.00','CASH','2012-09-26 00:00:00',94,1,''),(293,'30.00','CASH','2012-09-26 00:00:00',231,1,''),(294,'20.00','CASH','2012-09-26 00:00:00',20,1,''),(295,'27.00','BT','2012-09-27 00:00:00',153,1,''),(296,'27.00','BT','2012-09-27 00:00:00',251,1,''),(297,'37.00','BT','2012-09-27 00:00:00',187,1,''),(298,'57.00','BT','2012-09-27 00:00:00',159,1,''),(299,'30.00','BT','2012-09-27 00:00:00',73,1,''),(300,'20.00','BT','2012-09-27 00:00:00',184,1,''),(301,'50.00','BT','2012-09-27 00:00:00',221,1,''),(302,'20.00','BT','2012-09-27 00:00:00',247,1,''),(303,'7.00','BT','2012-09-27 00:00:00',205,1,''),(304,'20.00','BT','2012-09-27 00:00:00',29,1,''),(305,'50.00','BT','2012-09-27 00:00:00',116,1,''),(306,'37.00','BT','2012-09-26 00:00:00',262,1,''),(307,'30.00','BT','2012-09-26 00:00:00',99,1,''),(308,'20.00','BT','2012-09-26 00:00:00',47,1,''),(309,'30.00','BT','2012-09-26 00:00:00',191,1,''),(310,'30.00','BT','2012-09-26 00:00:00',7,1,''),(311,'30.00','BT','2012-09-26 00:00:00',49,1,''),(312,'30.00','BT','2012-09-26 00:00:00',36,1,''),(313,'30.00','BT','2012-09-26 00:00:00',162,1,''),(314,'20.00','BT','2012-09-26 00:00:00',61,1,''),(315,'27.00','BT','2012-09-26 00:00:00',236,1,''),(316,'20.00','BT','2012-09-26 00:00:00',195,1,''),(317,'30.00','BT','2012-09-26 00:00:00',14,1,''),(318,'50.00','BT','2012-09-26 00:00:00',52,1,''),(319,'57.00','BT','2012-09-25 00:00:00',107,1,''),(320,'20.00','BT','2012-09-25 00:00:00',80,1,''),(321,'60.00','BT','2012-09-25 00:00:00',83,1,''),(322,'30.00','BT','2012-09-21 00:00:00',158,1,''),(323,'30.00','BT','2012-09-21 00:00:00',167,1,''),(324,'30.00','BT','2012-09-21 00:00:00',31,1,''),(325,'30.00','BT','2012-09-21 00:00:00',31,1,''),(326,'57.00','BT','2012-09-22 00:00:00',258,1,''),(327,'27.00','BT','2012-09-22 00:00:00',76,1,''),(328,'20.00','CASH','2012-09-18 00:00:00',205,1,'previous deposit\r\n'),(329,'570.00','BT','2012-09-18 00:00:00',206,1,'loan repay'),(330,'30.00','CREDIT','2012-09-28 10:31:39',167,1,'REFUND FOR: 1 x Medium Box @ $30.00'),(331,'37.00','CASH','2012-09-26 00:00:00',283,1,'Gourmand Shopfront Box'),(332,'37.00','CASH','2012-09-26 00:00:00',282,1,'Gourmand Shopfront Box'),(333,'107.00','BT','2012-09-24 00:00:00',280,1,''),(334,'40.00','BT','2012-09-25 00:00:00',271,1,''),(335,'30.00','BT','2012-09-26 00:00:00',64,1,''),(336,'57.00','BT','2012-09-26 00:00:00',281,1,''),(337,'54.00','BT','2012-09-26 00:00:00',272,1,''),(338,'40.00','BT','2012-09-26 00:00:00',273,1,''),(339,'54.00','BT','2012-09-27 00:00:00',275,1,''),(340,'27.00','BT','2012-09-27 00:00:00',276,1,'*multiple delivery fee with Bonnie & Corinne McKinnon - paid $78'),(341,'37.00','BT','2012-09-27 00:00:00',278,1,''),(342,'37.00','BT','2012-09-27 00:00:00',274,1,''),(343,'30.00','BT','2012-09-27 00:00:00',277,1,''),(344,'7.00','BT','2012-09-27 00:00:00',277,1,''),(345,'20.00','BT','2012-09-26 00:00:00',28,1,'S11.2'),(346,'37.00','BT','2012-09-27 00:00:00',33,1,'S11.2'),(347,'-20.00','DEBIT','2012-09-28 14:30:25',28,1,'1 x Small Box @ $20.00'),(348,'-20.00','DEBIT','2012-09-28 14:30:26',29,1,'1 x Small Box @ $20.00'),(349,'-20.00','DEBIT','2012-09-28 14:30:26',61,1,'1 x Small Box @ $20.00'),(350,'-20.00','DEBIT','2012-09-28 14:30:26',76,1,'1 x Small Box @ $20.00'),(351,'-27.00','DEBIT','2012-09-28 14:30:26',153,1,'1 x Small Box @ $20.00 + $7.00 Delivery'),(352,'-20.00','DEBIT','2012-09-28 14:30:26',195,1,'1 x Small Box @ $20.00'),(353,'-20.00','DEBIT','2012-09-28 14:30:27',35,1,'1 x Small Box @ $20.00'),(354,'-20.00','DEBIT','2012-09-28 14:30:27',168,1,'1 x Small Box @ $20.00'),(355,'-20.00','DEBIT','2012-09-28 14:30:27',266,1,'1 x Small Box @ $20.00'),(356,'-20.00','DEBIT','2012-09-28 14:30:27',207,1,'1 x Small Box @ $20.00'),(357,'-20.00','DEBIT','2012-09-28 14:30:28',263,1,'1 x Small Box @ $20.00'),(358,'-20.00','DEBIT','2012-09-28 14:30:28',227,1,'1 x Small Box @ $20.00'),(359,'-20.00','DEBIT','2012-09-28 14:30:28',20,1,'1 x Small Box @ $20.00'),(360,'-27.00','DEBIT','2012-09-28 14:30:28',259,1,'1 x Small Box @ $20.00 + $7.00 Delivery'),(361,'-27.00','DEBIT','2012-09-28 14:30:28',251,1,'1 x Small Box @ $20.00 + $7.00 Delivery'),(362,'-27.00','DEBIT','2012-09-28 14:30:29',205,1,'1 x Small Box @ $20.00 + $7.00 Delivery'),(363,'-20.00','DEBIT','2012-09-28 14:30:29',249,1,'1 x Small Box @ $20.00'),(364,'-20.00','DEBIT','2012-09-28 14:30:29',47,1,'1 x Small Box @ $20.00'),(365,'-20.00','DEBIT','2012-09-28 14:30:29',247,1,'1 x Small Box @ $20.00'),(366,'-20.00','DEBIT','2012-09-28 14:30:30',184,1,'1 x Small Box @ $20.00'),(367,'-27.00','DEBIT','2012-09-28 14:30:30',271,1,'1 x Small Box @ $20.00 + $7.00 Delivery'),(368,'-27.00','DEBIT','2012-09-28 14:30:31',275,1,'1 x Small Box @ $20.00 + $7.00 Delivery'),(369,'-27.00','DEBIT','2012-09-28 14:30:31',275,1,'1 x Small Box @ $20.00 + $7.00 Delivery'),(370,'-27.00','DEBIT','2012-09-28 14:30:31',276,1,'1 x Small Box @ $20.00 + $7.00 Delivery'),(371,'-27.00','DEBIT','2012-09-28 14:30:31',273,1,'1 x Small Box @ $20.00 + $7.00 Delivery'),(372,'-27.00','DEBIT','2012-09-28 14:30:32',272,1,'1 x Small Box @ $20.00 + $7.00 Delivery'),(373,'-30.00','DEBIT','2012-09-28 14:30:32',7,1,'1 x Medium Box @ $30.00'),(374,'-30.00','DEBIT','2012-09-28 14:30:32',10,1,'1 x Medium Box @ $30.00'),(375,'-30.00','DEBIT','2012-09-28 14:30:32',14,1,'1 x Medium Box @ $30.00'),(376,'-30.00','DEBIT','2012-09-28 14:30:32',31,1,'1 x Medium Box @ $30.00'),(377,'-30.00','DEBIT','2012-09-28 14:30:33',36,1,'1 x Medium Box @ $30.00'),(378,'-30.00','DEBIT','2012-09-28 14:30:33',49,1,'1 x Medium Box @ $30.00'),(379,'-30.00','DEBIT','2012-09-28 14:30:33',51,1,'1 x Medium Box @ $30.00'),(380,'-30.00','DEBIT','2012-09-28 14:30:33',73,1,'1 x Medium Box @ $30.00'),(381,'-30.00','DEBIT','2012-09-28 14:30:34',141,1,'1 x Medium Box @ $30.00'),(382,'-30.00','DEBIT','2012-09-28 14:30:34',158,1,'1 x Medium Box @ $30.00'),(383,'-30.00','DEBIT','2012-09-28 14:30:34',167,1,'1 x Medium Box @ $30.00'),(384,'-30.00','DEBIT','2012-09-28 14:30:35',187,1,'1 x Medium Box @ $30.00'),(385,'-30.00','DEBIT','2012-09-28 14:30:35',231,1,'1 x Medium Box @ $30.00'),(386,'-37.00','DEBIT','2012-09-28 14:30:35',236,1,'1 x Medium Box @ $30.00 + $7.00 Delivery'),(387,'-30.00','DEBIT','2012-09-28 14:30:35',186,1,'1 x Medium Box @ $30.00'),(388,'-30.00','DEBIT','2012-09-28 14:30:36',145,1,'1 x Medium Box @ $30.00'),(389,'-30.00','DEBIT','2012-09-28 14:30:36',268,1,'1 x Medium Box @ $30.00'),(390,'-30.00','DEBIT','2012-09-28 14:30:36',123,1,'1 x Medium Box @ $30.00'),(391,'-37.00','DEBIT','2012-09-28 14:30:37',33,1,'1 x Medium Box @ $30.00 + $7.00 Delivery'),(392,'-30.00','DEBIT','2012-09-28 14:30:37',64,1,'1 x Medium Box @ $30.00'),(393,'-30.00','DEBIT','2012-09-28 14:30:37',84,1,'1 x Medium Box @ $30.00'),(394,'-30.00','DEBIT','2012-09-28 14:30:38',162,1,'1 x Medium Box @ $30.00'),(395,'-30.00','DEBIT','2012-09-28 14:30:38',191,1,'1 x Medium Box @ $30.00'),(396,'-37.00','DEBIT','2012-09-28 14:30:38',262,1,'1 x Medium Box @ $30.00 + $7.00 Delivery'),(397,'-30.00','DEBIT','2012-09-28 14:30:39',80,1,'1 x Medium Box @ $30.00'),(398,'-30.00','DEBIT','2012-09-28 14:30:39',83,1,'1 x Medium Box @ $30.00'),(399,'-30.00','DEBIT','2012-09-28 14:30:40',99,1,'1 x Medium Box @ $30.00'),(400,'-37.00','DEBIT','2012-09-28 14:30:40',278,1,'1 x Medium Box @ $30.00 + $7.00 Delivery'),(401,'-37.00','DEBIT','2012-09-28 14:30:40',277,1,'1 x Medium Box @ $30.00 + $7.00 Delivery'),(402,'-37.00','DEBIT','2012-09-28 14:30:41',274,1,'1 x Medium Box @ $30.00 + $7.00 Delivery'),(403,'-37.00','DEBIT','2012-09-28 14:30:41',26,1,'1 x Medium Box @ $30.00 + $7.00 Delivery'),(404,'-37.00','DEBIT','2012-09-28 14:30:41',282,1,'1 x Medium Box @ $30.00 + $7.00 Delivery'),(405,'-37.00','DEBIT','2012-09-28 14:30:41',283,1,'1 x Medium Box @ $30.00 + $7.00 Delivery'),(406,'-50.00','DEBIT','2012-09-28 14:30:42',21,1,'1 x Large Box @ $50.00'),(407,'-50.00','DEBIT','2012-09-28 14:30:42',52,1,'1 x Large Box @ $50.00'),(408,'-57.00','DEBIT','2012-09-28 14:30:42',107,1,'1 x Large Box @ $50.00 + $7.00 Delivery'),(409,'-57.00','DEBIT','2012-09-28 14:30:42',130,1,'1 x Large Box @ $50.00 + $7.00 Delivery'),(410,'-50.00','DEBIT','2012-09-28 14:30:43',174,1,'1 x Large Box @ $50.00'),(411,'-57.00','DEBIT','2012-09-28 14:30:43',206,1,'1 x Large Box @ $50.00 + $7.00 Delivery'),(412,'-50.00','DEBIT','2012-09-28 14:30:43',221,1,'1 x Large Box @ $50.00'),(413,'-57.00','DEBIT','2012-09-28 14:30:43',258,1,'1 x Large Box @ $50.00 + $7.00 Delivery'),(414,'-57.00','DEBIT','2012-09-28 14:30:44',159,1,'1 x Large Box @ $50.00 + $7.00 Delivery'),(415,'-50.00','DEBIT','2012-09-28 14:30:44',70,1,'1 x Large Box @ $50.00'),(416,'-50.00','DEBIT','2012-09-28 14:30:45',116,1,'1 x Large Box @ $50.00'),(417,'-57.00','DEBIT','2012-09-28 14:30:45',281,1,'1 x Large Box @ $50.00 + $7.00 Delivery'),(418,'-57.00','DEBIT','2012-09-28 14:30:45',280,1,'1 x Large Box @ $50.00 + $7.00 Delivery'),(419,'-30.00','DEBIT','2012-09-28 15:21:55',212,1,'1 x Medium Box @ $30.00'),(421,'27.00','CASH','2012-10-02 00:00:00',240,1,'test entry'),(422,'-27.00','DEBIT','2012-10-02 13:33:24',240,1,'1 x Small Box @ $20.00 + $7.00 delivery'),(423,'30.00','CREDIT','2012-10-03 15:30:24',80,1,'REFUND FOR: 1 x Medium Box @ $30.00'),(424,'-20.00','DEBIT','2012-10-03 15:31:05',80,1,'1 x Small Box @ $20.00'),(425,'30.00','CASH','2012-10-03 00:00:00',186,1,''),(426,'20.00','CASH','2012-10-03 00:00:00',35,1,''),(427,'50.00','CASH','2012-10-03 00:00:00',174,1,''),(428,'30.00','CASH','2012-10-03 00:00:00',145,1,''),(429,'20.00','CASH','2012-10-03 00:00:00',249,1,''),(430,'20.00','CASH','2012-10-03 00:00:00',263,1,''),(431,'15.00','CASH','2012-10-03 00:00:00',279,1,''),(432,'30.00','CASH','2012-10-03 00:00:00',231,1,''),(433,'20.00','CASH','2012-10-03 00:00:00',168,1,''),(434,'20.00','CASH','2012-10-04 00:00:00',68,1,'Shop Front Order Box - Kombu'),(435,'30.00','CASH','2012-10-03 00:00:00',123,1,''),(436,'30.00','CASH','2012-10-03 00:00:00',124,1,''),(437,'30.00','BT','2012-09-28 00:00:00',158,1,''),(438,'30.00','BT','2012-09-28 00:00:00',167,1,''),(439,'30.00','BT','2012-09-28 00:00:00',31,1,''),(440,'50.00','BT','2012-09-28 00:00:00',37,1,''),(441,'27.00','BT','2012-09-28 00:00:00',76,1,''),(442,'30.00','BT','2012-10-01 00:00:00',99,1,''),(443,'20.00','BT','2012-10-02 00:00:00',80,1,''),(444,'57.00','BT','2012-10-02 00:00:00',107,1,''),(445,'30.00','BT','2012-10-02 00:00:00',108,1,''),(446,'20.00','BT','2012-10-03 00:00:00',241,1,''),(447,'50.00','BT','2012-10-03 00:00:00',52,1,''),(448,'30.00','BT','2012-10-03 00:00:00',14,1,''),(449,'20.00','BT','2012-10-03 00:00:00',195,1,''),(450,'50.00','BT','2012-10-03 00:00:00',225,1,''),(451,'30.00','BT','2012-10-03 00:00:00',149,1,''),(452,'27.00','BT','2012-10-03 00:00:00',236,1,''),(453,'50.00','BT','2012-10-03 00:00:00',221,1,''),(454,'20.00','BT','2012-10-03 00:00:00',61,1,''),(455,'20.00','BT','2012-10-03 00:00:00',60,1,''),(456,'30.00','BT','2012-10-03 00:00:00',36,1,''),(457,'30.00','BT','2012-10-03 00:00:00',49,1,''),(458,'30.00','BT','2012-10-03 00:00:00',7,1,''),(459,'57.00','BT','2012-10-03 00:00:00',130,1,''),(460,'50.00','BT','2012-10-03 00:00:00',70,1,''),(461,'57.00','BT','2012-10-03 00:00:00',159,1,''),(462,'30.00','BT','2012-10-03 00:00:00',21,1,''),(463,'57.00','BT','2012-10-03 00:00:00',185,1,''),(464,'50.00','BT','2012-10-03 00:00:00',116,1,''),(465,'37.00','BT','2012-10-03 00:00:00',262,1,''),(466,'50.00','BT','2012-10-03 00:00:00',22,1,''),(467,'20.00','BT','2012-10-04 00:00:00',29,1,''),(468,'20.00','BT','2012-10-04 00:00:00',184,1,''),(469,'30.00','BT','2012-10-04 00:00:00',73,1,''),(470,'37.00','BT','2012-10-04 00:00:00',270,1,''),(471,'30.00','BT','2012-10-04 00:00:00',129,1,''),(472,'27.00','BT','2012-10-04 00:00:00',153,1,''),(473,'30.00','BT','2012-10-04 00:00:00',99,1,''),(474,'37.00','BT','2012-10-04 00:00:00',278,1,''),(475,'57.00','BT','2012-10-04 00:00:00',250,1,''),(476,'67.00','BT','2012-10-04 00:00:00',6,1,''),(477,'37.00','BT','2012-10-04 00:00:00',187,1,''),(478,'30.00','BT','2012-10-04 00:00:00',147,1,''),(479,'30.00','BT','2012-10-05 00:00:00',143,1,'colouring in competition prize - Alena Hardinge'),(480,'7.00','BT','2012-10-04 00:00:00',285,1,''),(481,'27.00','BT','2012-10-04 00:00:00',284,1,''),(482,'57.00','BT','2012-10-03 00:00:00',287,1,''),(483,'20.00','BT','2012-10-03 00:00:00',286,1,''),(484,'30.00','BT','2012-10-03 00:00:00',285,1,''),(485,'37.00','BT','2012-10-02 00:00:00',290,1,''),(486,'107.00','BT','2012-10-01 00:00:00',288,1,''),(487,'30.00','BT','2012-10-01 00:00:00',289,1,''),(488,'-20.00','DEBIT','2012-10-05 12:59:46',28,1,'1 x Small Box @ $20.00'),(489,'-20.00','DEBIT','2012-10-05 12:59:46',29,1,'1 x Small Box @ $20.00'),(490,'-20.00','DEBIT','2012-10-05 12:59:46',61,1,'1 x Small Box @ $20.00'),(491,'-20.00','DEBIT','2012-10-05 12:59:47',76,1,'1 x Small Box @ $20.00'),(492,'-27.00','DEBIT','2012-10-05 12:59:47',153,1,'1 x Small Box @ $20.00 + $7.00 Delivery'),(493,'-20.00','DEBIT','2012-10-05 12:59:47',195,1,'1 x Small Box @ $20.00'),(494,'-20.00','DEBIT','2012-10-05 12:59:48',184,1,'1 x Small Box @ $20.00'),(495,'-20.00','DEBIT','2012-10-05 12:59:49',35,1,'1 x Small Box @ $20.00'),(496,'-20.00','DEBIT','2012-10-05 12:59:49',249,1,'1 x Small Box @ $20.00'),(497,'-20.00','DEBIT','2012-10-05 12:59:49',168,1,'1 x Small Box @ $20.00'),(498,'-20.00','DEBIT','2012-10-05 12:59:49',68,1,'1 x Small Box @ $20.00'),(499,'-20.00','DEBIT','2012-10-05 12:59:50',252,1,'1 x Small Box @ $20.00'),(500,'-20.00','DEBIT','2012-10-05 12:59:50',60,1,'1 x Small Box @ $20.00'),(501,'-27.00','DEBIT','2012-10-05 12:59:50',272,1,'1 x Small Box @ $20.00 + $7.00 Delivery'),(502,'-20.00','DEBIT','2012-10-05 12:59:50',241,1,'1 x Small Box @ $20.00'),(503,'-20.00','DEBIT','2012-10-05 12:59:51',286,1,'1 x Small Box @ $20.00'),(504,'-27.00','DEBIT','2012-10-05 12:59:51',284,1,'1 x Small Box @ $20.00 + $7.00 Delivery'),(505,'-30.00','DEBIT','2012-10-05 12:59:51',7,1,'1 x Medium Box @ $30.00'),(506,'-30.00','DEBIT','2012-10-05 12:59:51',10,1,'1 x Medium Box @ $30.00'),(507,'-30.00','DEBIT','2012-10-05 12:59:51',14,1,'1 x Medium Box @ $30.00'),(508,'-30.00','DEBIT','2012-10-05 12:59:52',31,1,'1 x Medium Box @ $30.00'),(509,'-30.00','DEBIT','2012-10-05 12:59:52',36,1,'1 x Medium Box @ $30.00'),(510,'-30.00','DEBIT','2012-10-05 12:59:52',49,1,'1 x Medium Box @ $30.00'),(511,'-30.00','DEBIT','2012-10-05 12:59:53',73,1,'1 x Medium Box @ $30.00'),(512,'-30.00','DEBIT','2012-10-05 12:59:53',158,1,'1 x Medium Box @ $30.00'),(513,'-30.00','DEBIT','2012-10-05 12:59:54',167,1,'1 x Medium Box @ $30.00'),(514,'-30.00','DEBIT','2012-10-05 12:59:54',187,1,'1 x Medium Box @ $30.00'),(515,'-30.00','DEBIT','2012-10-05 12:59:54',231,1,'1 x Medium Box @ $30.00'),(516,'-37.00','DEBIT','2012-10-05 12:59:54',236,1,'1 x Medium Box @ $30.00 + $7.00 Delivery'),(517,'-30.00','DEBIT','2012-10-05 12:59:54',186,1,'1 x Medium Box @ $30.00'),(518,'-30.00','DEBIT','2012-10-05 12:59:55',145,1,'1 x Medium Box @ $30.00'),(519,'-30.00','DEBIT','2012-10-05 12:59:55',149,1,'1 x Medium Box @ $30.00'),(520,'-37.00','DEBIT','2012-10-05 12:59:56',262,1,'1 x Medium Box @ $30.00 + $7.00 Delivery'),(521,'-30.00','DEBIT','2012-10-05 12:59:56',80,1,'1 x Medium Box @ $30.00'),(522,'-30.00','DEBIT','2012-10-05 12:59:56',83,1,'1 x Medium Box @ $30.00'),(523,'-30.00','DEBIT','2012-10-05 12:59:57',99,1,'1 x Medium Box @ $30.00'),(524,'-30.00','DEBIT','2012-10-05 12:59:57',129,1,'1 x Medium Box @ $30.00'),(525,'-30.00','DEBIT','2012-10-05 12:59:57',170,1,'1 x Medium Box @ $30.00'),(526,'-30.00','DEBIT','2012-10-05 12:59:57',124,1,'1 x Medium Box @ $30.00'),(527,'-30.00','DEBIT','2012-10-05 12:59:57',123,1,'1 x Medium Box @ $30.00'),(528,'-30.00','DEBIT','2012-10-05 12:59:58',22,1,'1 x Medium Box @ $30.00'),(529,'-37.00','DEBIT','2012-10-05 12:59:58',6,1,'1 x Medium Box @ $30.00 + $7.00 Delivery'),(530,'-37.00','DEBIT','2012-10-05 12:59:58',6,1,'1 x Medium Box @ $30.00 + $7.00 Delivery'),(531,'-30.00','DEBIT','2012-10-05 12:59:58',21,1,'1 x Medium Box @ $30.00'),(532,'-30.00','DEBIT','2012-10-05 12:59:58',108,1,'1 x Medium Box @ $30.00'),(533,'-37.00','DEBIT','2012-10-05 12:59:59',270,1,'1 x Medium Box @ $30.00 + $7.00 Delivery'),(534,'-30.00','DEBIT','2012-10-05 12:59:59',143,1,'1 x Medium Box @ $30.00'),(535,'-30.00','DEBIT','2012-10-05 12:59:59',289,1,'1 x Medium Box @ $30.00'),(536,'-37.00','DEBIT','2012-10-05 12:59:59',290,1,'1 x Medium Box @ $30.00 + $7.00 Delivery'),(537,'-37.00','DEBIT','2012-10-05 13:00:00',285,1,'1 x Medium Box @ $30.00 + $7.00 Delivery'),(538,'-50.00','DEBIT','2012-10-05 13:00:00',52,1,'1 x Large Box @ $50.00'),(539,'-57.00','DEBIT','2012-10-05 13:00:00',107,1,'1 x Large Box @ $50.00 + $7.00 Delivery'),(540,'-57.00','DEBIT','2012-10-05 13:00:01',130,1,'1 x Large Box @ $50.00 + $7.00 Delivery'),(541,'-50.00','DEBIT','2012-10-05 13:00:01',174,1,'1 x Large Box @ $50.00'),(542,'-57.00','DEBIT','2012-10-05 13:00:02',185,1,'1 x Large Box @ $50.00 + $7.00 Delivery'),(543,'-57.00','DEBIT','2012-10-05 13:00:02',206,1,'1 x Large Box @ $50.00 + $7.00 Delivery'),(544,'-50.00','DEBIT','2012-10-05 13:00:02',221,1,'1 x Large Box @ $50.00'),(545,'-50.00','DEBIT','2012-10-05 13:00:02',225,1,'1 x Large Box @ $50.00'),(546,'-50.00','DEBIT','2012-10-05 13:00:03',37,1,'1 x Large Box @ $50.00'),(547,'-50.00','DEBIT','2012-10-05 13:00:03',70,1,'1 x Large Box @ $50.00'),(548,'-57.00','DEBIT','2012-10-05 13:00:04',250,1,'1 x Large Box @ $50.00 + $7.00 Delivery'),(549,'-50.00','DEBIT','2012-10-05 13:00:04',116,1,'1 x Large Box @ $50.00'),(550,'-57.00','DEBIT','2012-10-05 13:00:04',159,1,'1 x Large Box @ $50.00 + $7.00 Delivery'),(551,'-57.00','DEBIT','2012-10-05 13:00:05',287,1,'1 x Large Box @ $50.00 + $7.00 Delivery'),(552,'-57.00','DEBIT','2012-10-05 13:00:05',288,1,'1 x Large Box @ $50.00 + $7.00 Delivery'),(553,'30.00','BT','2012-10-05 00:00:00',240,1,''),(554,'-30.00','DEBIT','2012-10-05 13:11:19',240,1,'1 x Medium Box @ $30.00'),(555,'50.00','BT','2012-10-03 00:00:00',201,1,'NO REF NAME\r\nAcc. 84601S1.3 - Alicia Scanlon (previous data)'),(556,'30.00','BT','2012-10-03 00:00:00',170,1,'NO REF NAME\r\nAcc 216851S3 - Jane Noack (previous data)\r\n'),(557,'-50.00','DEBIT','2012-10-05 13:55:58',201,1,'1 x Large Box @ $50.00');
/*!40000 ALTER TABLE `customer_payments` ENABLE KEYS */;
UNLOCK TABLES;

--
-- Table structure for table `customer_weeks`
--

DROP TABLE IF EXISTS `customer_weeks`;
/*!40101 SET @saved_cs_client     = @@character_set_client */;
/*!40101 SET character_set_client = utf8 */;
CREATE TABLE `customer_weeks` (
  `customer_week_id` int(11) NOT NULL AUTO_INCREMENT,
  `week_id` int(11) NOT NULL,
  `customer_id` int(11) NOT NULL,
  `location_id` int(11) NOT NULL,
  PRIMARY KEY (`customer_week_id`),
  KEY `fk_custweek_week` (`week_id`),
  KEY `fk_custweek_cust` (`customer_id`),
  KEY `fk_custweek_loc` (`location_id`),
  CONSTRAINT `customer_weeks_ibfk_1` FOREIGN KEY (`customer_id`) REFERENCES `customers` (`customer_id`),
  CONSTRAINT `fk_custweek_loc` FOREIGN KEY (`location_id`) REFERENCES `locations` (`location_id`) ON DELETE NO ACTION ON UPDATE NO ACTION,
  CONSTRAINT `fk_custweek_week` FOREIGN KEY (`week_id`) REFERENCES `weeks` (`week_id`) ON DELETE NO ACTION ON UPDATE NO ACTION
) ENGINE=InnoDB AUTO_INCREMENT=1556 DEFAULT CHARSET=latin1;
/*!40101 SET character_set_client = @saved_cs_client */;

--
-- Dumping data for table `customer_weeks`
--

LOCK TABLES `customer_weeks` WRITE;
/*!40000 ALTER TABLE `customer_weeks` DISABLE KEYS */;
INSERT INTO `customer_weeks` (`customer_week_id`, `week_id`, `customer_id`, `location_id`) VALUES (175,8,3,5),(176,9,3,5),(177,10,3,5),(178,11,3,5),(179,12,3,5),(180,8,246,9),(181,9,246,9),(182,10,246,9),(183,11,246,9),(184,12,246,9),(185,8,7,5),(186,9,7,5),(187,10,7,5),(188,11,7,5),(189,12,7,5),(190,13,7,5),(191,14,7,5),(192,15,7,5),(193,16,7,5),(194,17,7,5),(195,18,7,5),(196,19,7,5),(197,20,7,5),(198,21,7,5),(199,22,7,5),(200,23,7,5),(201,24,7,5),(202,25,7,5),(203,26,7,5),(204,27,7,5),(205,8,10,5),(206,9,10,5),(207,10,10,5),(208,11,10,5),(209,12,10,5),(210,13,10,5),(211,14,10,5),(212,15,10,5),(213,16,10,5),(214,17,10,5),(215,18,10,5),(216,19,10,5),(217,20,10,5),(218,21,10,5),(219,22,10,5),(220,23,10,5),(221,24,10,5),(222,25,10,5),(223,26,10,5),(224,27,10,5),(225,8,14,5),(226,9,14,5),(227,10,14,5),(228,11,14,5),(229,12,14,5),(230,13,14,5),(231,14,14,5),(232,15,14,5),(233,16,14,5),(234,17,14,5),(235,18,14,5),(236,19,14,5),(237,20,14,5),(238,21,14,5),(239,22,14,5),(240,23,14,5),(241,24,14,5),(242,25,14,5),(243,26,14,5),(244,27,14,5),(245,8,21,5),(246,9,21,5),(247,10,21,5),(248,11,21,5),(249,12,21,5),(250,8,28,5),(251,9,28,5),(252,10,28,5),(253,11,28,5),(254,12,28,5),(255,13,28,5),(256,14,28,5),(257,15,28,5),(258,16,28,5),(259,17,28,5),(260,18,28,5),(261,19,28,5),(262,20,28,5),(263,21,28,5),(264,22,28,5),(265,8,29,5),(266,9,29,5),(267,10,29,5),(268,11,29,5),(269,12,29,5),(270,13,29,5),(271,14,29,5),(272,15,29,5),(273,16,29,5),(274,17,29,5),(275,18,29,5),(276,19,29,5),(277,20,29,5),(278,21,29,5),(279,22,29,5),(280,8,31,5),(281,9,31,5),(282,10,31,5),(283,11,31,5),(284,12,31,5),(285,13,31,5),(286,14,31,5),(287,15,31,5),(288,16,31,5),(289,17,31,5),(290,18,31,5),(291,19,31,5),(292,20,31,5),(293,21,31,5),(294,22,31,5),(295,23,31,5),(296,24,31,5),(297,25,31,5),(298,26,31,5),(299,27,31,5),(300,8,16,5),(301,9,16,5),(302,10,16,5),(303,11,16,5),(304,12,16,5),(305,13,16,5),(306,14,16,5),(307,15,16,5),(308,16,16,5),(309,17,16,5),(310,18,16,5),(311,19,16,5),(312,20,16,5),(313,21,16,5),(314,22,16,5),(315,23,16,5),(316,24,16,5),(317,25,16,5),(318,26,16,5),(319,27,16,5),(320,8,36,5),(321,9,36,5),(322,10,36,5),(323,11,36,5),(324,12,36,5),(325,13,36,5),(326,14,36,5),(327,15,36,5),(328,16,36,5),(329,17,36,5),(330,18,36,5),(331,19,36,5),(332,20,36,5),(333,21,36,5),(334,22,36,5),(335,23,36,5),(336,24,36,5),(337,25,36,5),(338,26,36,5),(339,27,36,5),(340,8,40,5),(341,9,40,5),(342,10,40,6),(343,11,40,6),(344,12,40,6),(345,8,41,5),(346,9,41,5),(347,10,41,5),(348,11,41,5),(349,12,41,5),(350,8,42,5),(351,9,42,5),(352,10,42,5),(353,11,42,5),(354,12,42,5),(355,13,42,5),(356,14,42,5),(357,15,42,5),(358,16,42,5),(359,17,42,5),(360,18,42,5),(361,19,42,5),(362,20,42,5),(363,21,42,5),(364,22,42,5),(365,23,42,5),(366,24,42,5),(367,25,42,5),(368,26,42,5),(369,27,42,5),(370,8,44,5),(371,9,44,5),(372,10,44,5),(373,11,44,5),(374,12,44,5),(375,8,49,5),(376,9,49,5),(377,10,49,5),(378,11,49,5),(379,12,49,5),(380,13,49,5),(381,14,49,5),(382,15,49,5),(383,16,49,5),(384,17,49,5),(385,18,49,5),(386,19,49,5),(387,20,49,5),(388,21,49,5),(389,22,49,5),(390,23,49,5),(391,24,49,5),(392,25,49,5),(393,26,49,5),(394,27,49,5),(395,8,51,5),(396,9,51,5),(397,10,51,5),(398,11,51,5),(399,12,51,5),(400,13,51,5),(401,14,51,5),(402,15,51,5),(403,16,51,5),(404,17,51,5),(405,18,51,5),(406,19,51,5),(407,20,51,5),(408,21,51,5),(409,22,51,5),(410,23,51,5),(411,24,51,5),(412,25,51,5),(413,26,51,5),(414,27,51,5),(415,8,52,5),(416,9,52,5),(417,10,52,5),(418,11,52,5),(419,12,52,5),(420,13,52,5),(421,14,52,5),(422,15,52,5),(423,16,52,5),(424,17,52,5),(425,18,52,5),(426,19,52,5),(427,20,52,5),(428,21,52,5),(429,22,52,5),(430,23,52,5),(431,24,52,5),(432,25,52,5),(433,26,52,5),(434,27,52,5),(435,8,61,5),(436,9,61,5),(437,10,61,5),(438,11,61,5),(439,12,61,5),(440,13,61,5),(441,14,61,5),(442,15,61,5),(443,16,61,5),(444,17,61,5),(445,18,61,5),(446,19,61,5),(447,20,61,5),(448,21,61,5),(449,22,61,5),(450,8,67,5),(451,9,67,5),(452,10,67,5),(453,11,67,5),(454,12,67,5),(455,8,73,5),(456,9,73,5),(457,10,73,5),(458,11,73,5),(459,12,73,5),(460,13,73,5),(461,14,73,5),(462,15,73,5),(463,16,73,5),(464,17,73,5),(465,18,73,5),(466,19,73,5),(467,20,73,5),(468,21,73,5),(469,22,73,5),(470,23,73,5),(471,24,73,5),(472,25,73,5),(473,26,73,5),(474,27,73,5),(475,8,248,6),(476,9,248,6),(477,10,248,6),(478,11,248,6),(479,12,248,6),(480,8,76,5),(481,9,76,6),(482,10,76,6),(483,11,76,6),(484,12,76,6),(485,13,76,6),(486,14,76,6),(487,15,76,6),(488,16,76,6),(489,17,76,6),(490,18,76,6),(491,19,76,6),(492,20,76,6),(493,21,76,6),(494,22,76,6),(495,8,79,5),(496,9,79,6),(497,10,79,5),(498,11,79,5),(499,12,79,5),(500,8,83,5),(501,9,83,5),(502,10,83,5),(503,11,83,5),(504,12,83,5),(505,8,89,5),(506,9,89,5),(507,10,89,5),(508,11,89,5),(509,12,89,5),(510,13,89,5),(511,8,91,5),(512,9,91,5),(513,10,91,5),(514,11,91,5),(515,12,91,5),(516,8,93,5),(517,9,93,5),(518,10,93,5),(519,11,93,5),(520,12,93,5),(521,13,93,5),(522,14,93,5),(523,15,93,5),(524,16,93,5),(525,17,93,5),(526,18,93,5),(527,19,93,5),(528,20,93,5),(529,21,93,5),(530,22,93,5),(531,8,101,5),(532,9,101,6),(533,10,101,6),(534,11,101,6),(535,12,101,6),(536,13,101,6),(537,14,101,6),(538,15,101,6),(539,16,101,6),(540,17,101,6),(541,18,101,6),(542,19,101,6),(543,20,101,6),(544,21,101,6),(545,22,101,6),(546,8,104,5),(547,9,104,6),(548,10,104,6),(549,11,104,6),(550,12,104,6),(551,8,107,5),(552,9,107,6),(553,10,107,6),(554,11,107,6),(555,12,107,6),(556,13,107,6),(557,14,107,6),(558,15,107,6),(559,16,107,6),(560,17,107,6),(561,18,107,6),(562,19,107,6),(563,20,107,6),(564,21,107,6),(565,22,107,6),(566,23,107,6),(567,24,107,6),(568,25,107,6),(569,26,107,6),(570,27,107,6),(571,8,117,5),(572,9,117,6),(573,10,117,6),(574,11,117,6),(575,12,117,6),(576,8,129,5),(577,9,129,5),(578,10,129,5),(579,11,129,5),(580,12,129,5),(581,13,129,5),(582,14,129,5),(583,15,129,5),(584,16,129,5),(585,17,129,5),(586,18,129,5),(587,19,129,5),(588,20,129,5),(589,21,129,5),(590,22,129,5),(591,8,130,5),(592,9,130,6),(593,10,130,6),(594,11,130,6),(595,12,130,6),(596,13,130,6),(597,14,130,6),(598,15,130,6),(599,16,130,6),(600,17,130,6),(601,18,130,6),(602,19,130,6),(603,20,130,6),(604,21,130,6),(605,22,130,6),(606,23,130,6),(607,24,130,6),(608,25,130,6),(609,26,130,6),(610,27,130,6),(611,8,136,5),(612,9,136,5),(613,10,136,6),(614,11,136,6),(615,12,136,6),(616,8,138,5),(617,9,138,5),(618,10,138,5),(619,11,138,5),(620,12,138,5),(621,8,141,5),(622,9,141,5),(623,10,141,5),(624,11,141,5),(625,12,141,5),(626,13,141,5),(627,14,141,5),(628,15,141,5),(629,16,141,5),(630,17,141,5),(631,18,141,5),(632,19,141,5),(633,20,141,5),(634,21,141,5),(635,22,141,5),(636,23,141,5),(637,24,141,5),(638,25,141,5),(639,26,141,5),(640,27,141,5),(641,8,149,5),(642,9,149,5),(643,10,149,5),(644,11,149,5),(645,12,149,5),(646,8,153,5),(647,9,153,6),(648,10,153,6),(649,11,153,6),(650,12,153,6),(651,13,153,6),(652,14,153,6),(653,15,153,6),(654,16,153,6),(655,17,153,6),(656,18,153,6),(657,19,153,6),(658,20,153,6),(659,21,153,6),(660,22,153,6),(661,23,153,6),(662,24,153,6),(663,25,153,6),(664,26,153,6),(665,27,153,6),(666,8,158,5),(667,9,158,5),(668,10,158,5),(669,11,158,5),(670,12,158,5),(671,13,158,5),(672,14,158,5),(673,15,158,5),(674,16,158,5),(675,17,158,5),(676,18,158,5),(677,19,158,5),(678,20,158,5),(679,21,158,5),(680,22,158,5),(681,23,158,5),(682,24,158,5),(683,25,158,5),(684,26,158,5),(685,27,158,5),(686,8,167,5),(687,9,167,5),(688,10,167,5),(689,11,167,5),(690,12,167,5),(691,13,167,5),(692,14,167,5),(693,15,167,5),(694,16,167,5),(695,17,167,5),(696,18,167,5),(697,19,167,5),(698,20,167,5),(699,21,167,5),(700,22,167,5),(701,23,167,5),(702,24,167,5),(703,25,167,5),(704,26,167,5),(705,27,167,5),(706,8,171,5),(707,9,171,6),(708,10,171,6),(709,11,171,6),(710,12,171,6),(711,13,171,6),(712,14,171,6),(713,15,171,6),(714,16,171,6),(715,17,171,6),(716,18,171,6),(717,19,171,6),(718,20,171,6),(719,21,171,6),(720,22,171,6),(721,8,174,5),(722,9,174,5),(723,10,174,5),(724,11,174,5),(725,12,174,5),(726,13,174,5),(727,14,174,5),(728,15,174,5),(729,16,174,5),(730,17,174,5),(731,18,174,5),(732,19,174,5),(733,20,174,5),(734,21,174,5),(735,22,174,5),(736,23,174,5),(737,24,174,5),(738,25,174,5),(739,26,174,5),(740,27,174,5),(741,8,184,5),(742,9,184,5),(743,10,184,5),(744,11,184,5),(745,12,184,5),(746,8,185,5),(747,9,185,6),(748,10,185,6),(749,11,185,6),(750,12,185,6),(751,13,185,6),(752,14,185,6),(753,15,185,6),(754,16,185,6),(755,17,185,6),(756,18,185,6),(757,19,185,6),(758,20,185,6),(759,21,185,6),(760,22,185,6),(761,8,187,5),(762,9,187,5),(763,10,187,6),(764,11,187,6),(765,12,187,6),(766,13,187,6),(767,14,187,6),(768,15,187,6),(769,16,187,6),(770,17,187,6),(771,18,187,6),(772,19,187,6),(773,20,187,6),(774,21,187,6),(775,22,187,6),(776,8,84,5),(777,9,84,5),(778,10,84,5),(779,11,84,5),(780,12,84,5),(781,8,191,5),(782,9,191,5),(783,10,191,5),(784,11,191,5),(785,12,191,5),(786,8,195,5),(787,9,195,5),(788,10,195,5),(789,11,195,5),(790,12,195,5),(791,13,195,5),(792,14,195,5),(793,15,195,5),(794,16,195,5),(795,17,195,5),(796,18,195,5),(797,19,195,5),(798,20,195,5),(799,21,195,5),(800,22,195,5),(801,23,195,5),(802,24,195,5),(803,25,195,5),(804,26,195,5),(805,27,195,5),(806,8,206,5),(807,9,206,7),(808,10,206,7),(809,11,206,7),(810,12,206,7),(811,13,206,7),(812,14,206,7),(813,15,206,7),(814,16,206,7),(815,17,206,7),(816,18,206,7),(817,19,206,7),(818,20,206,7),(819,21,206,7),(820,22,206,7),(821,8,212,5),(822,9,212,5),(823,10,212,5),(824,11,212,5),(825,12,212,5),(826,13,212,5),(827,14,212,5),(828,15,212,5),(829,16,212,5),(830,17,212,5),(831,18,212,5),(832,19,212,5),(833,20,212,5),(834,21,212,5),(835,22,212,5),(836,23,212,5),(837,24,212,5),(838,25,212,5),(839,26,212,5),(840,27,212,5),(841,8,217,5),(842,9,217,6),(843,10,217,5),(844,11,217,5),(845,12,217,5),(846,8,218,5),(847,9,218,5),(848,10,218,5),(849,11,218,5),(850,12,218,5),(851,8,221,5),(852,9,221,5),(853,10,221,5),(854,11,221,5),(855,12,221,5),(856,13,221,5),(857,14,221,5),(858,15,221,5),(859,16,221,5),(860,17,221,5),(861,18,221,5),(862,19,221,5),(863,20,221,5),(864,21,221,5),(865,22,221,5),(866,8,225,5),(867,9,225,5),(868,10,225,5),(869,11,225,5),(870,12,225,5),(871,13,225,5),(872,14,225,5),(873,15,225,5),(874,16,225,5),(875,17,225,5),(876,18,225,5),(877,19,225,5),(878,20,225,5),(879,8,227,5),(880,9,227,5),(881,10,227,5),(882,11,227,5),(883,12,227,5),(884,8,231,5),(885,9,231,5),(886,10,231,5),(887,11,231,5),(888,12,231,5),(889,13,231,5),(890,14,231,5),(891,15,231,5),(892,16,231,5),(893,17,231,5),(894,18,231,5),(895,19,231,5),(896,20,231,5),(897,21,231,5),(898,22,231,5),(899,8,236,5),(900,9,236,6),(901,10,236,6),(902,11,236,6),(903,12,236,6),(904,13,236,6),(905,14,236,6),(906,15,236,6),(907,16,236,6),(908,17,236,6),(909,18,236,6),(910,19,236,6),(911,20,236,6),(912,21,236,6),(913,22,236,6),(914,8,241,5),(915,9,241,5),(916,10,241,5),(917,11,241,5),(918,12,241,5),(919,8,186,5),(920,9,186,5),(921,10,186,5),(922,11,186,5),(923,12,186,5),(924,13,186,5),(925,14,186,5),(926,15,186,5),(927,16,186,5),(928,17,186,5),(929,18,186,5),(930,19,186,5),(931,20,186,5),(932,21,186,5),(933,22,186,5),(934,8,251,5),(935,9,251,6),(936,10,251,6),(937,11,251,5),(938,12,251,5),(939,8,252,5),(940,9,252,5),(941,10,252,5),(942,11,252,5),(943,12,252,5),(944,8,258,6),(945,9,258,6),(946,10,258,6),(947,11,258,6),(948,12,258,6),(949,8,255,5),(950,9,255,6),(951,10,255,5),(952,11,255,5),(953,12,255,5),(954,8,33,5),(955,9,33,5),(956,10,33,6),(957,11,33,5),(958,12,33,5),(959,8,260,5),(960,9,260,6),(961,10,260,5),(962,11,260,5),(963,12,260,5),(964,8,261,5),(965,9,261,5),(966,10,261,5),(967,11,261,5),(968,12,261,5),(969,8,262,6),(970,9,262,6),(971,10,262,6),(972,11,262,6),(973,12,262,6),(974,8,263,5),(975,9,263,5),(976,10,263,5),(977,11,263,5),(978,12,263,5),(979,8,265,5),(980,9,265,5),(981,10,265,5),(982,11,265,5),(983,12,265,5),(984,8,264,5),(985,9,264,5),(986,10,264,5),(987,11,264,5),(988,12,264,5),(989,8,266,5),(990,9,266,5),(991,10,266,5),(992,11,266,5),(993,12,266,5),(994,8,254,5),(995,9,254,5),(996,10,254,5),(997,11,254,5),(998,12,254,5),(999,8,202,5),(1000,9,202,5),(1001,10,202,5),(1002,11,202,5),(1003,12,202,5),(1004,8,253,6),(1005,9,253,6),(1006,10,253,6),(1007,11,253,6),(1008,12,253,6),(1009,13,253,6),(1010,8,123,5),(1011,9,123,5),(1012,10,123,5),(1013,11,123,5),(1014,12,123,5),(1015,8,26,5),(1016,9,26,6),(1017,10,26,6),(1018,11,26,5),(1019,12,26,5),(1020,8,240,5),(1021,9,240,5),(1022,10,240,7),(1023,11,240,5),(1024,12,240,5),(1025,8,267,5),(1026,9,267,5),(1027,10,267,5),(1028,11,267,5),(1029,12,267,5),(1030,8,143,5),(1031,9,143,5),(1032,10,143,5),(1033,11,143,5),(1034,12,143,5),(1035,8,257,6),(1036,9,257,6),(1037,10,257,6),(1038,11,257,6),(1039,12,257,6),(1040,8,20,5),(1041,9,20,5),(1042,10,20,5),(1043,11,20,5),(1044,12,20,5),(1045,8,35,5),(1046,9,35,5),(1047,10,35,5),(1048,11,35,5),(1049,12,35,5),(1050,8,77,5),(1051,9,77,5),(1052,10,77,5),(1053,11,77,5),(1054,12,77,5),(1055,8,94,5),(1056,9,94,5),(1057,10,94,5),(1058,11,94,5),(1059,12,94,5),(1060,8,145,5),(1061,9,145,5),(1062,10,145,5),(1063,11,145,5),(1064,12,145,5),(1065,13,145,5),(1066,14,145,5),(1067,15,145,5),(1068,16,145,5),(1069,17,145,5),(1070,18,145,5),(1071,19,145,5),(1072,20,145,5),(1073,21,145,5),(1074,22,145,5),(1075,23,145,5),(1076,8,168,5),(1077,9,168,5),(1078,10,168,5),(1079,11,168,5),(1080,12,168,5),(1081,8,207,5),(1082,9,207,5),(1083,10,207,5),(1084,11,207,5),(1085,12,207,5),(1086,8,268,5),(1087,9,268,5),(1088,10,268,5),(1089,11,268,5),(1090,12,268,5),(1091,8,269,5),(1092,9,269,5),(1093,10,269,5),(1094,11,269,5),(1095,12,269,5),(1096,13,26,5),(1097,13,252,5),(1098,13,35,5),(1099,13,268,5),(1100,13,123,5),(1101,13,149,5),(1102,13,168,5),(1103,13,266,5),(1104,14,266,5),(1105,15,266,5),(1106,16,266,5),(1107,17,266,5),(1108,13,207,5),(1109,13,21,5),(1110,13,67,5),(1111,14,67,5),(1112,13,254,5),(1113,13,41,5),(1114,13,263,5),(1115,13,227,5),(1116,13,264,5),(1117,13,94,5),(1118,13,202,5),(1119,13,20,5),(1120,9,159,5),(1121,10,159,6),(1122,11,159,6),(1123,12,159,6),(1124,13,159,6),(1125,13,248,6),(1126,9,259,6),(1127,10,259,6),(1128,11,259,6),(1129,12,259,6),(1130,13,259,6),(1131,13,33,5),(1132,13,117,6),(1133,13,251,5),(1134,13,258,6),(1135,9,205,5),(1136,10,205,6),(1137,11,205,5),(1138,12,205,5),(1139,13,205,5),(1140,9,256,6),(1141,10,256,6),(1142,11,256,6),(1143,12,256,6),(1144,13,256,6),(1145,9,37,5),(1146,10,37,5),(1147,11,37,5),(1148,12,37,5),(1149,13,37,5),(1150,9,249,5),(1151,10,249,5),(1152,11,249,5),(1153,12,249,5),(1154,13,249,5),(1155,9,47,5),(1156,10,47,5),(1157,11,47,5),(1158,12,47,5),(1159,13,47,5),(1160,9,64,5),(1161,10,64,5),(1162,11,64,5),(1163,12,64,5),(1164,13,64,5),(1165,9,70,5),(1166,10,70,5),(1167,11,70,5),(1168,12,70,5),(1169,13,70,5),(1170,14,70,5),(1171,15,70,5),(1172,16,70,5),(1173,17,70,5),(1174,18,70,5),(1175,19,70,5),(1176,20,70,5),(1177,21,70,5),(1178,22,70,5),(1179,23,70,5),(1180,13,84,5),(1181,9,116,5),(1182,10,116,5),(1183,11,116,5),(1184,12,116,5),(1185,13,116,5),(1186,9,162,5),(1187,10,162,5),(1188,11,162,5),(1189,12,162,5),(1190,13,162,5),(1191,14,162,5),(1192,15,162,5),(1193,16,162,5),(1194,17,162,5),(1195,18,162,5),(1196,19,162,5),(1197,20,162,5),(1198,21,162,5),(1199,13,191,5),(1200,9,247,5),(1201,10,247,5),(1202,11,247,5),(1203,12,247,5),(1204,13,247,5),(1205,13,257,6),(1206,14,257,6),(1207,15,257,6),(1208,16,257,6),(1209,17,257,6),(1210,18,257,6),(1211,19,257,6),(1212,20,257,6),(1213,21,257,6),(1214,22,257,6),(1215,23,257,6),(1216,13,40,6),(1217,14,40,6),(1218,15,40,6),(1219,16,40,6),(1220,17,40,6),(1221,18,40,6),(1222,19,40,6),(1223,20,40,6),(1224,21,40,6),(1225,22,40,6),(1226,23,40,6),(1227,13,136,6),(1228,14,136,6),(1229,23,101,6),(1230,13,262,6),(1231,14,262,6),(1232,15,262,6),(1233,16,262,6),(1234,17,262,6),(1235,18,262,6),(1236,19,262,6),(1237,20,262,6),(1238,21,262,6),(1239,22,262,6),(1240,23,262,6),(1241,9,80,5),(1242,10,80,5),(1243,11,80,5),(1244,12,80,5),(1245,13,80,5),(1246,14,80,5),(1247,15,80,5),(1248,16,80,5),(1249,17,80,5),(1250,18,80,5),(1251,19,80,5),(1252,20,80,5),(1253,21,80,5),(1254,22,80,5),(1255,23,80,5),(1256,24,80,5),(1257,25,80,5),(1258,26,80,5),(1259,27,80,5),(1260,14,256,6),(1261,15,256,6),(1262,16,256,6),(1263,17,256,6),(1264,18,256,6),(1265,19,256,6),(1266,20,256,6),(1267,21,256,6),(1268,22,256,6),(1269,23,256,6),(1270,13,104,6),(1271,14,104,6),(1272,15,104,6),(1273,16,104,6),(1274,17,104,6),(1275,18,104,6),(1276,19,104,6),(1277,20,104,6),(1278,21,104,6),(1279,22,104,6),(1280,23,104,6),(1281,13,44,5),(1282,14,44,5),(1283,15,44,5),(1284,16,44,5),(1285,17,44,5),(1286,18,44,5),(1287,19,44,5),(1288,20,44,5),(1289,21,44,5),(1290,22,44,5),(1291,23,44,5),(1292,13,83,5),(1293,14,83,5),(1294,9,99,5),(1295,10,99,5),(1296,11,99,5),(1297,12,99,5),(1298,13,99,5),(1299,14,99,5),(1300,15,99,5),(1301,16,99,5),(1302,17,99,5),(1303,18,99,5),(1304,19,99,5),(1305,20,99,5),(1306,21,99,5),(1307,22,99,5),(1308,23,99,5),(1309,13,184,5),(1310,14,184,5),(1311,15,184,5),(1312,16,184,5),(1313,17,184,5),(1314,18,184,5),(1315,19,184,5),(1316,20,184,5),(1317,21,184,5),(1318,22,184,5),(1319,23,184,5),(1320,13,218,5),(1321,14,218,5),(1322,9,270,6),(1323,10,270,6),(1324,11,270,6),(1325,12,270,6),(1326,13,270,6),(1327,9,271,6),(1328,10,271,6),(1329,11,271,6),(1330,12,271,6),(1331,13,271,6),(1332,14,271,6),(1333,15,271,6),(1334,16,271,6),(1335,17,271,6),(1336,18,271,6),(1337,19,271,6),(1338,20,271,6),(1339,21,271,6),(1340,22,271,6),(1341,23,271,6),(1342,9,281,6),(1343,10,281,6),(1344,11,281,6),(1345,12,281,6),(1346,13,281,6),(1347,14,281,6),(1348,15,281,6),(1349,16,281,6),(1350,17,281,6),(1351,18,281,6),(1352,19,281,6),(1353,20,281,6),(1354,21,281,6),(1355,22,281,6),(1356,23,281,6),(1357,9,280,6),(1358,10,280,6),(1359,11,280,6),(1360,12,280,6),(1361,13,280,6),(1362,14,280,6),(1363,15,280,6),(1364,16,280,6),(1365,17,280,6),(1366,18,280,6),(1367,19,280,6),(1368,20,280,6),(1369,21,280,6),(1370,22,280,6),(1371,23,280,6),(1372,9,279,5),(1373,10,279,5),(1374,11,279,5),(1375,12,279,5),(1376,13,279,5),(1377,9,278,6),(1378,10,278,6),(1379,11,278,6),(1380,12,278,6),(1381,13,278,6),(1382,9,277,6),(1383,10,277,6),(1384,11,277,6),(1385,12,277,6),(1386,13,277,6),(1387,9,275,6),(1388,10,275,6),(1389,11,275,6),(1390,12,275,6),(1391,13,275,6),(1392,9,276,6),(1393,10,276,6),(1394,11,276,6),(1395,12,276,6),(1396,13,276,6),(1397,9,274,6),(1398,10,274,6),(1399,11,274,6),(1400,12,274,6),(1401,13,274,6),(1402,9,273,6),(1403,10,273,6),(1404,11,273,6),(1405,12,273,6),(1406,13,273,6),(1407,9,272,6),(1408,10,272,6),(1409,11,272,6),(1410,12,272,6),(1411,13,272,6),(1412,9,282,5),(1413,10,282,6),(1414,11,282,5),(1415,12,282,5),(1416,13,282,5),(1417,9,283,6),(1418,10,283,6),(1419,11,283,6),(1420,12,283,6),(1421,13,283,6),(1422,13,246,9),(1423,13,240,5),(1424,14,240,5),(1425,15,240,5),(1426,14,270,6),(1427,14,246,9),(1428,14,47,5),(1429,14,35,5),(1430,14,249,5),(1431,14,279,5),(1432,10,170,5),(1433,11,170,5),(1434,12,170,5),(1435,13,170,5),(1436,14,170,5),(1437,15,170,5),(1438,16,170,5),(1439,17,170,5),(1440,18,170,5),(1441,19,170,5),(1442,20,170,5),(1443,21,170,5),(1444,22,170,5),(1445,23,170,5),(1446,24,170,5),(1447,14,20,5),(1448,14,207,5),(1449,14,168,5),(1450,15,168,5),(1451,10,124,5),(1452,11,124,5),(1453,12,124,5),(1454,13,124,5),(1455,14,124,5),(1456,15,124,5),(1457,16,124,5),(1458,17,124,5),(1459,18,124,5),(1460,19,124,5),(1461,20,124,5),(1462,21,124,5),(1463,22,124,5),(1464,23,124,5),(1465,24,124,5),(1466,14,123,5),(1467,15,123,5),(1468,10,68,5),(1469,11,68,5),(1470,12,68,5),(1471,13,68,5),(1472,14,68,5),(1473,10,22,5),(1474,11,22,5),(1475,12,22,5),(1476,13,22,5),(1477,14,22,5),(1478,10,6,5),(1479,11,6,6),(1480,12,6,5),(1481,13,6,5),(1482,14,6,5),(1483,10,250,5),(1484,11,250,6),(1485,12,250,5),(1486,13,250,5),(1487,14,250,5),(1488,13,269,5),(1489,14,269,5),(1490,14,116,5),(1491,14,21,5),(1492,14,159,6),(1493,10,201,5),(1494,11,201,5),(1495,12,201,5),(1496,13,201,5),(1497,14,201,5),(1498,14,252,5),(1499,10,108,5),(1500,11,108,5),(1501,12,108,5),(1502,13,108,5),(1503,14,108,5),(1504,10,60,5),(1505,11,60,5),(1506,12,60,5),(1507,13,60,5),(1508,14,60,5),(1509,14,37,5),(1510,14,272,6),(1511,13,241,5),(1512,14,241,5),(1513,14,149,5),(1514,15,270,6),(1515,14,253,6),(1516,14,89,5),(1517,13,143,5),(1518,14,143,5),(1519,10,286,5),(1520,11,286,5),(1521,12,286,5),(1522,13,286,5),(1523,14,286,5),(1524,10,287,5),(1525,11,287,6),(1526,12,287,5),(1527,13,287,5),(1528,14,287,5),(1529,10,288,6),(1530,11,288,6),(1531,12,288,6),(1532,13,288,6),(1533,14,288,6),(1534,10,289,5),(1535,11,289,5),(1536,12,289,5),(1537,13,289,5),(1538,14,289,5),(1539,10,290,6),(1540,11,290,6),(1541,12,290,6),(1542,13,290,6),(1543,14,290,6),(1544,10,285,6),(1545,11,285,6),(1546,12,285,6),(1547,13,285,6),(1548,14,285,6),(1549,10,284,6),(1550,11,284,6),(1551,12,284,6),(1552,13,284,6),(1553,14,284,6),(1554,15,284,6),(1555,15,285,6);
/*!40000 ALTER TABLE `customer_weeks` ENABLE KEYS */;
UNLOCK TABLES;

--
-- Table structure for table `customers`
--

DROP TABLE IF EXISTS `customers`;
/*!40101 SET @saved_cs_client     = @@character_set_client */;
/*!40101 SET character_set_client = utf8 */;
CREATE TABLE `customers` (
  `customer_id` int(11) NOT NULL AUTO_INCREMENT,
  `location_id` int(11) DEFAULT NULL,
  `customer_notes` text,
  PRIMARY KEY (`customer_id`),
  KEY `location_id` (`location_id`),
  CONSTRAINT `location_id` FOREIGN KEY (`location_id`) REFERENCES `locations` (`location_id`) ON DELETE NO ACTION ON UPDATE NO ACTION
) ENGINE=InnoDB AUTO_INCREMENT=291 DEFAULT CHARSET=latin1;
/*!40101 SET character_set_client = @saved_cs_client */;

--
-- Dumping data for table `customers`
--

LOCK TABLES `customers` WRITE;
/*!40000 ALTER TABLE `customers` DISABLE KEYS */;
INSERT INTO `customers` (`customer_id`, `location_id`, `customer_notes`) VALUES (2,5,NULL),(3,5,NULL),(4,5,NULL),(5,5,NULL),(6,6,''),(7,5,NULL),(8,5,NULL),(9,5,NULL),(10,5,NULL),(11,5,NULL),(12,5,NULL),(13,5,NULL),(14,5,NULL),(15,5,NULL),(16,5,NULL),(17,5,NULL),(18,5,NULL),(19,5,NULL),(20,5,NULL),(21,5,''),(22,5,NULL),(23,5,NULL),(24,5,NULL),(25,5,NULL),(26,6,''),(27,5,NULL),(28,5,NULL),(29,5,NULL),(30,5,NULL),(31,5,NULL),(32,5,NULL),(33,6,''),(34,5,NULL),(35,5,NULL),(36,5,NULL),(37,5,NULL),(38,5,NULL),(39,5,NULL),(40,6,''),(41,5,NULL),(42,5,NULL),(43,5,NULL),(44,5,NULL),(45,5,NULL),(46,5,NULL),(47,5,NULL),(48,5,NULL),(49,5,NULL),(50,5,NULL),(51,5,NULL),(52,5,NULL),(53,5,NULL),(54,5,NULL),(55,5,NULL),(56,5,NULL),(57,5,NULL),(58,5,NULL),(59,5,NULL),(60,5,NULL),(61,5,NULL),(62,5,NULL),(63,5,NULL),(64,5,NULL),(65,5,NULL),(66,5,NULL),(67,5,NULL),(68,5,NULL),(69,5,NULL),(70,5,NULL),(71,5,NULL),(72,5,NULL),(73,5,NULL),(74,5,NULL),(75,5,NULL),(76,6,''),(77,5,NULL),(78,5,NULL),(79,6,''),(80,5,''),(81,5,NULL),(82,5,NULL),(83,5,NULL),(84,5,NULL),(85,5,NULL),(86,5,NULL),(87,5,NULL),(88,5,NULL),(89,5,NULL),(90,5,NULL),(91,5,NULL),(92,5,NULL),(93,5,NULL),(94,5,NULL),(95,5,NULL),(96,5,NULL),(97,5,NULL),(98,5,NULL),(99,5,NULL),(100,5,NULL),(101,6,''),(102,5,NULL),(103,5,NULL),(104,6,''),(105,5,NULL),(106,5,NULL),(107,6,''),(108,5,NULL),(109,5,NULL),(110,5,NULL),(111,5,NULL),(112,5,NULL),(113,5,NULL),(114,5,NULL),(115,5,NULL),(116,5,NULL),(117,6,''),(118,5,NULL),(119,5,NULL),(120,5,NULL),(121,5,NULL),(122,5,NULL),(123,5,NULL),(124,5,NULL),(125,5,NULL),(126,5,NULL),(127,5,NULL),(128,5,NULL),(129,5,NULL),(130,6,''),(131,5,NULL),(132,5,NULL),(133,5,NULL),(134,5,NULL),(135,5,NULL),(136,6,''),(137,5,NULL),(138,5,NULL),(139,5,NULL),(140,5,NULL),(141,5,NULL),(142,5,NULL),(143,5,NULL),(144,5,NULL),(145,5,NULL),(146,5,NULL),(147,5,NULL),(148,5,NULL),(149,5,NULL),(150,5,NULL),(151,5,NULL),(152,5,NULL),(153,6,''),(154,5,NULL),(155,5,NULL),(156,5,NULL),(157,5,NULL),(158,5,NULL),(159,6,''),(160,5,NULL),(161,5,NULL),(162,5,''),(163,5,NULL),(164,5,NULL),(165,5,NULL),(166,5,NULL),(167,5,NULL),(168,5,NULL),(169,5,NULL),(170,5,NULL),(171,6,''),(172,5,NULL),(173,5,NULL),(174,5,NULL),(175,5,NULL),(176,5,NULL),(177,5,NULL),(178,5,NULL),(179,5,NULL),(180,5,NULL),(181,5,NULL),(182,5,NULL),(183,5,NULL),(184,5,NULL),(185,6,''),(186,5,NULL),(187,6,''),(188,5,NULL),(189,5,NULL),(190,5,NULL),(191,5,''),(192,5,NULL),(193,5,NULL),(194,5,NULL),(195,5,NULL),(196,5,NULL),(197,5,NULL),(198,5,NULL),(199,5,NULL),(200,5,NULL),(201,5,NULL),(202,5,''),(203,5,NULL),(204,5,NULL),(205,6,''),(206,5,NULL),(207,5,NULL),(208,5,NULL),(209,5,NULL),(210,5,NULL),(211,5,NULL),(212,5,NULL),(213,5,NULL),(214,5,NULL),(215,5,NULL),(216,5,NULL),(217,6,''),(218,5,NULL),(219,5,NULL),(220,5,NULL),(221,5,NULL),(222,5,NULL),(223,5,NULL),(224,5,NULL),(225,5,NULL),(226,5,NULL),(227,5,NULL),(228,5,NULL),(229,5,NULL),(230,5,NULL),(231,5,NULL),(232,5,NULL),(233,5,NULL),(234,5,NULL),(235,5,NULL),(236,6,''),(237,5,NULL),(238,5,NULL),(239,5,NULL),(240,5,NULL),(241,5,NULL),(242,5,NULL),(243,5,NULL),(244,5,NULL),(245,5,NULL),(246,9,''),(247,5,NULL),(248,6,''),(249,5,NULL),(250,6,''),(251,6,''),(252,5,NULL),(253,6,NULL),(254,5,NULL),(255,5,NULL),(256,6,NULL),(257,6,NULL),(258,6,NULL),(259,6,NULL),(260,5,NULL),(261,5,NULL),(262,6,NULL),(263,5,NULL),(264,5,NULL),(265,5,NULL),(266,5,NULL),(267,5,''),(268,5,NULL),(269,5,NULL),(270,6,NULL),(271,6,NULL),(272,6,''),(273,6,NULL),(274,6,NULL),(275,6,NULL),(276,6,NULL),(277,6,NULL),(278,6,NULL),(279,5,''),(280,6,NULL),(281,6,NULL),(282,6,''),(283,6,NULL),(284,6,NULL),(285,6,NULL),(286,5,NULL),(287,6,''),(288,6,NULL),(289,5,NULL),(290,6,NULL);
/*!40000 ALTER TABLE `customers` ENABLE KEYS */;
UNLOCK TABLES;

--
-- Table structure for table `grower_items`
--

DROP TABLE IF EXISTS `grower_items`;
/*!40101 SET @saved_cs_client     = @@character_set_client */;
/*!40101 SET character_set_client = utf8 */;
CREATE TABLE `grower_items` (
  `item_id` int(11) NOT NULL AUTO_INCREMENT,
  `grower_id` int(11) DEFAULT NULL,
  `item_name` varchar(45) DEFAULT NULL,
  `item_value` decimal(7,2) DEFAULT NULL,
  `item_unit` varchar(20) DEFAULT NULL,
  `item_available_from` smallint(6) DEFAULT NULL,
  `item_available_to` smallint(6) DEFAULT NULL,
  PRIMARY KEY (`item_id`),
  KEY `grower_id` (`grower_id`),
  CONSTRAINT `grower_id` FOREIGN KEY (`grower_id`) REFERENCES `growers` (`grower_id`) ON DELETE NO ACTION ON UPDATE NO ACTION
) ENGINE=InnoDB AUTO_INCREMENT=275 DEFAULT CHARSET=latin1;
/*!40101 SET character_set_client = @saved_cs_client */;

--
-- Dumping data for table `grower_items`
--

LOCK TABLES `grower_items` WRITE;
/*!40000 ALTER TABLE `grower_items` DISABLE KEYS */;
INSERT INTO `grower_items` (`item_id`, `grower_id`, `item_name`, `item_value`, `item_unit`, `item_available_from`, `item_available_to`) VALUES (2,2,'Bananas','1.00','KG',1,12),(3,3,'Apples','5.00','KG',2,11),(5,1,'Beans','7.00','KG',4,10),(6,3,'Pumpkin','6.00','KG',1,12),(7,3,'Bamboo Shoots','10.00','KG',1,12),(8,1,'Bok Choy','1.00','KG',1,12),(9,2,'Red Bananas','1.00','KG',1,12),(10,9,'Paw Paw','0.00','KG',1,12),(11,31,'Avocados','1.00','EA',1,12),(12,9,'Bok choi, red','2.50','KG',1,12),(13,32,'Asian Greens','2.00','BUNCH',1,12),(14,32,'Lemons','0.50','EA',1,12),(15,9,'Beetroot, red & gold','5.00','KG',1,12),(16,9,'Spinach, English 250g bag','3.00','EA',1,12),(17,33,'Kale, Red Russian','2.20','BUNCH',1,12),(18,33,'rhubarb','3.00','KG',1,12),(19,33,'Rocket, bag','2.20','EA',1,12),(20,33,'Rocket, Japanese, bag','2.20','KG',1,12),(21,33,'silverbeet','2.50','BUNCH',1,12),(22,37,'cucumbers','0.60','KG',1,12),(23,44,'Sprouts','1.50','EA',1,12),(24,5,'cabbage','4.00','KG',1,12),(25,11,'sweet potato','2.80','KG',1,12),(26,13,'Oranges','0.26','EA',1,12),(27,14,'Apples, Benjamin (gold)','1.20','KG',1,12),(28,18,'cabbage','5.00','EA',1,12),(30,18,'ginger','10.00','KG',1,12),(31,23,'Peas, shelling','5.00','KG',1,12),(32,23,'Peas, sugarsnap','6.50','KG',1,12),(33,25,'potatoes, sebago','1.55','KG',1,12),(34,31,'mushrooms','8.12','KG',1,12),(35,37,'tomatoes','4.00','KG',1,12),(36,55,'bananas','1.35','KG',1,12),(37,5,'lemons','2.00','KG',1,12),(38,2,'grapefruit','0.34','EA',5,10),(39,2,'jerusalem artichoke','6.00','KG',4,8),(40,33,'coriander','2.00','BUNCH',1,12),(41,33,'mizuna (japanese rocket), bag','2.00','EA',1,12),(42,33,'shallots','2.00','BUNCH',1,12),(43,31,'Apples','2.08','KG',1,12),(44,14,'Apples-gala','2.70','KG',1,12),(45,14,'Apples-jennifer (red)','5.00','KG',1,12),(46,42,'asian greens','1.50','BUNCH',1,12),(47,52,'asian greens','1.50','EA',1,12),(48,65,'asian greens','1.00','EA',1,12),(49,66,'avocado','1.00','EA',1,12),(50,67,'avocado','0.35','KG',1,12),(51,68,'avocado','0.50','EA',1,12),(52,66,'baby beets','3.00','BUNCH',1,12),(53,26,'baby bok choi','2.50','BUNCH',1,12),(54,66,'baby leeks','2.50','BUNCH',1,12),(55,31,'Bananas','2.00','KG',1,12),(56,56,'basil','2.00','KG',1,12),(58,69,'basil 100g bags','2.00','EA',1,12),(59,66,'beans','5.00','KG',1,12),(60,26,'beans','4.00','KG',1,12),(61,70,'beans','4.00','KG',1,12),(62,31,'beans','4.00','KG',1,12),(63,69,'beetroot, gold','5.00','KG',1,12),(64,18,'black sabote','4.00','KG',1,12),(65,57,'blueberries','3.00','EA',1,12),(66,18,'bok choi','2.50','EA',1,12),(67,65,'bok choi','2.00','EA',1,12),(68,69,'bok choi (red)','1.80','EA',1,12),(69,69,'Broadbeans','9.00','KG',1,12),(70,71,'broccoli','4.00','KG',1,12),(71,69,'broccoli pieces ','5.00','KG',1,12),(72,66,'Button squash','5.00','KG',1,12),(73,31,'button squash','0.63','EA',1,12),(74,72,'cabbage','3.50','EA',1,12),(75,73,'cabbage, sugarloaf','4.00','EA',1,12),(76,69,'capsicum','5.00','KG',1,12),(77,73,'carrot bunches','3.00','EA',1,12),(78,70,'carrot bunches','2.50','EA',1,12),(79,66,'carrots, baby','2.50','KG',1,12),(80,66,'carrots, dutch bunch','2.50','BUNCH',1,1),(81,69,'celariac','0.00','EA',1,12),(82,74,'celery','3.00','EA',1,12),(83,65,'chillies','12.00','KG',1,12),(84,39,'chinese celery','1.50','EA',1,12),(85,75,'choko','0.00','EA',1,12),(86,18,'coriander','2.00','BUNCH',1,12),(87,39,'coriander','1.50','EA',1,12),(88,74,'coriander','2.20','EA',1,12),(89,18,'corn','1.00','EA',1,12),(90,26,'corn','0.80','EA',1,12),(91,73,'corn','1.00','EA',1,12),(92,70,'corn','0.50','EA',1,12),(93,18,'cucumber','0.50','EA',1,12),(94,26,'cucumber','0.50','EA',1,12),(95,76,'basil','2.00','BUNCH',1,12),(96,76,'cucumber','0.60','EA',1,12),(97,2,'cumquats, nagami (oval)','6.00','KG',1,12),(98,56,'custard apple','1.50','KG',1,12),(99,31,'custard apple','1.00','EA',1,12),(100,73,'daicon, pink','3.00','BUNCH',1,12),(101,65,'daicon','4.00','EA',1,12),(102,76,'eggplant','4.00','KG',1,12),(103,73,'eggplant','6.00','KG',1,12),(104,31,'eggplant','1.50','EA',1,12),(105,69,'eggplant, finger','4.00','KG',1,12),(106,18,'fennel','2.50','EA',1,12),(107,31,'Frilly letuce','1.50','EA',1,12),(108,57,'fuji apples, 1st\'s','3.50','KG',1,12),(109,57,'fuji apples, 2nd\'s','2.00','KG',1,12),(110,66,'galangal','13.00','EA',1,12),(111,65,'galangal','12.00','KG',1,12),(112,67,'garlic','0.00','KG',1,12),(113,31,'garlic','20.00','BUNCH',1,12),(114,74,'garlic, giant','18.00','KG',1,12),(115,74,'garlic, purple','20.00','KG',1,12),(116,73,'garlic, purple','35.00','EA',1,12),(117,77,'garlic, russian, small','0.80','EA',1,1),(118,56,'garlic pieces','15.00','KG',1,12),(119,73,'garlic, purple, new season','35.00','KG',1,12),(120,78,'garlic, purple, new season','18.00','KG',1,12),(121,21,'garlic, single cloves','0.20','EA',1,12),(122,56,'ginger','11.00','KG',1,12),(123,29,'grapefruit ','0.34','EA',1,12),(124,79,'grapefruit','1.00','EA',1,12),(125,18,'grapefruit','0.00','EA',1,12),(126,67,'grapefruit','0.30','EA',1,1),(127,18,'Green cabbage','0.00','EA',1,12),(128,21,'herbs','1.50','BUNCH',1,12),(129,26,'honeydew melon','0.00','EA',1,12),(130,56,'italian garlic','20.00','KG',1,12),(131,32,'italian parsley','1.50','BUNCH',1,12),(132,18,'jaboticabas punnet','3.50','EA',1,12),(133,15,'jerusalem artichoke','5.00','KG',1,12),(134,42,'jerusalem artichoke','4.00','KG',1,12),(135,65,'jerusalem artichoke','4.00','KG',1,12),(136,72,'jerusalem artichoke','6.00','EA',1,12),(137,56,'kale','2.00','BUNCH',1,12),(138,74,'kale, red russian','2.20','EA',1,12),(139,66,'kale, red russian','3.40','BUNCH',1,12),(140,36,'kiwifruit','4.00','KG',1,12),(141,15,'kiwifruit, golden ','6.00','KG',1,12),(142,80,'kiwifruit','0.33','EA',1,12),(143,18,'leeks','2.50','BUNCH',1,12),(144,81,'lemonades','0.00','KG',1,12),(145,79,'lemonades','1.00','EA',1,12),(146,18,'lemonades','0.50','EA',1,12),(147,32,'lemonades','0.50','EA',1,12),(148,30,'lemonades','0.50','EA',1,12),(149,66,'lemongrass, small','1.50','BUNCH',1,12),(150,29,'lemons','0.34','EA',1,12),(151,79,'lemons','1.00','EA',1,12),(152,17,'lemons','0.40','EA',1,12),(153,52,'lemons','0.63','EA',1,1),(154,72,'lemons','0.50','EA',1,12),(155,73,'lemons','0.55','EA',1,12),(156,32,'lemons','0.50','EA',1,12),(157,56,'lemons','0.30','EA',1,12),(158,18,'lettuce','2.20','EA',1,12),(159,66,'lettuce','1.25','EA',1,12),(160,66,'lettuce, cos','2.00','EA',1,12),(161,65,'lettuce, cos','1.50','EA',1,12),(162,66,'lettuce, mixed','1.50','EA',1,12),(163,81,'limes','0.00','EA',1,12),(164,56,'limes','0.50','EA',1,12),(165,82,'limes','0.45','EA',1,12),(166,83,'limes','0.00','EA',1,12),(167,31,'limes','0.50','EA',1,12),(168,84,'mandarins','0.00','EA',1,12),(169,79,'mandarins','2.50','KG',1,12),(170,18,'mandarins','3.00','KG',1,12),(171,29,'mandarins, emperor','0.25','EA',1,12),(172,56,'mandarins, honey murcott','1.00','KG',1,12),(173,39,'mixed herb bunch','1.50','BUNCH',1,12),(174,32,'mixed lettuce, 100g','2.00','EA',1,12),(175,66,'mizuna','15.00','KG',1,12),(176,74,'mizuna, jap rocket','1.50','EA',1,12),(177,66,'okra','5.00','KG',1,12),(178,79,'oranges','1.50','KG',1,12),(179,18,'oranges, navel','2.00','KG',1,12),(180,79,'oranges, valencia','1.50','KG',1,12),(181,13,'oranges, valencia','0.26','EA',1,12),(182,69,'pak choi','1.50','BUNCH',1,12),(183,66,'pak choi','2.00','EA',1,12),(184,18,'parsley','2.00','BUNCH',1,12),(185,31,'parsley','1.65','KG',1,12),(186,39,'parsley, flat','1.50','EA',1,12),(187,66,'parsley, rocket, rosem','2.00','BUNCH',1,12),(188,31,'pears','1.72','KG',1,12),(189,31,'peas, sugarsnap','6.80','KG',1,12),(190,31,'peas, shelling','5.00','KG',1,12),(191,66,'peacans','8.00','KG',1,12),(192,85,'persimmon','0.40','EA',1,12),(193,31,'pineapplle once','2.00','EA',1,12),(194,31,'plums','3.00','KG',1,12),(195,56,'potatoes','2.20','KG',1,12),(196,26,'potatoes','1.50','KG',1,12),(197,35,'potato, nicola','1.50','KG',1,12),(198,35,'potato, red bison','1.25','KG',1,12),(199,35,'potato, sebago','1.25','KG',1,12),(200,35,'potato, sebago seconds','1.00','KG',1,12),(201,25,'potato varieties ','1.50','KG',1,12),(202,26,'potkins','1.50','KG',1,12),(203,69,'pumpkin','1.50','EA',1,12),(204,55,'pumpkin','1.50','EA',1,12),(205,18,'pumpkin','1.50','KG',1,12),(206,76,'pumpkin','1.50','KG',1,12),(207,86,'pumpkin','2.50','KG',1,1),(208,11,'pumpkin','1.00','EA',1,12),(209,65,'mixed radish','5.00','KG',1,12),(210,18,'raddish bunches','2.50','EA',1,12),(211,18,'red cabbage','3.00','KG',1,12),(212,66,'red lettuce','1.20','EA',1,12),(213,26,'red onion bunch','1.50','BUNCH',1,12),(214,74,'rhubarb','3.50','EA',1,12),(215,69,'rhubarb','3.00','BUNCH',1,12),(216,66,'rhubarb','3.00','BUNCH',1,12),(217,42,'rocket','2.00','BUNCH',1,12),(218,74,'rocket bag','2.20','EA',1,12),(219,69,'rocket bag','2.50','EA',1,12),(220,26,'rockmelon','2.50','EA',1,12),(221,65,'rosella','10.00','KG',1,12),(222,56,'salad mix','17.00','KG',1,12),(223,66,'salad mix','18.00','KG',1,12),(224,42,'salad mix','15.00','KG',1,1),(225,65,'salad mix','10.00','KG',1,12),(226,69,'salad mix bag','3.00','EA',1,12),(227,74,'shallots','2.00','EA',1,12),(228,76,'shallots','2.00','BUNCH',1,12),(229,88,'shitake','3.50','BUNCH',1,12),(230,74,'silverbeet','2.50','EA',1,12),(231,66,'silverbeet','3.00','BUNCH',1,12),(232,18,'silverbeet','2.00','BUNCH',1,12),(233,42,'silverbeet','1.50','BUNCH',1,12),(234,26,'silverbeet','2.00','BUNCH',1,12),(235,70,'silverbeet','1.50','BUNCH',1,12),(236,31,'silverbeet','1.50','EA',1,12),(237,69,'spinach, english','3.00','EA',1,12),(238,66,'spring onion','2.50','BUNCH',1,12),(239,82,'sprouts','1.50','EA',1,12),(240,18,'squash','8.00','KG',1,12),(241,29,'starfruit','0.34','EA',1,12),(242,66,'sugarloaf cabb','1.50','EA',1,12),(243,42,'swedes','3.00','KG',1,12),(244,11,'sweet potato','2.80','KG',1,12),(245,30,'sweet potato','2.80','KG',1,12),(246,31,'tamarillos','0.25','EA',1,12),(247,29,'tangellos','0.34','EA',1,12),(248,69,'tatsoi','2.00','EA',1,12),(249,66,'tatsoi','15.00','EA',1,12),(250,18,'tatsoi','1.50','EA',1,12),(251,74,'tomato bags','2.50','KG',1,12),(252,76,'tomato punnet','3.00','EA',1,12),(253,76,'tomatoes','4.00','KG',1,12),(254,79,'tumuric','10.00','KG',1,12),(255,66,'tumuric','13.00','KG',1,12),(256,74,'tumeric','15.00','KG',1,12),(257,66,'tumeric','12.00','KG',1,12),(258,74,'tumeric, loose','12.00','KG',1,12),(259,32,'tumeric, loose','12.00','EA',1,12),(260,65,'tumeric seconds','5.00','KG',1,12),(261,65,'turnip','2.00','KG',1,12),(262,18,'turnip bunches','2.00','BUNCH',1,12),(263,26,'white onion','2.00','EA',1,12),(264,52,'winter soup bunch','1.50','EA',1,12),(265,72,'yacon','5.00','EA',1,12),(266,42,'yacon','3.00','EA',1,12),(267,65,'yacon','5.00','EA',1,12),(268,26,'yellow beans','4.00','KG',1,12),(269,66,'yellow capsicum','3.00','KG',1,12),(270,56,'zucchini','0.50','EA',1,12),(271,66,'zucchini','4.00','KG',1,12),(272,74,'zucchini','1.00','EA',1,12),(273,31,'zucchini','0.40','EA',1,12),(274,65,'tumeric','10.00','EA',1,12);
/*!40000 ALTER TABLE `grower_items` ENABLE KEYS */;
UNLOCK TABLES;

--
-- Table structure for table `growers`
--

DROP TABLE IF EXISTS `growers`;
/*!40101 SET @saved_cs_client     = @@character_set_client */;
/*!40101 SET character_set_client = utf8 */;
CREATE TABLE `growers` (
  `grower_id` int(11) NOT NULL AUTO_INCREMENT,
  `grower_name` varchar(45) DEFAULT NULL,
  `company_name` varchar(255) NOT NULL,
  `Ordering` varchar(255) NOT NULL,
  `grower_email` varchar(150) DEFAULT NULL,
  `grower_website` varchar(100) DEFAULT NULL,
  `grower_phone` varchar(45) DEFAULT NULL,
  `grower_mobile` varchar(45) DEFAULT NULL,
  `grower_address` varchar(150) DEFAULT NULL,
  `grower_address2` varchar(150) DEFAULT NULL,
  `grower_postcode` varchar(15) DEFAULT NULL,
  `grower_suburb` varchar(45) DEFAULT NULL,
  `grower_state` varchar(45) DEFAULT NULL,
  `grower_distance_kms` varchar(45) DEFAULT NULL,
  `ABN` varchar(255) NOT NULL,
  `grower_bank_account_name` varchar(45) DEFAULT NULL,
  `grower_bank_bsb` varchar(45) DEFAULT NULL,
  `grower_bank_acc` varchar(45) DEFAULT NULL,
  `grower_certification_status` varchar(150) DEFAULT NULL,
  `grower_order_days` varchar(255) DEFAULT NULL,
  `grower_produce` text,
  `grower_notes` text,
  `grower_payment_details` text,
  `lattitude` decimal(18,12) NOT NULL,
  `longitude` decimal(18,12) NOT NULL,
  `status` smallint(6) DEFAULT '1',
  PRIMARY KEY (`grower_id`)
) ENGINE=InnoDB AUTO_INCREMENT=89 DEFAULT CHARSET=latin1;
/*!40101 SET character_set_client = @saved_cs_client */;

--
-- Dumping data for table `growers`
--

LOCK TABLES `growers` WRITE;
/*!40000 ALTER TABLE `growers` DISABLE KEYS */;
INSERT INTO `growers` (`grower_id`, `grower_name`, `company_name`, `Ordering`, `grower_email`, `grower_website`, `grower_phone`, `grower_mobile`, `grower_address`, `grower_address2`, `grower_postcode`, `grower_suburb`, `grower_state`, `grower_distance_kms`, `ABN`, `grower_bank_account_name`, `grower_bank_bsb`, `grower_bank_acc`, `grower_certification_status`, `grower_order_days`, `grower_produce`, `grower_notes`, `grower_payment_details`, `lattitude`, `longitude`, `status`) VALUES (1,'Sonja Engelhardt','','','sonniengel@gmail.com','',NULL,NULL,'Orara Valley',NULL,NULL,NULL,NULL,'','','','','','','','blueberries, mandarins, kiwi, citrus, walnuts','inactive - doesn\'t have supply to make the distance travelled worthwhile.','test','0.000000000000','0.000000000000',1),(2,'Alan Johnstone Biodynamic Agriculture','','','bdpreps@biodynamics.net.au','',NULL,NULL,'Maher\'s Rd, Bellingen/Boggy Creek',NULL,NULL,NULL,NULL,'','','','','','','',NULL,NULL,NULL,'-30.442425000000','152.818835000000',1),(3,'Bamboo Gardens Farmstay (Richard Hersel)','','','bamboogardensfarmstay@gmail.com ','www.bamboosatnambuccavalley.com.au','02 6564 8089 ',NULL,NULL,NULL,NULL,NULL,NULL,NULL,'',NULL,NULL,NULL,NULL,NULL,NULL,NULL,NULL,'0.000000000000','0.000000000000',1),(5,'Amanda','Orange Moon Organics','online order form','orangemoon@skymesh.com.au','','','','','Taylors arm','','Taylors Arm','NSW','1','1','1','1','1','certified organic','','pumpkin, eggplant, potatoes, carrots, garlic, beans, corn, cabbage, romanesco broccoli\r\n','will send email with list - pick up from growers market - or will deliver if big enough order.','','-30.690675000000','152.726549400000',1),(6,'Archer, William','','','stinglessbees@hotmail.com *doesn\'t check emails often*','','','0409 665506','','','','','NSW','','','','','','','','','','','0.000000000000','0.000000000000',1),(7,'Arnett, John','','','','','','','','','','','NSW','','','','','','','','parsley','','','0.000000000000','0.000000000000',1),(8,'Bates, Terry','Bellbowra Organic Pecans','','bellbowra@bordernet.com.au','','02-6564 8747','','64 Helliwells Rd','','2449','Missabotti','NSW','','','','','','','','pecans; Garlic, small Russian','','','-30.590567000000','152.843074000000',1),(9,'Bond, Peter','Binderay Farm','email','','','6649 4311','','3860 Armidale Rd','','2460','Nymboida','NSW','','','','','','','thurs/fri preferred, packs sundays, delivers Monday','basil (100g bags), finger eggplant (til end April?), chinese greens from May','','','-29.944042000000','152.727793000000',1),(10,'Bregce','','','','','02 6655 8641','','1033 Darkwood Rd','','2454','Thora','NSW','','','','','','','','','','','-30.438304000000','152.694475000000',1),(11,'Briggenshaw, Steve ','','Phone','','','','0488 033 827','Valery (Professor Stoodley\'s property)','','','','NSW','','','','','','spray free','by Monday','sweet potato varieties','','BSB 062230 Acc.10360454 M&J Stoodley','0.000000000000','0.000000000000',1),(12,'Brown, Dee','','','','','02 6655 8704','',' 1709 Darkwood Rd','','2454','Thora','NSW','','','','','','spray free','','avocadoes','','BSB 732476; ac 536928; ac name: Ms Dianne Margret Brown','-30.428230100000','152.750759600000',1),(13,'Christoph','','','','','','0439 406 793','1033 Darkwood Rd (Patanga)','','','Thora','NSW','','','','','','organic','','citrus','','','-30.424945600000','152.778563600000',1),(14,'Cortice, Tony','','phone','','','6657 6116','','1187 Marengo Rd','','2453','Hernani','NSW','','','','','','organic but not certified','Every second Wednesday before produce Market','Royal Gala apples, Satsuma blood plums','','cheque to Hillside Books','-30.211381000000','152.384649000000',1),(15,'Cranny, Jillian (Jill)','','','','','02 6657 3273','','W Rees Rd','','2453','Deers vale','NSW','','','','','','','Thurs/Fri before produce market','golden kiwi fruit, jerusalem artichokes, chervil, thyme year round, chives year round','','BCU Dorrigo; Acc No 76998S1 or S4','-30.378405500000','152.523206700000',1),(16,'Cranny, Louise','','','','','02 6655 2462','','1817 Kalang Rd','','2454','Kalang','NSW','','','','','','','','','','','-30.508187500000','152.769337800000',1),(17,'Dan','Lakeview Fresh Mushrooms','via Sue Kelly','','','02 6653 3377','','254 S Boambee Rd','','2450','Boambee','NSW','','','','','','','','mushrooms','','cheque made out to Lakeview Fresh Mushrooms, delivered to Sue Kelly','-30.340332600000','153.043492300000',1),(18,'Dieter and Shankari','','Text','','','','0478397389','','','','Bundagen','NSW','','','','','','organic chemical free','text on weekend-Monday','jap pumpkin, ginger, tatsoi, pakchoi, tamarillo, citrus, red cabbage, corn, lettuce, leeks, silverbeet','','cash cheque on delivery','-30.421426800000','153.058052400000',1),(19,'Eli','','','','','','0401 395 049','Scotchman Rd','','','','NSW','','','','','','spray free','','yakon','just starting','','-30.454899900000','152.888483900000',1),(20,'Engelhardt, Sonja ','','','sonniengel@gmail.com','','','','','','','Orara Valley','NSW','','','','','','','','blueberries, mandarins, kiwi, citrus, walnuts','*inactive - doesn\'t have supply to make the distance travelled worthwhile.','','0.000000000000','0.000000000000',1),(21,'Godkin, Greg & Robson, Liz','Merricks Creek Organics BFA certified','','ggodkin49@gmail.com','','','0432 858 870','','','','','NSW','','','','','','','','garlic, pumpkin, herbs, (red grapefruit in 2013)','','','0.000000000000','0.000000000000',1),(22,'Hayden, Nell','','','','','02 6655 2234','','Bellingen','','2454','Bellingen','NSW','','','','','','','','','','','-30.439233900000','152.845071200000',1),(23,'Henderson, Ron','','via Sue','','','','','','','','Valla','NSW','','','','','','spray free','','beans','','bsb: 704 328 a/c 6952S10','-30.598331500000','152.970294900000',1),(24,'Hersel, Richard','Bamboo Gardens Farmstay','','bamboogardensfarmstay@gmail.com ','www.bamboosatnambuccavalley.com.au','02 6564 8089 ','','188 Bellingen Rd','','2449','Bowraville','NSW','','','','','','','','','','','-30.624499000000','152.850712000000',1),(25,'Holmes, Ian','','','','','via Sue Kelly','','','','','','NSW','','','','','','in conversion organic','','potatoes','','','0.000000000000','0.000000000000',1),(26,'Hopper, Matt','','','','','','0401 828 199','','','2449','Bowraville','NSW','','','','','','spray free','','bok choy (large), snowpeas, pumpkin, carrots, potkins, watermelon, corn','','cash on delivery','-30.644698800000','152.853152000000',1),(27,'Horn, Stacey','','','lilmumajuju@live.com.au','','02 6569 5914','','458 Valla Rd','','2448','Valla','NSW','','','','','','','','BD grower','','','-30.588733000000','152.953702000000',1),(28,'Jim or Lesley','CHESS Innovation Farm','','jim@ chessemployment.com.au','','02 6653 5846','0447 947 037','Bonville','','','Bonville','NSW','','','','','','certified organic','email by Mon. morn for delivery with fee on Tues afternoon after receive availability list on Thurs. ','rhubarb, salad mix, herbs, cabbages, broccoli, pecans, macadamias','','BSB: 704328; ac 213762; ac name: CHESS Innovation Farm','-30.378494300000','153.063238000000',1),(29,'Johnstone, Alan','Biodynamic Agriculture Australia','','bdpreps@biodynamics.net.au','','','','Mahers Rd','','','Boggy Creek','NSW','','','','','','','','','','','0.000000000000','0.000000000000',1),(30,'Kardinahl, Ute','','','','www.kardinahl.de','02 6655 9138','','325 Hydes Creek Rd','','','Bellingen','NSW','','','','','','spray free','','citrus, persimmon, german-style jams/marmalades, white eggplants, grumichama, sweet potato (for someone to dig)','','BSB 732576; Ac. 668453','-30.426684000000','152.910566000000',1),(31,'Kelly, Sue','','','','','02 6655 1279','0407 912 150','1603 Kalang Rd','','2454','Kalang','NSW','','','','','','organic, no longer certified','','lettuce, silverbeet, mushrooms; can get honey $35/15kg','','BSB 704 328, a/c no: 8897 S; ac. name: CJ & SM Kelly','-30.500340800000','152.779429900000',1),(32,'Lamir, Nakia','','','egyptianbluelotus@hotmail.com','','','','','','','','NSW','','','','','','SF - biodynamic principles','','asian greens, citrus, turmeric','','','0.000000000000','0.000000000000',1),(33,'Lanem, Heyden & Eleanor','Fairweather Farm','','fairweatherorganic@gmail.com ','','6655 78206','','','','','Nymboida','NSW','','','','','','','','garlic, tumeric, rhubarb, blueberries, tomatoes, watermelon, beetroot, pumpkins, broccoli, zucchini, capsicum, chilli, chives, cucumber, dill, kale, lettuce, mint, parsley, rocket, rosemary, peppermint, oregano, coriander','','','-29.938609800000','152.726308200000',1),(34,'Leif - home grower','','','','','02 6655 8770','','922 Darkwood Rd','','2454','Darkwood','NSW','','','','','','','','produce to donate, limes, tumeric, ginger, avocados','','','-30.433148000000','152.700872000000',1),(35,'Lewis, Ken & Linda','','','kenlewis@skymesh.com.au','','02 6657 8255','','9435 Armidale Rd','','2453','Tyringham','NSW','','','','','','certified organic','','potatoes','','BSB 082561; ac 588661415; ac name: Ken and Lynda Lewis','-30.259507000000','152.462912000000',1),(36,'Lockyer, Jon & Jaki','','','','','','0488 921 669','','','','','NSW','','','','','','','','kiwi fruit','','bsb:704 328, a/c no: 52289, name: Jaki & Jon Lockyer','0.000000000000','0.000000000000',1),(37,'Lois','Fosters Harvest','','','','02 6652 3364','','120 Mastracolas Rd','','2450','Coffs Harbour','NSW','','','','','','','Friday or Monday','cucumber, shallots, grape tomatoes, pumpkin','','','-30.290024100000','153.097187500000',1),(38,'Lynda ?','','','tony.saunders2@bigpond.com.au ','','','','','','','','NSW','','','','','','','','','','','0.000000000000','0.000000000000',1),(39,'Macdonald, Jimmy','','','macdonald.jimmy1@gmail.com','','02 6655 0981','','20 Crown St ','','','Bellingen','NSW','','','','','','spray free','','aquaponic herbs & greens','','','-30.456188000000','152.902071000000',1),(40,'Marnie and Jamie','','','','','02 6655 0582','','1596 Kalang Rd','','','Kalang','NSW','','','','','','organic','Friday or Saturday','parsley','','','-30.497776000000','152.782247000000',1),(41,'McCabe, Paul','','via Sue Kelly','','','','','','','','','NSW','','','','','','','','avocadoes','','cash cheque to Sue','0.000000000000','0.000000000000',1),(42,'Michael & Jodi Wright','','phone or email','m.jwright@bigpond.com  wrightoysters@virginbroadband.com.au ','','02 6657 1958','','40 Parberrys Ln','','2453','Dorrigo','NSW','','','','','','','','various greens','','','-30.326109000000','152.669224000000',1),(43,'Molloy, Jane','','','','','','','','','','','NSW','','','','','','','','garlic','','','0.000000000000','0.000000000000',1),(44,'Neal, Jodie & John','Forest Gate Organics','','forestgateorganics@bigpond.com','','02 6655 1453','','2260 Kalang Rd','','2454','Kalang','NSW','','','','','','organic','Thursday before 10am','sprouts - Must be stored below 5 deg.','','bsb: 032 585, a/c no: 139118, name: Forest Gate Organics','-30.500687000000','152.739383000000',1),(45,'O\'Mara Damien','','','','','','0427785935','','','','Bonville','NSW','','','','','','spray free','soon as possible','shitake and oyster mushrooms','25 trays every 2nd week','','-30.376170100000','153.035254500000',1),(46,'Paperboys','PAPERBOYS','Phone','thepaperboys@bigpond.com','','02 6651 2799','','Bay 8/9 Gdt Seccombe Cl; PO Box 443','','','Coffs harbour','NSW','','','','','','','any day','','','BCU BSB 708 328; Acc. 61876','-30.296312100000','153.115672200000',1),(47,'Pepper, David','permaculture','','','','02 6655 0949','','184 Promised Land Rd','','2454','Glennifer','NSW','','','','','','','','sweet potato - get someone to dig (June 2012)','','','-30.375717000000','152.884486000000',1),(48,'Rob & Maxine','','','','','','0417 227590','','','','','NSW','','','','','','untried','','onions! and things','','','0.000000000000','0.000000000000',1),(49,'Robin','Dorrigo Grassfed Beef','','','','','','','','','','NSW','','','','','','','','','','sausages and all other cuts, $18.50/kg, 20kg boxes','0.000000000000','0.000000000000',1),(50,'Rose, Ben','','','','','','0411 316779','','','','','NSW','','','','','','spray free, organic seeds','','','grows next to NBCG','','0.000000000000','0.000000000000',1),(51,'Sala, Monica','','','','','02 6655 8566','','1709 Darkwood Rd','','2454','Thora','NSW','','','','','','','','citrus - limes, oranges, pink grapefruit','','','-30.428230100000','152.750759600000',1),(52,'Sames, Keiron','','','keironlse@hotmail.com','','','','','','','Karangi','NSW','','','','','','','','','','','-30.253853100000','153.047226500000',1),(53,'Shane, Marty, Pete Danzey','','','','','02 6655 2068','','570 Waterfall Way','','2454','Fernmount','NSW','','','','','','spray free','can order day before','spinach, cucumbers, corn, pumpking, grammas, watermelons, cabbage, broccoli','','cheque on delivery','-30.465566000000','152.953329000000',1),(55,'Tate, David','','','','','02 6656 4620','0423 490 780','15 Campbell Close','','2450','korora','NSW','','','','','','spray free','','bananas','every 2nd week','BSB 012625; ac. 515757352','-30.281320000000','153.096026000000',1),(56,'Taylor, Kathy & Willis, Bob','','','katherine gosset@hotmail.com','','02 6655 8619','',' Darkwood Rd','','2454','Thora','NSW','','','','','','Certified Biodynamic','Friday night or Saturday','garlic, cucumber, basil, kale, rocket, citrus, kiwi, radish, cabbage','','BSB 062697; ac. 10026362; ac name: C A Taylor','-30.428230100000','152.750759600000',1),(57,'Tindale, Brian & Hilda','','','tindal1442@bigpond.com','','02 6657 5224','0407 070 409','1442 Tyringham Rd','','2453','Bostobrick','NSW','','','','','','organic','','blueberries, apples, stone fruit','','bsb: 082 561, a/c 870239904, name:B & H Tindal','-30.269923000000','152.625289000000',1),(58,'Waugh, Alex','','','','','02 6655 1210','','399 Waterfall Way','','2454','Fernmount','NSW','','','','','','CONVENTIONAL','early morn, or night','cabbage, cauliflower, silverbeet, pumpkin, various veges','','','-30.469015000000','152.967972000000',1),(59,'Yeomans, WL & BJ ','','via Sue Kelly','','','02 6775 3177','0427 735 178','Greenhill\' Orchards,  670 Hawthorne Dr','','2358','Arding','NSW','','','','','','conventional but minimal spraying','','apples, pears','','WL  & BJ Yeomans; BSB 062501; Ac. 1027 6421','-30.561574000000','151.531066000000',1),(60,'Young, Frances','','','','','Frances: 02 6655 9808; John: 6655 1085\r','','Lot 2, 106 Kethels Rd','','2454','Bellingen','NSW','','','','','','uses bd preps **Non registered** no longer purchasing from June 2012','one week ahead','sprouts; medicinal salad mix','','cash cheque on del.','-30.415951000000','152.899764000000',1),(61,'Zanker, Tracey','Zanker\'s Farm','','','','','0407 330 771','70 North Arm Rd','','2449','bowraville','NSW','','','','','','certified organic','order before 10am Sat','eggs','min order 15 dozen','BSB 633111; Acc. 300721255; Acc name: TO & TN Zanker','-30.640300600000','152.846563400000',1),(62,'zz Geere, Pat *no longer ordering, produce su','','','','','02 6655 2514','','609 N Bank Rd','','2454','Raleigh','NSW','','','','','','organic chemical free','','potatoes (sebago), pumpkin (various), sweet potato, coriander, parsley, corn, silverbeet, zucchini, lemons, swedes/turnips','**blacklisted**','Pay into this acc: BSB 064446; ac 10038396; ac. name: AR Ellem. Backup acc: BSB 704328; ac. 11910; ac name: Pat Geere','-30.459108500000','152.952328800000',1),(63,'','Spirit of the Rainforest','','spiritoftherainforest@gmail.com','','02 6564 7426','0411 210 988','160 McHughs Creek Rd','','2449','South Arm','NSW','','','','','','','','davidson plums, midgum etc.. ','','','-30.686671000000','152.744932000000',1),(64,'Sherrington, Bob & Patti','','','','','02 6655 0778','','630 Bowraville Rd','','','Bellingen','NSW','','','','','','','','citrus, rainbow chard','','','-30.494746000000','152.891753000000',1),(65,'NCGarden','','',NULL,'',NULL,NULL,NULL,NULL,NULL,NULL,NULL,'','','','','','','','','','','0.000000000000','0.000000000000',1),(66,'CHESS','','',NULL,'',NULL,NULL,NULL,NULL,NULL,NULL,NULL,'','','','','','','','','','','0.000000000000','0.000000000000',1),(67,'Smith, May','','',NULL,'',NULL,NULL,NULL,NULL,NULL,NULL,NULL,'','','','','','','','','','','0.000000000000','0.000000000000',1),(68,'McCabe, Rob','','',NULL,'',NULL,NULL,NULL,NULL,NULL,NULL,NULL,'','','','','','','','','','','0.000000000000','0.000000000000',1),(69,'Binderay Farm','','',NULL,'',NULL,NULL,NULL,NULL,NULL,NULL,NULL,'','','','','','','','','','','0.000000000000','0.000000000000',1),(70,'Danzey, Pete','','',NULL,'',NULL,NULL,NULL,NULL,NULL,NULL,NULL,'','','','','','','','','','','0.000000000000','0.000000000000',1),(71,'Cheers, Tony','','',NULL,'',NULL,NULL,NULL,NULL,NULL,NULL,NULL,'','','','','','','','','','','0.000000000000','0.000000000000',1),(72,'Slorach, Ian','','',NULL,'',NULL,NULL,NULL,NULL,NULL,NULL,NULL,'','','','','','','','','','','0.000000000000','0.000000000000',1),(73,'Orange Moon','','',NULL,'',NULL,NULL,NULL,NULL,NULL,NULL,NULL,'','','','','','','','','','','0.000000000000','0.000000000000',1),(74,'Fairweather Farm','','',NULL,'',NULL,NULL,NULL,NULL,NULL,NULL,NULL,'','','','','','','','','','','0.000000000000','0.000000000000',1),(75,'My Holland','','',NULL,'',NULL,NULL,NULL,NULL,NULL,NULL,NULL,'','','','','','','','','','','0.000000000000','0.000000000000',1),(76,'Fosters Harvest','','',NULL,'',NULL,NULL,NULL,NULL,NULL,NULL,NULL,'','','','','','','','','','','0.000000000000','0.000000000000',1),(77,'Bellbowra','','',NULL,'',NULL,NULL,NULL,NULL,NULL,NULL,NULL,'','','','','','','','','','','0.000000000000','0.000000000000',1),(78,'Kai and Lucas','','',NULL,'',NULL,NULL,NULL,NULL,NULL,NULL,NULL,'','','','','','','','','','','0.000000000000','0.000000000000',1),(79,'Bellingen EYE','','',NULL,'',NULL,NULL,NULL,NULL,NULL,NULL,NULL,'','','','','','','','','','','0.000000000000','0.000000000000',1),(80,'Tindal, Nel','','',NULL,'',NULL,NULL,NULL,NULL,NULL,NULL,NULL,'','','','','','','','','','','0.000000000000','0.000000000000',1),(81,'Graham, Anne','','',NULL,'',NULL,NULL,NULL,NULL,NULL,NULL,NULL,'','','','','','','','','','','0.000000000000','0.000000000000',1),(82,'Forest Gate Organics','','',NULL,'',NULL,NULL,NULL,NULL,NULL,NULL,NULL,'','','','','','','','','','','0.000000000000','0.000000000000',1),(83,'Maggie','','',NULL,'',NULL,NULL,NULL,NULL,NULL,NULL,NULL,'','','','','','','','','','','0.000000000000','0.000000000000',1),(84,'Sommerville, Andrew','','',NULL,'',NULL,NULL,NULL,NULL,NULL,NULL,NULL,'','','','','','','','','','','0.000000000000','0.000000000000',1),(85,'Shambhala','','',NULL,'',NULL,NULL,NULL,NULL,NULL,NULL,NULL,'','','','','','','','','','','0.000000000000','0.000000000000',1),(86,'kaye','','',NULL,'',NULL,NULL,NULL,NULL,NULL,NULL,NULL,'','','','','','','','','','','0.000000000000','0.000000000000',1),(87,'Nic and Amy','','',NULL,'',NULL,NULL,NULL,NULL,NULL,NULL,NULL,'','','','','','','','','','','0.000000000000','0.000000000000',1),(88,'Damian O\'Mara JDLS','','',NULL,'',NULL,NULL,NULL,NULL,NULL,NULL,NULL,'','','','','','','','','','','0.000000000000','0.000000000000',1);
/*!40000 ALTER TABLE `growers` ENABLE KEYS */;
UNLOCK TABLES;

--
-- Table structure for table `locations`
--

DROP TABLE IF EXISTS `locations`;
/*!40101 SET @saved_cs_client     = @@character_set_client */;
/*!40101 SET character_set_client = utf8 */;
CREATE TABLE `locations` (
  `location_id` int(11) NOT NULL AUTO_INCREMENT,
  `location_name` varchar(45) DEFAULT NULL,
  `location_delivery_value` decimal(7,2) DEFAULT NULL,
  PRIMARY KEY (`location_id`)
) ENGINE=InnoDB AUTO_INCREMENT=10 DEFAULT CHARSET=latin1;
/*!40101 SET character_set_client = @saved_cs_client */;

--
-- Dumping data for table `locations`
--

LOCK TABLES `locations` WRITE;
/*!40000 ALTER TABLE `locations` DISABLE KEYS */;
INSERT INTO `locations` (`location_id`, `location_name`, `location_delivery_value`) VALUES (5,'Bellingen - collect from 19 Casuarina Ave','0.00'),(6,'Bellingen CBD & Coffs Harbour Region delivery','7.00'),(7,'Thora - collect from Thora Hall','7.00'),(8,'Dorrigo - collect from United Service Station','7.00'),(9,'Dorrigo - delivery to home or workplace','7.00');
/*!40000 ALTER TABLE `locations` ENABLE KEYS */;
UNLOCK TABLES;

--
-- Table structure for table `users`
--

DROP TABLE IF EXISTS `users`;
/*!40101 SET @saved_cs_client     = @@character_set_client */;
/*!40101 SET character_set_client = utf8 */;
CREATE TABLE `users` (
  `id` int(11) NOT NULL AUTO_INCREMENT,
  `customer_id` int(11) DEFAULT NULL,
  `grower_id` int(11) DEFAULT NULL,
  `first_name` varchar(255) NOT NULL,
  `last_name` varchar(255) NOT NULL,
  `notes` varchar(255) NOT NULL,
  `user_email` varchar(255) NOT NULL,
  `password` varchar(255) DEFAULT NULL,
  `user_name` varchar(45) DEFAULT NULL,
  `user_phone` varchar(45) DEFAULT NULL,
  `user_mobile` varchar(45) DEFAULT NULL,
  `user_address` varchar(150) DEFAULT NULL,
  `user_address2` varchar(150) DEFAULT NULL,
  `user_suburb` varchar(45) DEFAULT NULL,
  `user_state` varchar(45) DEFAULT NULL,
  `user_postcode` varchar(45) DEFAULT NULL,
  `last_login_time` datetime DEFAULT NULL,
  `update_time` datetime DEFAULT NULL,
  `update_user_id` int(11) DEFAULT NULL,
  `create_time` datetime DEFAULT NULL,
  `create_user_id` int(11) DEFAULT NULL,
  `password_retrieval_key` varchar(255) DEFAULT NULL,
  PRIMARY KEY (`id`)
) ENGINE=InnoDB AUTO_INCREMENT=2348 DEFAULT CHARSET=latin1;
/*!40101 SET character_set_client = @saved_cs_client */;

--
-- Dumping data for table `users`
--

LOCK TABLES `users` WRITE;
/*!40000 ALTER TABLE `users` DISABLE KEYS */;
INSERT INTO `users` (`id`, `customer_id`, `grower_id`, `first_name`, `last_name`, `notes`, `user_email`, `password`, `user_name`, `user_phone`, `user_mobile`, `user_address`, `user_address2`, `user_suburb`, `user_state`, `user_postcode`, `last_login_time`, `update_time`, `update_user_id`, `create_time`, `create_user_id`, `password_retrieval_key`) VALUES (1,NULL,NULL,'Leigh','Winter','','admin@snapfrozen.com.au','e202f863511d0556573e90df9afbed42','Leigh Winter','','','','','','','','2012-10-05 20:41:57','2012-08-07 10:50:57',1,'0000-00-00 00:00:00',NULL,NULL),(2048,2,0,'Nicola','Andrews','','Nynix41@gmail.com','5f4dcc3b5aa765d61d8327deb882cf99','Nicola Andrews','266130506','','','','','','','2012-09-10 17:44:19','0000-00-00 00:00:00',0,'0000-00-00 00:00:00',0,NULL),(2049,3,0,'Rachael','Andrews','','rary19@gmail.com','5f4dcc3b5aa765d61d8327deb882cf99','Rachael Andrews','422494738','','','','','','','0000-00-00 00:00:00','0000-00-00 00:00:00',0,'0000-00-00 00:00:00',0,NULL),(2050,4,0,'Lizzie','Attwood','','lizattwood@hotmail.com','5f4dcc3b5aa765d61d8327deb882cf99','Lizzie Attwood','266559662','','','','','','','0000-00-00 00:00:00','0000-00-00 00:00:00',0,'0000-00-00 00:00:00',0,NULL),(2051,5,0,'Sue','Ayres','','','5f4dcc3b5aa765d61d8327deb882cf99','Sue Ayres','432112037','','','','','','','0000-00-00 00:00:00','0000-00-00 00:00:00',0,'0000-00-00 00:00:00',0,NULL),(2052,6,0,'Fiona','Baker','','Fiona.baker@optusnet.com.au','5f4dcc3b5aa765d61d8327deb882cf99','Fiona Baker','0266526870','','6 Seamist Pl','','Coffs Harbour','NSW','2454','0000-00-00 00:00:00','2012-10-05 12:02:09',2052,'0000-00-00 00:00:00',0,NULL),(2053,7,0,'joelle ','baudet','','joelle@baudetcook.com','5f4dcc3b5aa765d61d8327deb882cf99','joelle  baudet','266962422','','','','','','','0000-00-00 00:00:00','0000-00-00 00:00:00',0,'0000-00-00 00:00:00',0,NULL),(2054,8,0,'Rebecca','Beaton','','rentals@guysaddleton.com.au','5f4dcc3b5aa765d61d8327deb882cf99','Rebecca Beaton','266552458','','','','','','','0000-00-00 00:00:00','0000-00-00 00:00:00',0,'0000-00-00 00:00:00',0,NULL),(2055,9,0,'Mischa','Beh','collected by Emma Belcher','mishabeh@hotmail.com','5f4dcc3b5aa765d61d8327deb882cf99','Mischa Beh','400178039','','','','','','','0000-00-00 00:00:00','0000-00-00 00:00:00',0,'0000-00-00 00:00:00',0,NULL),(2056,10,0,'Emma','Belcher','','ejbelcher@yahoo.com.au','5f4dcc3b5aa765d61d8327deb882cf99','Emma Belcher','413661864','','','','','','','0000-00-00 00:00:00','0000-00-00 00:00:00',0,'0000-00-00 00:00:00',0,NULL),(2057,11,0,'Toni','Bell','','Tonibell22@gmail.com','5f4dcc3b5aa765d61d8327deb882cf99','Toni Bell','427682533','','','','','','','0000-00-00 00:00:00','0000-00-00 00:00:00',0,'0000-00-00 00:00:00',0,NULL),(2058,12,0,'Graham','Bell','','abell40@optusnet.com.au','5f4dcc3b5aa765d61d8327deb882cf99','Graham Bell','266522503','','','','','','','0000-00-00 00:00:00','0000-00-00 00:00:00',0,'0000-00-00 00:00:00',0,NULL),(2059,13,0,'Val','Bennett','','wallabytracks@hotmail.com','5f4dcc3b5aa765d61d8327deb882cf99','Val Bennett','266551592','','','','','','','0000-00-00 00:00:00','0000-00-00 00:00:00',0,'0000-00-00 00:00:00',0,NULL),(2060,14,0,'olivia','bernardini','172035S1.6','oliviaonearth@gmail.com','5f4dcc3b5aa765d61d8327deb882cf99','olivia bernardini','266551478','','','','','','','2012-09-10 18:32:58','0000-00-00 00:00:00',0,'0000-00-00 00:00:00',0,NULL),(2061,15,0,'Fiona','Beston','','fiona.beston@yahoo.com.au','5f4dcc3b5aa765d61d8327deb882cf99','Fiona Beston','412707459','','','','','','','0000-00-00 00:00:00','0000-00-00 00:00:00',0,'0000-00-00 00:00:00',0,NULL),(2062,16,0,'shelley','birse','','shelleybirse@gmail.com','5f4dcc3b5aa765d61d8327deb882cf99','shelley birse','404053679','','','','','','','0000-00-00 00:00:00','0000-00-00 00:00:00',0,'0000-00-00 00:00:00',0,NULL),(2063,17,0,'Fiona','Bode','','feebode@hotmail.com','5f4dcc3b5aa765d61d8327deb882cf99','Fiona Bode','413729910','','','','','','','0000-00-00 00:00:00','0000-00-00 00:00:00',0,'0000-00-00 00:00:00',0,NULL),(2064,18,0,'Petrina','Borrer','','petrinalea@gmail.com','5f4dcc3b5aa765d61d8327deb882cf99','Petrina Borrer','423610382','','','','','','','0000-00-00 00:00:00','0000-00-00 00:00:00',0,'0000-00-00 00:00:00',0,NULL),(2065,19,0,'John','Bowers','','bowersmj@bigpond.com','5f4dcc3b5aa765d61d8327deb882cf99','John Bowers','266554808','','','','','','','0000-00-00 00:00:00','0000-00-00 00:00:00',0,'0000-00-00 00:00:00',0,NULL),(2066,20,0,'Alice ','bowry','','riverbowry@gmail.com','5f4dcc3b5aa765d61d8327deb882cf99','Alice  bowry','433965788','','','','','','','0000-00-00 00:00:00','0000-00-00 00:00:00',0,'0000-00-00 00:00:00',0,NULL),(2067,21,0,'Cameron','Bragg','','cdbragg@gmail.com','5f4dcc3b5aa765d61d8327deb882cf99','Cameron Bragg','','0413674640','61 Scotchman Rd','','Bellingen','NSW','2454','0000-00-00 00:00:00','2012-09-22 10:14:47',2067,'0000-00-00 00:00:00',0,NULL),(2068,22,0,'Annabella','Bray','','annabellabray@hotmail.com','5f4dcc3b5aa765d61d8327deb882cf99','Annabella Bray','401225654','','','','','','','0000-00-00 00:00:00','0000-00-00 00:00:00',0,'0000-00-00 00:00:00',0,NULL),(2069,23,0,'Sarah','Brazenor','','bfc@planet.net.au','5f4dcc3b5aa765d61d8327deb882cf99','Sarah Brazenor','266554575','','','','','','','0000-00-00 00:00:00','0000-00-00 00:00:00',0,'0000-00-00 00:00:00',0,NULL),(2070,24,0,'Robyn','Brentnall','','morocco51@sctelco.net.au','5f4dcc3b5aa765d61d8327deb882cf99','Robyn Brentnall','421063438','','','','','','','0000-00-00 00:00:00','0000-00-00 00:00:00',0,'0000-00-00 00:00:00',0,NULL),(2071,25,0,'Donella','Bryce','','donnellabryce@hotmail.com','5f4dcc3b5aa765d61d8327deb882cf99','Donella Bryce','266550842','','','','','','','0000-00-00 00:00:00','0000-00-00 00:00:00',0,'0000-00-00 00:00:00',0,NULL),(2072,26,0,'Maureen','Burgess','','mauzabug@hotmail.com ','5f4dcc3b5aa765d61d8327deb882cf99','Maureen Burgess','665511770','','Gourmand Ingredients before 5pm','OR 6a Long St after 5pm','Coffs Harbour','NSW','2450','0000-00-00 00:00:00','2012-09-28 13:33:55',2072,'0000-00-00 00:00:00',0,NULL),(2073,27,0,'Ellie','Butcher','','moretimtams@yahoo.com.au','5f4dcc3b5aa765d61d8327deb882cf99','Ellie Butcher','409667591','','','','','','','0000-00-00 00:00:00','0000-00-00 00:00:00',0,'0000-00-00 00:00:00',0,NULL),(2074,28,0,'Rowan','Butler','','butlers21@hotmail.com','5f4dcc3b5aa765d61d8327deb882cf99','Rowan Butler','266558831','','','','','','','0000-00-00 00:00:00','0000-00-00 00:00:00',0,'0000-00-00 00:00:00',0,NULL),(2075,29,0,'Hilary','Cadman','restart indef. order 15/8','hilaryc01@gmail.com','5f4dcc3b5aa765d61d8327deb882cf99','Hilary Cadman','419276110','','','','','','','0000-00-00 00:00:00','0000-00-00 00:00:00',0,'0000-00-00 00:00:00',0,NULL),(2076,30,0,'Julia ','Caldicott','','julia.caldicott@scu.edu.au','5f4dcc3b5aa765d61d8327deb882cf99','Julia  Caldicott','266593620','','','','','','','0000-00-00 00:00:00','0000-00-00 00:00:00',0,'0000-00-00 00:00:00',0,NULL),(2077,31,0,'Zai','Cambray','','zaicambray@y7mail.com','5f4dcc3b5aa765d61d8327deb882cf99','Zai Cambray','266559756','','','','','','','0000-00-00 00:00:00','0000-00-00 00:00:00',0,'0000-00-00 00:00:00',0,NULL),(2078,32,0,'Stephanie','Campbell','*on hold until further notice','stephaniecampbell21@gmail.com','5f4dcc3b5aa765d61d8327deb882cf99','Stephanie Campbell','402859915','','','','','','','0000-00-00 00:00:00','0000-00-00 00:00:00',0,'0000-00-00 00:00:00',0,NULL),(2079,33,0,'Eizabeth/Adrian','Caralis/Caporale','','elizabethcaralis@gmail.com','5f4dcc3b5aa765d61d8327deb882cf99','Eizabeth/Adrian Caralis/Caporale','0266586025','','29 Kinchela Ave','','Toormina','NSW','2452','0000-00-00 00:00:00','2012-10-02 13:56:15',2079,'0000-00-00 00:00:00',0,NULL),(2080,34,0,'diana','carr','','dicarr@tpg.com.au','5f4dcc3b5aa765d61d8327deb882cf99','diana carr','411097275','','','','','','','0000-00-00 00:00:00','0000-00-00 00:00:00',0,'0000-00-00 00:00:00',0,NULL),(2081,35,0,'Kerry','Child','','kerry_child@bigpond.com','5f4dcc3b5aa765d61d8327deb882cf99','Kerry Child','412751576','','','','','','','0000-00-00 00:00:00','0000-00-00 00:00:00',0,'0000-00-00 00:00:00',0,NULL),(2082,36,0,'rachel','cobb','','rachelsback@yahoo.com','5f4dcc3b5aa765d61d8327deb882cf99','rachel cobb','405714716','','','','','','','0000-00-00 00:00:00','0000-00-00 00:00:00',0,'0000-00-00 00:00:00',0,NULL),(2083,37,0,'Susie','Cohan','','susiecohan@gmail.com','5f4dcc3b5aa765d61d8327deb882cf99','Susie Cohan','61439827581','','','','','','','0000-00-00 00:00:00','0000-00-00 00:00:00',0,'0000-00-00 00:00:00',0,NULL),(2084,38,0,'Amanda','Cooke','','amandadejongcooke@gmail.com','5f4dcc3b5aa765d61d8327deb882cf99','Amanda Cooke','459220560','','','','','','','0000-00-00 00:00:00','0000-00-00 00:00:00',0,'0000-00-00 00:00:00',0,NULL),(2085,39,0,'Nigel','Cotsell','','Nigel.Cotsell@chcc.nsw.gov.au','5f4dcc3b5aa765d61d8327deb882cf99','Nigel Cotsell','266484673','','','','','','','0000-00-00 00:00:00','0000-00-00 00:00:00',0,'0000-00-00 00:00:00',0,NULL),(2086,40,0,'Christine','Courcier-Jones','','courcierjones@gmail.com','5f4dcc3b5aa765d61d8327deb882cf99','Christine Courcier-Jones','0266585068','','2 David Watt Close','','Sawtell','NSW','','0000-00-00 00:00:00','2012-09-22 10:15:48',2086,'0000-00-00 00:00:00',0,NULL),(2087,41,0,'Teresa','Cowley','201305S1.1','teresacowley@westnet.com.au','5f4dcc3b5aa765d61d8327deb882cf99','Teresa Cowley','266557310','','','','','','','0000-00-00 00:00:00','0000-00-00 00:00:00',0,'0000-00-00 00:00:00',0,NULL),(2088,42,0,'Donovan','Craig','','snapfrozen@gmail.com','5f4dcc3b5aa765d61d8327deb882cf99','Donovan Craig','414666518','','','','','','','0000-00-00 00:00:00','0000-00-00 00:00:00',0,'0000-00-00 00:00:00',0,NULL),(2089,43,0,'Jo','Cunningham','','jagadamba1@yahoo.com','5f4dcc3b5aa765d61d8327deb882cf99','Jo Cunningham','423249445','','','','','','','0000-00-00 00:00:00','0000-00-00 00:00:00',0,'0000-00-00 00:00:00',0,NULL),(2090,44,0,'Adam','curlis','','adam.curlis@tafensw.edu.au','5f4dcc3b5aa765d61d8327deb882cf99','Adam curlis','424989979','','','','','','','0000-00-00 00:00:00','0000-00-00 00:00:00',0,'0000-00-00 00:00:00',0,NULL),(2091,45,0,'Joanna','Dadd','','katefishuk@gmail.com','5f4dcc3b5aa765d61d8327deb882cf99','Joanna Dadd','266559564','','','','','','','0000-00-00 00:00:00','0000-00-00 00:00:00',0,'0000-00-00 00:00:00',0,NULL),(2092,46,0,'Allison','Davidson','185049S1','al@almatech.net.au','5f4dcc3b5aa765d61d8327deb882cf99','Allison Davidson','266581607','','','','','','','0000-00-00 00:00:00','0000-00-00 00:00:00',0,'0000-00-00 00:00:00',0,NULL),(2093,47,0,'Catherine','Davis','','cwc.davis@bigpond.com','5f4dcc3b5aa765d61d8327deb882cf99','Catherine Davis','266559118','','','','','','','0000-00-00 00:00:00','0000-00-00 00:00:00',0,'0000-00-00 00:00:00',0,NULL),(2094,48,0,'Sue & Tony','Davis','','suezing@gmail.com','5f4dcc3b5aa765d61d8327deb882cf99','Sue & Tony Davis','266555794','','','','','','','0000-00-00 00:00:00','0000-00-00 00:00:00',0,'0000-00-00 00:00:00',0,NULL),(2095,49,0,'Hannah','Day','','hannahcday@yahoo.com.au','5f4dcc3b5aa765d61d8327deb882cf99','Hannah Day','427351904','','','','','','','0000-00-00 00:00:00','0000-00-00 00:00:00',0,'0000-00-00 00:00:00',0,NULL),(2096,50,0,'Jemah','Day','','','5f4dcc3b5aa765d61d8327deb882cf99','Jemah Day','6655 0057','','','','','','','0000-00-00 00:00:00','0000-00-00 00:00:00',0,'0000-00-00 00:00:00',0,NULL),(2097,51,0,'Lynn','Delgado','','lynnbowdler@yahoo.com.au','5f4dcc3b5aa765d61d8327deb882cf99','Lynn Delgado','266559948','','','','','','','0000-00-00 00:00:00','0000-00-00 00:00:00',0,'0000-00-00 00:00:00',0,NULL),(2098,52,0,'Nic','Denshire','211293S1.2','nicholas.denshire@gmail.com','5f4dcc3b5aa765d61d8327deb882cf99','Nic Denshire','410532272','','','','','','','0000-00-00 00:00:00','0000-00-00 00:00:00',0,'0000-00-00 00:00:00',0,NULL),(2099,53,0,'Joy','Dibley','','jydbly@gmail.com','5f4dcc3b5aa765d61d8327deb882cf99','Joy Dibley','458929276','','','','','','','0000-00-00 00:00:00','0000-00-00 00:00:00',0,'0000-00-00 00:00:00',0,NULL),(2100,54,0,'suzanne','douglas','177133S7.2','suzannedouglas@bigpond.com','5f4dcc3b5aa765d61d8327deb882cf99','suzanne douglas','419944743','','','','','','','0000-00-00 00:00:00','0000-00-00 00:00:00',0,'0000-00-00 00:00:00',0,NULL),(2101,55,0,'Anna','Dowd','','Dowdanna@gmail.com','5f4dcc3b5aa765d61d8327deb882cf99','Anna Dowd','403127923','','','','','','','0000-00-00 00:00:00','0000-00-00 00:00:00',0,'0000-00-00 00:00:00',0,NULL),(2102,56,0,'Adam','Doyle','','adamjohndoyle@gmail.com','5f4dcc3b5aa765d61d8327deb882cf99','Adam Doyle','416058709','','','','','','','0000-00-00 00:00:00','0000-00-00 00:00:00',0,'0000-00-00 00:00:00',0,NULL),(2103,57,0,'Shaun','Dregmans','','s.dregmans.10@student.scu.edu.au','5f4dcc3b5aa765d61d8327deb882cf99','Shaun Dregmans','401255774','','','','','','','0000-00-00 00:00:00','0000-00-00 00:00:00',0,'0000-00-00 00:00:00',0,NULL),(2104,58,0,'Tamar','Dubb','','tamishori@hotmail.com','5f4dcc3b5aa765d61d8327deb882cf99','Tamar Dubb','404500696','','','','','','','0000-00-00 00:00:00','0000-00-00 00:00:00',0,'0000-00-00 00:00:00',0,NULL),(2105,59,0,'Lisa','Dunstan','','lisa0@in.com','5f4dcc3b5aa765d61d8327deb882cf99','Lisa Dunstan','266515658','','','','','','','0000-00-00 00:00:00','0000-00-00 00:00:00',0,'0000-00-00 00:00:00',0,NULL),(2106,60,0,'Sandy','Eager','','seager@tpg.com.au','5f4dcc3b5aa765d61d8327deb882cf99','Sandy Eager','266551865','','','','','','','0000-00-00 00:00:00','0000-00-00 00:00:00',0,'0000-00-00 00:00:00',0,NULL),(2107,61,0,'Jane','Eales','','jane_eales@hotmail.com','5f4dcc3b5aa765d61d8327deb882cf99','Jane Eales','447683833','','','','','','','0000-00-00 00:00:00','0000-00-00 00:00:00',0,'0000-00-00 00:00:00',0,NULL),(2108,62,0,'Beth ','Edwards','choose no deposit','bethoedwards@yahoo.com.au','5f4dcc3b5aa765d61d8327deb882cf99','Beth  Edwards','419681386','','','','','','','0000-00-00 00:00:00','0000-00-00 00:00:00',0,'0000-00-00 00:00:00',0,NULL),(2109,63,0,'Matthew','Ellis','*ref matt','peg_ellis@hotmail.com','5f4dcc3b5aa765d61d8327deb882cf99','Matthew Ellis','266512134','','','','','','','0000-00-00 00:00:00','0000-00-00 00:00:00',0,'0000-00-00 00:00:00',0,NULL),(2110,64,0,'Robin','Ellis','','robinellis@westnet.com.au','5f4dcc3b5aa765d61d8327deb882cf99','Robin Ellis','266552226','','','','','','','0000-00-00 00:00:00','0000-00-00 00:00:00',0,'0000-00-00 00:00:00',0,NULL),(2111,65,0,'Johanna','Elton','','aelfleda3@gmail.com','5f4dcc3b5aa765d61d8327deb882cf99','Johanna Elton','423911611','','','','','','','0000-00-00 00:00:00','0000-00-00 00:00:00',0,'0000-00-00 00:00:00',0,NULL),(2112,66,0,'Diane','Engler','','rob.di.china@gmail.com','5f4dcc3b5aa765d61d8327deb882cf99','Diane Engler','266571689','','','','','','','0000-00-00 00:00:00','0000-00-00 00:00:00',0,'0000-00-00 00:00:00',0,NULL),(2113,67,0,'Anne','Epstein','','You_am_i@hotmail.com','5f4dcc3b5aa765d61d8327deb882cf99','Anne Epstein','422284883','','','','','','','0000-00-00 00:00:00','0000-00-00 00:00:00',0,'0000-00-00 00:00:00',0,NULL),(2114,68,0,'Lee','Excell','','leexcell@hotmail.com','5f4dcc3b5aa765d61d8327deb882cf99','Lee Excell','424294611','','','','','','','0000-00-00 00:00:00','0000-00-00 00:00:00',0,'0000-00-00 00:00:00',0,NULL),(2115,69,0,'Denise','Feeney','27030S1','md@aapt.net.au','5f4dcc3b5aa765d61d8327deb882cf99','Denise Feeney','432860583','','','','','','','0000-00-00 00:00:00','0000-00-00 00:00:00',0,'0000-00-00 00:00:00',0,NULL),(2116,70,0,'Jennie','Fenton','','jenniefenton@hotmail.com','5f4dcc3b5aa765d61d8327deb882cf99','Jennie Fenton','266552318','','','','','','','0000-00-00 00:00:00','0000-00-00 00:00:00',0,'0000-00-00 00:00:00',0,NULL),(2117,71,0,'Kirsty','Fikkers','','kirstyfikkers@hotmail.com','5f4dcc3b5aa765d61d8327deb882cf99','Kirsty Fikkers','432456390','','','','','','','0000-00-00 00:00:00','0000-00-00 00:00:00',0,'0000-00-00 00:00:00',0,NULL),(2118,72,0,'Elaine','Flinders','away after 22/8','flinderset@westnet.com.au','5f4dcc3b5aa765d61d8327deb882cf99','Elaine Flinders','266551706','','','','','','','0000-00-00 00:00:00','0000-00-00 00:00:00',0,'0000-00-00 00:00:00',0,NULL),(2119,73,0,'sharna ','flowers','','sharnaflowers@hotmail.com','5f4dcc3b5aa765d61d8327deb882cf99','sharna  flowers','415989797','','','','','','','0000-00-00 00:00:00','0000-00-00 00:00:00',0,'0000-00-00 00:00:00',0,NULL),(2120,74,0,'Mike','Flynn','','sandfly07@hotmail.com','5f4dcc3b5aa765d61d8327deb882cf99','Mike Flynn','61427572898','','','','','','','0000-00-00 00:00:00','0000-00-00 00:00:00',0,'0000-00-00 00:00:00',0,NULL),(2121,75,0,'Robyn','Flynn','','jamesandrobynflynn@gmail.com','5f4dcc3b5aa765d61d8327deb882cf99','Robyn Flynn','02 66550958','','','','','','','0000-00-00 00:00:00','0000-00-00 00:00:00',0,'0000-00-00 00:00:00',0,NULL),(2122,76,0,'Phillip','Glasson','','phillip@dalkleen.com.au','5f4dcc3b5aa765d61d8327deb882cf99','Phillip Glasson','','0421171737','1/32 Isles Drive','','Coffs Harbour','NSW','2454','0000-00-00 00:00:00','2012-09-22 10:21:20',2122,'0000-00-00 00:00:00',0,NULL),(2123,77,0,'Moshik','Goffer','','moshik.goffer@gmail.com','5f4dcc3b5aa765d61d8327deb882cf99','Moshik Goffer','411574373','','','','','','','0000-00-00 00:00:00','0000-00-00 00:00:00',0,'0000-00-00 00:00:00',0,NULL),(2124,78,0,'Glenn','Goodwin','','glenn.goodwin4@bigpond.com','5f4dcc3b5aa765d61d8327deb882cf99','Glenn Goodwin','266551581','','','','','','','0000-00-00 00:00:00','0000-00-00 00:00:00',0,'0000-00-00 00:00:00',0,NULL),(2125,79,0,'Vicki','Gorisek','','vicssea@yahoo.com','5f4dcc3b5aa765d61d8327deb882cf99','Vicki Gorisek','435974620','','102 Lyons Rd Sawtell','','','','','0000-00-00 00:00:00','2012-09-21 12:28:15',2125,'0000-00-00 00:00:00',0,NULL),(2126,80,0,'Anne','Graham','away until 19/9','annegrhm@bigpond.com','5f4dcc3b5aa765d61d8327deb882cf99','Anne Graham','0266550861','','791 Gleniffer Road','','','','','0000-00-00 00:00:00','2012-09-28 10:17:25',2126,'0000-00-00 00:00:00',0,NULL),(2127,81,0,'Jude','Grantham','','','5f4dcc3b5aa765d61d8327deb882cf99','Jude Grantham','','','','','','','','0000-00-00 00:00:00','0000-00-00 00:00:00',0,'0000-00-00 00:00:00',0,NULL),(2128,82,0,'jennie','gray','','grayjennie@gmail.com','5f4dcc3b5aa765d61d8327deb882cf99','jennie gray','424994328','','','','','','','0000-00-00 00:00:00','0000-00-00 00:00:00',0,'0000-00-00 00:00:00',0,NULL),(2129,83,0,'Cath','Gribben','','cath@post.com','5f4dcc3b5aa765d61d8327deb882cf99','Cath Gribben','488500547','','','','','','','0000-00-00 00:00:00','0000-00-00 00:00:00',0,'0000-00-00 00:00:00',0,NULL),(2130,84,0,'Lareena','Groves','','lareenagroves@rocketmail.com','5f4dcc3b5aa765d61d8327deb882cf99','Lareena Groves','266551319','','','','','','','0000-00-00 00:00:00','0000-00-00 00:00:00',0,'0000-00-00 00:00:00',0,NULL),(2131,85,0,'Renee','Hall','','reneeh73@hotmail.com','5f4dcc3b5aa765d61d8327deb882cf99','Renee Hall','422214610','','','','','','','0000-00-00 00:00:00','0000-00-00 00:00:00',0,'0000-00-00 00:00:00',0,NULL),(2132,86,0,'Larrissa','Harfield','','Fields.of.green@hotmail.com','5f4dcc3b5aa765d61d8327deb882cf99','Larrissa Harfield','417451427','','','','','','','0000-00-00 00:00:00','0000-00-00 00:00:00',0,'0000-00-00 00:00:00',0,NULL),(2133,87,0,'Susan','Harris','','spiritsong@tpg.com.au','5f4dcc3b5aa765d61d8327deb882cf99','Susan Harris','266551868','','','','','','','0000-00-00 00:00:00','0000-00-00 00:00:00',0,'0000-00-00 00:00:00',0,NULL),(2134,88,0,'Jackie','Harris','','','5f4dcc3b5aa765d61d8327deb882cf99','Jackie Harris','','','','','','','','0000-00-00 00:00:00','0000-00-00 00:00:00',0,'0000-00-00 00:00:00',0,NULL),(2135,89,0,'Lucy','Harris/Munro','S11','lucycharris@yahoo.com','5f4dcc3b5aa765d61d8327deb882cf99','Lucy Harris/Munro','266550638','','','','','','','0000-00-00 00:00:00','0000-00-00 00:00:00',0,'0000-00-00 00:00:00',0,NULL),(2136,90,0,'Marjorie','Hawkins','','petmarj@hotmail.com','5f4dcc3b5aa765d61d8327deb882cf99','Marjorie Hawkins','266550023','','','','','','','0000-00-00 00:00:00','0000-00-00 00:00:00',0,'0000-00-00 00:00:00',0,NULL),(2137,91,0,'Vivian','Hawksworth','10000179S49','vivianhawksworth@bigpond.com','5f4dcc3b5aa765d61d8327deb882cf99','Vivian Hawksworth','428133193','','','','','','','0000-00-00 00:00:00','0000-00-00 00:00:00',0,'0000-00-00 00:00:00',0,NULL),(2138,92,0,'Paul','Hay ','','p.hay1964@gmail.com','5f4dcc3b5aa765d61d8327deb882cf99','Paul Hay ','417226136','','','','','','','0000-00-00 00:00:00','0000-00-00 00:00:00',0,'0000-00-00 00:00:00',0,NULL),(2139,93,0,'Paul (Ava & Myola)','Hayes','','ava@avadub.com','5f4dcc3b5aa765d61d8327deb882cf99','Paul (Ava & Myola) Hayes','412084097','','','','','','','0000-00-00 00:00:00','0000-00-00 00:00:00',0,'0000-00-00 00:00:00',0,NULL),(2140,94,0,'Dru','Haywood','','anhedonia27@yahoo.com.au','5f4dcc3b5aa765d61d8327deb882cf99','Dru Haywood','414246981','','','','','','','0000-00-00 00:00:00','0000-00-00 00:00:00',0,'0000-00-00 00:00:00',0,NULL),(2141,95,0,'Alison','Heeley','218756S1','ajheeley@hotkey.net.au','5f4dcc3b5aa765d61d8327deb882cf99','Alison Heeley','418523210','','','','','','','0000-00-00 00:00:00','0000-00-00 00:00:00',0,'0000-00-00 00:00:00',0,NULL),(2142,96,0,'Gull ','Herzberg','','gulljh@gmail.com','5f4dcc3b5aa765d61d8327deb882cf99','Gull  Herzberg','417363055','','','','','','','0000-00-00 00:00:00','0000-00-00 00:00:00',0,'0000-00-00 00:00:00',0,NULL),(2144,98,0,'Vickie ','Hill','','vickie@nanoblue.com','5f4dcc3b5aa765d61d8327deb882cf99','Vickie  Hill','413517755','','','','','','','0000-00-00 00:00:00','0000-00-00 00:00:00',0,'0000-00-00 00:00:00',0,NULL),(2145,99,0,'Nina','Hogel','','ninahogel@yahoo.com.au','5f4dcc3b5aa765d61d8327deb882cf99','Nina Hogel','419369586','','','','','','','0000-00-00 00:00:00','0000-00-00 00:00:00',0,'0000-00-00 00:00:00',0,NULL),(2146,100,0,'My','Holland','','My.bellingen@gmail.com','5f4dcc3b5aa765d61d8327deb882cf99','My Holland','266559230','','','','','','','0000-00-00 00:00:00','0000-00-00 00:00:00',0,'0000-00-00 00:00:00',0,NULL),(2147,101,0,'Lisa','Holley','','lisa1holley@gmail.com','5f4dcc3b5aa765d61d8327deb882cf99','Lisa Holley','665513238','0435022716','54 Mildura St ','','Coffs Harbour Jetty','NSW','2454','0000-00-00 00:00:00','2012-09-22 10:23:17',2147,'0000-00-00 00:00:00',0,NULL),(2148,102,0,'Marg','Hopper','','marghopper@gmail.com','5f4dcc3b5aa765d61d8327deb882cf99','Marg Hopper','408447306','','','','','','','0000-00-00 00:00:00','0000-00-00 00:00:00',0,'0000-00-00 00:00:00',0,NULL),(2149,103,0,'Bryony','Horton','','bryony@horton.id.au','5f4dcc3b5aa765d61d8327deb882cf99','Bryony Horton','403891397','','','','','','','0000-00-00 00:00:00','0000-00-00 00:00:00',0,'0000-00-00 00:00:00',0,NULL),(2150,104,0,'Roger & Jill','Horton & Everett','','rogerandjill@bigpond.com','5f4dcc3b5aa765d61d8327deb882cf99','Roger & Jill Horton & Everett','','0403704795','C/- Repton Butchery','Perrys Rd','Repton','NSW','','0000-00-00 00:00:00','2012-09-22 10:24:18',2150,'0000-00-00 00:00:00',0,NULL),(2151,105,0,'Pattie','Hoschke','','hosco10@hotmail.com','5f4dcc3b5aa765d61d8327deb882cf99','Pattie Hoschke','266552000','','','','','','','0000-00-00 00:00:00','0000-00-00 00:00:00',0,'0000-00-00 00:00:00',0,NULL),(2152,106,0,'janine','howe','','info@formatc.com.au','5f4dcc3b5aa765d61d8327deb882cf99','janine howe','266550127','','','','','','','0000-00-00 00:00:00','0000-00-00 00:00:00',0,'0000-00-00 00:00:00',0,NULL),(2153,107,0,'Julie ','Husband','','julia.husband@rocketmail.com','5f4dcc3b5aa765d61d8327deb882cf99','Julie  Husband','','0427026619','6 James Ide Place','','Coffs Harbour','NSW','2454','0000-00-00 00:00:00','2012-09-22 10:25:10',2153,'0000-00-00 00:00:00',0,NULL),(2154,108,0,'Victoria','Hutchings','','mv_ox@bigpond.com','5f4dcc3b5aa765d61d8327deb882cf99','Victoria Hutchings','266552710','','','','','','','0000-00-00 00:00:00','0000-00-00 00:00:00',0,'0000-00-00 00:00:00',0,NULL),(2155,109,0,'Elizabeth','Hutchison','','moredash@gmail.com','5f4dcc3b5aa765d61d8327deb882cf99','Elizabeth Hutchison','266571827','','','','','','','0000-00-00 00:00:00','0000-00-00 00:00:00',0,'0000-00-00 00:00:00',0,NULL),(2156,110,0,'Anna','Jandzio','','ajandzio@sctelco.net.au','5f4dcc3b5aa765d61d8327deb882cf99','Anna Jandzio','266550536','','','','','','','0000-00-00 00:00:00','0000-00-00 00:00:00',0,'0000-00-00 00:00:00',0,NULL),(2157,111,0,'Libby','Jarvis','','libbyjarvis@yahoo.com','5f4dcc3b5aa765d61d8327deb882cf99','Libby Jarvis','439023671','','','','','','','0000-00-00 00:00:00','0000-00-00 00:00:00',0,'0000-00-00 00:00:00',0,NULL),(2158,112,0,'Julie','Jenkins','','jjgj@bigpond.net.au','5f4dcc3b5aa765d61d8327deb882cf99','Julie Jenkins','266572710','','','','','','','0000-00-00 00:00:00','0000-00-00 00:00:00',0,'0000-00-00 00:00:00',0,NULL),(2159,113,0,'Lynn','Jensen','','lynnklarskov@yahoo.com.au','5f4dcc3b5aa765d61d8327deb882cf99','Lynn Jensen','428891468','','','','','','','0000-00-00 00:00:00','0000-00-00 00:00:00',0,'0000-00-00 00:00:00',0,NULL),(2160,114,0,'Liz','Jeremy','','ljeremy@bellingen.nsw.gov.au,  info@coastalwardrobes.com.au','5f4dcc3b5aa765d61d8327deb882cf99','Liz Jeremy','408269329','','','','','','','0000-00-00 00:00:00','0000-00-00 00:00:00',0,'0000-00-00 00:00:00',0,NULL),(2161,115,0,'Jeanette','John  ','','jeanette@mm4jj.com','5f4dcc3b5aa765d61d8327deb882cf99','Jeanette John  ','405946052','','','','','','','0000-00-00 00:00:00','0000-00-00 00:00:00',0,'0000-00-00 00:00:00',0,NULL),(2162,116,0,'Jason and Toni','John / Lawson','','jasonrobertjohn@gmail.com','5f4dcc3b5aa765d61d8327deb882cf99','Jason and Toni John / Lawson','266551059','','','','','','','0000-00-00 00:00:00','0000-00-00 00:00:00',0,'0000-00-00 00:00:00',0,NULL),(2163,117,0,'Mandi','Jones','','jonesmac1@bigpond.com','5f4dcc3b5aa765d61d8327deb882cf99','Mandi Jones','','0413954785','36 Sawtell Rd','','Toormina','NSW','2452','0000-00-00 00:00:00','2012-09-22 10:26:20',2163,'0000-00-00 00:00:00',0,NULL),(2164,118,0,'Chelsea','Jones','','chelsj91@hotmail.com','5f4dcc3b5aa765d61d8327deb882cf99','Chelsea Jones','437772732','','','','','','','0000-00-00 00:00:00','0000-00-00 00:00:00',0,'0000-00-00 00:00:00',0,NULL),(2165,119,0,'Anna','Juodvalkis','BCU 209674','anna@here.com.au','5f4dcc3b5aa765d61d8327deb882cf99','Anna Juodvalkis','026655 9273','','','','','','','0000-00-00 00:00:00','0000-00-00 00:00:00',0,'0000-00-00 00:00:00',0,NULL),(2166,120,0,'Libby','Kartzoff','away for 2 months','','5f4dcc3b5aa765d61d8327deb882cf99','Libby Kartzoff','66552856','','','','','','','0000-00-00 00:00:00','0000-00-00 00:00:00',0,'0000-00-00 00:00:00',0,NULL),(2167,121,0,'Ann','Kethel','169547S1','ann_kethel@hotmail.com','5f4dcc3b5aa765d61d8327deb882cf99','Ann Kethel','266555094','','','','','','','0000-00-00 00:00:00','0000-00-00 00:00:00',0,'0000-00-00 00:00:00',0,NULL),(2168,122,0,'Dominic','King','','k_dominic@skymesh.com.au','5f4dcc3b5aa765d61d8327deb882cf99','Dominic King','266552003','','','','','','','0000-00-00 00:00:00','0000-00-00 00:00:00',0,'0000-00-00 00:00:00',0,NULL),(2169,123,0,'Karen','Knight','','sublimespirit@gmail.com','5f4dcc3b5aa765d61d8327deb882cf99','Karen Knight','414582355','','','','','','','0000-00-00 00:00:00','0000-00-00 00:00:00',0,'0000-00-00 00:00:00',0,NULL),(2170,124,0,'Len','Knight','','','5f4dcc3b5aa765d61d8327deb882cf99','Len Knight','','','','','','','','0000-00-00 00:00:00','0000-00-00 00:00:00',0,'0000-00-00 00:00:00',0,NULL),(2171,125,0,'Carole','Kostanich','','rosestreetfilms@yahoo.com.au','5f4dcc3b5aa765d61d8327deb882cf99','Carole Kostanich','266554265','','','','','','','0000-00-00 00:00:00','0000-00-00 00:00:00',0,'0000-00-00 00:00:00',0,NULL),(2172,126,0,'tali','krieger','','anicca09@gmail.com','5f4dcc3b5aa765d61d8327deb882cf99','tali krieger','026655 9131','','','','','','','0000-00-00 00:00:00','0000-00-00 00:00:00',0,'0000-00-00 00:00:00',0,NULL),(2173,127,0,'Sarah','Kruger','','sarah_kruger@live.com','5f4dcc3b5aa765d61d8327deb882cf99','Sarah Kruger','401332201','','','','','','','0000-00-00 00:00:00','0000-00-00 00:00:00',0,'0000-00-00 00:00:00',0,NULL),(2174,128,0,'Usha','Kumbla','','','5f4dcc3b5aa765d61d8327deb882cf99','Usha Kumbla','403220603','','','','','','','0000-00-00 00:00:00','0000-00-00 00:00:00',0,'0000-00-00 00:00:00',0,NULL),(2175,129,0,'Ellie','Lakota','','elakota@bellingen.nsw.gov.au','5f4dcc3b5aa765d61d8327deb882cf99','Ellie Lakota','266557300','','','','','','','0000-00-00 00:00:00','0000-00-00 00:00:00',0,'0000-00-00 00:00:00',0,NULL),(2176,130,0,'Sarah','Langley','','sarahjlangley@gmail.com','5f4dcc3b5aa765d61d8327deb882cf99','Sarah Langley','0266538755','','C/- 27 Plantation Ave','','Coffs Harbour','NSW','2450','0000-00-00 00:00:00','2012-09-22 10:27:44',2176,'0000-00-00 00:00:00',0,NULL),(2177,131,0,'Kerri','Larkin','','kerrilarkin@yahoo.com','5f4dcc3b5aa765d61d8327deb882cf99','Kerri Larkin','425201443','','','','','','','0000-00-00 00:00:00','0000-00-00 00:00:00',0,'0000-00-00 00:00:00',0,NULL),(2178,132,0,'rose','law','','rclaw60@nesshay.com.au','5f4dcc3b5aa765d61d8327deb882cf99','rose law','416141194','','','','','','','0000-00-00 00:00:00','0000-00-00 00:00:00',0,'0000-00-00 00:00:00',0,NULL),(2179,133,0,'Sandra','Lee','no longer ordering','sandralee43@bigpond.com','5f4dcc3b5aa765d61d8327deb882cf99','Sandra Lee','266559975','','','','','','','0000-00-00 00:00:00','0000-00-00 00:00:00',0,'0000-00-00 00:00:00',0,NULL),(2180,134,0,'Sarah','Leek','','','5f4dcc3b5aa765d61d8327deb882cf99','Sarah Leek','6655 0297','','','','','','','0000-00-00 00:00:00','0000-00-00 00:00:00',0,'0000-00-00 00:00:00',0,NULL),(2181,135,0,'Rebecca','Lipscombe','ref 3368','r.lipscombe83@hotmail.com','5f4dcc3b5aa765d61d8327deb882cf99','Rebecca Lipscombe','416814436','','','','','','','0000-00-00 00:00:00','0000-00-00 00:00:00',0,'0000-00-00 00:00:00',0,NULL),(2182,136,0,'betty','louden','','bettylouden@hotmail.com','5f4dcc3b5aa765d61d8327deb882cf99','betty louden','0266531929','','32 Harvie Drive','','Boambee East','NSW','','0000-00-00 00:00:00','2012-09-22 10:28:37',2182,'0000-00-00 00:00:00',0,NULL),(2183,137,0,'Kim','Luckie','','','5f4dcc3b5aa765d61d8327deb882cf99','Kim Luckie','','','','','','','','0000-00-00 00:00:00','0000-00-00 00:00:00',0,'0000-00-00 00:00:00',0,NULL),(2184,138,0,'Ashar','Lumsdaine','','ashar.lumsdaine@gmail.com','5f4dcc3b5aa765d61d8327deb882cf99','Ashar Lumsdaine','423301211','','','','','','','0000-00-00 00:00:00','0000-00-00 00:00:00',0,'0000-00-00 00:00:00',0,NULL),(2185,139,0,'Vicky','Mackenzie','','enviroart@live.com.au','5f4dcc3b5aa765d61d8327deb882cf99','Vicky Mackenzie','488773622','','','','','','','0000-00-00 00:00:00','0000-00-00 00:00:00',0,'0000-00-00 00:00:00',0,NULL),(2186,140,0,'Caryn','Maher','','caryn.maher@yahoo.com','5f4dcc3b5aa765d61d8327deb882cf99','Caryn Maher','266551731','','','','','','','0000-00-00 00:00:00','0000-00-00 00:00:00',0,'0000-00-00 00:00:00',0,NULL),(2187,141,0,'Enrico','Malcisi','','enricomalcisi@gmail.com','5f4dcc3b5aa765d61d8327deb882cf99','Enrico Malcisi','409157898','','','','','','','0000-00-00 00:00:00','0000-00-00 00:00:00',0,'0000-00-00 00:00:00',0,NULL),(2188,142,0,'Kyle','Maloney','','Kylerowanmaloney@hotmail.com','5f4dcc3b5aa765d61d8327deb882cf99','Kyle Maloney','414705953','','','','','','','0000-00-00 00:00:00','0000-00-00 00:00:00',0,'0000-00-00 00:00:00',0,NULL),(2189,143,0,'BFB','MARKETING','','','5f4dcc3b5aa765d61d8327deb882cf99','BFB MARKETING','','','','','','','','0000-00-00 00:00:00','0000-00-00 00:00:00',0,'0000-00-00 00:00:00',0,NULL),(2190,144,0,'Kendal','Marsland','','kendalmarsland@hotmail.com','5f4dcc3b5aa765d61d8327deb882cf99','Kendal Marsland','417157222','','','','','','','0000-00-00 00:00:00','0000-00-00 00:00:00',0,'0000-00-00 00:00:00',0,NULL),(2191,145,0,'Jo','mason','','jo.mason@scu.edu.au','5f4dcc3b5aa765d61d8327deb882cf99','Jo mason','432994951','','','','','','','0000-00-00 00:00:00','0000-00-00 00:00:00',0,'0000-00-00 00:00:00',0,NULL),(2192,146,0,'Justine','Maunsell','','justine.maunsell@bigpond.com','5f4dcc3b5aa765d61d8327deb882cf99','Justine Maunsell','422441887','','','','','','','0000-00-00 00:00:00','0000-00-00 00:00:00',0,'0000-00-00 00:00:00',0,NULL),(2193,147,0,'Pearl','Maya','choose no deposit','mountaingirlrae@gmail.com','5f4dcc3b5aa765d61d8327deb882cf99','Pearl Maya','61266552970','','','','','','','0000-00-00 00:00:00','0000-00-00 00:00:00',0,'0000-00-00 00:00:00',0,NULL),(2194,148,0,'Sara','McCafferty','','saramccafferty@yahoo.com','5f4dcc3b5aa765d61d8327deb882cf99','Sara McCafferty','409462201','','','','','','','0000-00-00 00:00:00','0000-00-00 00:00:00',0,'0000-00-00 00:00:00',0,NULL),(2195,149,0,'Annie','McCallum Carty','','anniemcc@bigpond.com','5f4dcc3b5aa765d61d8327deb882cf99','Annie McCallum Carty','266551627','','','','','','','0000-00-00 00:00:00','0000-00-00 00:00:00',0,'0000-00-00 00:00:00',0,NULL),(2196,150,0,'Linda','McCarthy','','lindamccarthy2@bigpond.com','5f4dcc3b5aa765d61d8327deb882cf99','Linda McCarthy','457747984','','','','','','','0000-00-00 00:00:00','0000-00-00 00:00:00',0,'0000-00-00 00:00:00',0,NULL),(2197,151,0,'Neil','McCosh','','valeryboys@gmail.com','5f4dcc3b5aa765d61d8327deb882cf99','Neil McCosh','266535870','','','','','','','0000-00-00 00:00:00','0000-00-00 00:00:00',0,'0000-00-00 00:00:00',0,NULL),(2198,152,0,'Rebecca','McFarlane','','rmcfarlane@bellingen.nsw.gov.au','5f4dcc3b5aa765d61d8327deb882cf99','Rebecca McFarlane','266557324','','','','','','','0000-00-00 00:00:00','0000-00-00 00:00:00',0,'0000-00-00 00:00:00',0,NULL),(2199,153,0,'Gerry','McGilvray','','gerrimiah@hotmail.com','5f4dcc3b5aa765d61d8327deb882cf99','Gerry McGilvray','0266523317','','23 North St','','Coffs Harbour','NSw','2450','0000-00-00 00:00:00','2012-09-22 10:29:31',2199,'0000-00-00 00:00:00',0,NULL),(2200,154,0,'Anita','Menhofer','','menhofer@activ8.net.au','5f4dcc3b5aa765d61d8327deb882cf99','Anita Menhofer','266571823','','','','','','','0000-00-00 00:00:00','0000-00-00 00:00:00',0,'0000-00-00 00:00:00',0,NULL),(2201,155,0,'Deborah ','Meredith','','','5f4dcc3b5aa765d61d8327deb882cf99','Deborah  Meredith','403475969','','','','','','','0000-00-00 00:00:00','0000-00-00 00:00:00',0,'0000-00-00 00:00:00',0,NULL),(2202,156,0,'Beverley','Miles','','','5f4dcc3b5aa765d61d8327deb882cf99','Beverley Miles','266554039','','','','','','','0000-00-00 00:00:00','0000-00-00 00:00:00',0,'0000-00-00 00:00:00',0,NULL),(2203,157,0,'Jade','Miller','','','5f4dcc3b5aa765d61d8327deb882cf99','Jade Miller','400272353','','','','','','','0000-00-00 00:00:00','0000-00-00 00:00:00',0,'0000-00-00 00:00:00',0,NULL),(2204,158,0,'Fiona','Minto','','fionahippo@hotmail.com','5f4dcc3b5aa765d61d8327deb882cf99','Fiona Minto','401155141','','','','','','','0000-00-00 00:00:00','0000-00-00 00:00:00',0,'0000-00-00 00:00:00',0,NULL),(2205,159,0,'Gail','Moloney','','gail.moloney@scu.edu.au','5f4dcc3b5aa765d61d8327deb882cf99','Gail Moloney','0266509809','','12 Jackson Place','','Coffs Harbour','NSW','2450','0000-00-00 00:00:00','2012-09-28 09:26:51',2205,'0000-00-00 00:00:00',0,NULL),(2206,160,0,'Matt','Morgan','','Matt@mm4jj.com','5f4dcc3b5aa765d61d8327deb882cf99','Matt Morgan','466677559','','','','','','','0000-00-00 00:00:00','0000-00-00 00:00:00',0,'0000-00-00 00:00:00',0,NULL),(2207,161,0,'Angelina','Morley','','angelina.2828@hotmail.com','5f4dcc3b5aa765d61d8327deb882cf99','Angelina Morley','428287878','','','','','','','0000-00-00 00:00:00','0000-00-00 00:00:00',0,'0000-00-00 00:00:00',0,NULL),(2208,162,0,'Elle','Morrell','','ellemorrell@yahoo.com','5f4dcc3b5aa765d61d8327deb882cf99','Elle Morrell','','0434374818','','','','NSW','2454','0000-00-00 00:00:00','2012-09-28 10:06:29',2208,'0000-00-00 00:00:00',0,NULL),(2209,163,0,'woo','morris','','woo1@westnet.com.au','5f4dcc3b5aa765d61d8327deb882cf99','woo morris','266550599','','','','','','','0000-00-00 00:00:00','0000-00-00 00:00:00',0,'0000-00-00 00:00:00',0,NULL),(2210,164,0,'Jane','Mosco','','janemosco@gmail.com','5f4dcc3b5aa765d61d8327deb882cf99','Jane Mosco','432369123','','','','','','','0000-00-00 00:00:00','0000-00-00 00:00:00',0,'0000-00-00 00:00:00',0,NULL),(2211,165,0,'Brenda ','Mulhearn ','*hold until further notice','mully06@bigpond.com','5f4dcc3b5aa765d61d8327deb882cf99','Brenda  Mulhearn ','266511603','','','','','','','0000-00-00 00:00:00','0000-00-00 00:00:00',0,'0000-00-00 00:00:00',0,NULL),(2212,166,0,'Pam ','Murphy','','wamutjan@gmail.com','5f4dcc3b5aa765d61d8327deb882cf99','Pam  Murphy','427729860','','','','','','','0000-00-00 00:00:00','0000-00-00 00:00:00',0,'0000-00-00 00:00:00',0,NULL),(2213,167,0,'Bruce','Naylor','','brnaylor@optusnet.com.au','5f4dcc3b5aa765d61d8327deb882cf99','Bruce Naylor','415415706','','','','','','','0000-00-00 00:00:00','0000-00-00 00:00:00',0,'0000-00-00 00:00:00',0,NULL),(2214,168,0,'Paul','Nebauer','','','5f4dcc3b5aa765d61d8327deb882cf99','Paul Nebauer','6655 1011','','','','','','','0000-00-00 00:00:00','0000-00-00 00:00:00',0,'0000-00-00 00:00:00',0,NULL),(2215,169,0,'Joseph','Newton','','','5f4dcc3b5aa765d61d8327deb882cf99','Joseph Newton','','','','','','','','0000-00-00 00:00:00','0000-00-00 00:00:00',0,'0000-00-00 00:00:00',0,NULL),(2216,170,0,'Jane','Noack','216851S3','Jane.noack@yahoo.com.au','5f4dcc3b5aa765d61d8327deb882cf99','Jane Noack','432844870','','','','','','','0000-00-00 00:00:00','0000-00-00 00:00:00',0,'0000-00-00 00:00:00',0,NULL),(2217,171,0,'Helen','O\'Callaghan','choose no dep.','woolfordfamily@bigpond.com','5f4dcc3b5aa765d61d8327deb882cf99','Helen O\'Callaghan','0266525985','','8 Henderson Close','','Coffs Harbour','NSW','2450','0000-00-00 00:00:00','2012-09-22 10:30:33',2217,'0000-00-00 00:00:00',0,NULL),(2218,172,0,'Catherine','Overgaard','','catherine@rin.net.au','5f4dcc3b5aa765d61d8327deb882cf99','Catherine Overgaard','266571341','','','','','','','0000-00-00 00:00:00','0000-00-00 00:00:00',0,'0000-00-00 00:00:00',0,NULL),(2219,173,0,'Dallas','Oxford','','dallasoxford@bigpond.com','5f4dcc3b5aa765d61d8327deb882cf99','Dallas Oxford','266517486','','','','','','','0000-00-00 00:00:00','0000-00-00 00:00:00',0,'0000-00-00 00:00:00',0,NULL),(2220,174,0,'laura','pakarinen','','adamnlawz@hotmail.com','5f4dcc3b5aa765d61d8327deb882cf99','laura pakarinen','410570083','','','','','','','0000-00-00 00:00:00','0000-00-00 00:00:00',0,'0000-00-00 00:00:00',0,NULL),(2221,175,0,'Libby','Park','','libby_park@bigpond.com','5f4dcc3b5aa765d61d8327deb882cf99','Libby Park','411049707','','','','','','','0000-00-00 00:00:00','0000-00-00 00:00:00',0,'0000-00-00 00:00:00',0,NULL),(2222,176,0,'Kathryn','Park','','','5f4dcc3b5aa765d61d8327deb882cf99','Kathryn Park','','','','','','','','0000-00-00 00:00:00','0000-00-00 00:00:00',0,'0000-00-00 00:00:00',0,NULL),(2223,177,0,'Vicki','Parkes','','vparkes@westnet.com.au','5f4dcc3b5aa765d61d8327deb882cf99','Vicki Parkes','266559715','','','','','','','0000-00-00 00:00:00','0000-00-00 00:00:00',0,'0000-00-00 00:00:00',0,NULL),(2224,178,0,'Sandra','Parriott','','sparriot@bigpond.net.au','5f4dcc3b5aa765d61d8327deb882cf99','Sandra Parriott','416070961','','','','','','','0000-00-00 00:00:00','0000-00-00 00:00:00',0,'0000-00-00 00:00:00',0,NULL),(2225,179,0,'Aline','Pavy','','alinepavy@gmail.com','5f4dcc3b5aa765d61d8327deb882cf99','Aline Pavy','430904111','','','','','','','0000-00-00 00:00:00','0000-00-00 00:00:00',0,'0000-00-00 00:00:00',0,NULL),(2226,180,0,'Juliana','Pelmore','','juliana.an@gmail.com','5f4dcc3b5aa765d61d8327deb882cf99','Juliana Pelmore','407828677','','','','','','','0000-00-00 00:00:00','0000-00-00 00:00:00',0,'0000-00-00 00:00:00',0,NULL),(2227,181,0,'Melissa','Perrot','orders with Anna Swift','mperrot@bigpond.net.au','5f4dcc3b5aa765d61d8327deb882cf99','Melissa Perrot','411700873','','','','','','','0000-00-00 00:00:00','0000-00-00 00:00:00',0,'0000-00-00 00:00:00',0,NULL),(2228,182,0,'Margot','Pleasant','','','5f4dcc3b5aa765d61d8327deb882cf99','Margot Pleasant','','','','','','','','0000-00-00 00:00:00','0000-00-00 00:00:00',0,'0000-00-00 00:00:00',0,NULL),(2229,183,0,'Stephen','provost','','stephenprovost99@gmail.com','5f4dcc3b5aa765d61d8327deb882cf99','Stephen provost','266593304','','','','','','','0000-00-00 00:00:00','0000-00-00 00:00:00',0,'0000-00-00 00:00:00',0,NULL),(2230,184,0,'Kate','Pullinger','','dan_kate@bigpond.net.au','5f4dcc3b5aa765d61d8327deb882cf99','Kate Pullinger','422188504','','','','','','','0000-00-00 00:00:00','0000-00-00 00:00:00',0,'0000-00-00 00:00:00',0,NULL),(2231,185,0,'Lauren','Puls','','laurenpuls16@yahoo.com.au','5f4dcc3b5aa765d61d8327deb882cf99','Lauren Puls','0266554473','','19 Forest Drive','','Repton','NSW','','0000-00-00 00:00:00','2012-09-22 10:31:18',2231,'0000-00-00 00:00:00',0,NULL),(2232,186,0,'Maggie','Quirk','','maggie@bellbottom.com.au','5f4dcc3b5aa765d61d8327deb882cf99','Maggie Quirk','403675326','','','','','','','0000-00-00 00:00:00','0000-00-00 00:00:00',0,'0000-00-00 00:00:00',0,NULL),(2233,187,0,'Skye','Ravenscroft','','skye.ravenscroft@gmail.com','5f4dcc3b5aa765d61d8327deb882cf99','Skye Ravenscroft','','0410591254','2 Ascot Close','','Korora','NSW','','0000-00-00 00:00:00','2012-09-22 10:32:07',2233,'0000-00-00 00:00:00',0,NULL),(2234,188,0,'Brendan','Rennison','','bmremison@westnet.com.au','5f4dcc3b5aa765d61d8327deb882cf99','Brendan Rennison','428544054','','','','','','','0000-00-00 00:00:00','0000-00-00 00:00:00',0,'0000-00-00 00:00:00',0,NULL),(2235,189,0,'Lynn','Reynell','','lynn.reynell563@gmail.com','5f4dcc3b5aa765d61d8327deb882cf99','Lynn Reynell','266554991','','','','','','','0000-00-00 00:00:00','0000-00-00 00:00:00',0,'0000-00-00 00:00:00',0,NULL),(2236,190,0,'Amanda','Ridgewell','','eyetothetelescope@gmail.com','5f4dcc3b5aa765d61d8327deb882cf99','Amanda Ridgewell','411832662','','','','','','','0000-00-00 00:00:00','0000-00-00 00:00:00',0,'0000-00-00 00:00:00',0,NULL),(2237,191,0,'Eva','Ritchie','','evajrit@gmail.com','5f4dcc3b5aa765d61d8327deb882cf99','Eva Ritchie','','0416429212','','','','NSW','2454','0000-00-00 00:00:00','2012-09-28 10:07:46',2237,'0000-00-00 00:00:00',0,NULL),(2238,192,0,'Lauren','Robertson','S11','laurenrobertson@live.com.au','5f4dcc3b5aa765d61d8327deb882cf99','Lauren Robertson','404116550','','','','','','','0000-00-00 00:00:00','0000-00-00 00:00:00',0,'0000-00-00 00:00:00',0,NULL),(2239,193,0,'Nicci','Robertson','','','5f4dcc3b5aa765d61d8327deb882cf99','Nicci Robertson','','','','','','','','0000-00-00 00:00:00','0000-00-00 00:00:00',0,'0000-00-00 00:00:00',0,NULL),(2240,194,0,'Reni','Rohrl','','reni@westnet.com.au','5f4dcc3b5aa765d61d8327deb882cf99','Reni Rohrl','266559212','','','','','','','0000-00-00 00:00:00','0000-00-00 00:00:00',0,'0000-00-00 00:00:00',0,NULL),(2241,195,0,'Ann','Rosewood','','ann_rose@bigpond.net.au','5f4dcc3b5aa765d61d8327deb882cf99','Ann Rosewood','266552204','','','','','','','0000-00-00 00:00:00','0000-00-00 00:00:00',0,'0000-00-00 00:00:00',0,NULL),(2242,196,0,'Nicole','Ruigrok','','lokinicole@gmail.com','5f4dcc3b5aa765d61d8327deb882cf99','Nicole Ruigrok','425218999','','','','','','','0000-00-00 00:00:00','0000-00-00 00:00:00',0,'0000-00-00 00:00:00',0,NULL),(2243,197,0,'sharna','Russell','','Sharna.russell@gmail.com','5f4dcc3b5aa765d61d8327deb882cf99','sharna Russell','423285619','','','','','','','0000-00-00 00:00:00','0000-00-00 00:00:00',0,'0000-00-00 00:00:00',0,NULL),(2244,198,0,'Guy','Saddleton','','','5f4dcc3b5aa765d61d8327deb882cf99','Guy Saddleton','','','','','','','','0000-00-00 00:00:00','0000-00-00 00:00:00',0,'0000-00-00 00:00:00',0,NULL),(2245,199,0,'keiron','sames','','keironlse@hotmail.com','5f4dcc3b5aa765d61d8327deb882cf99','keiron sames','266538742','','','','','','','0000-00-00 00:00:00','0000-00-00 00:00:00',0,'0000-00-00 00:00:00',0,NULL),(2246,200,0,'Josh','Saunders','','josh@lunchface.net','5f4dcc3b5aa765d61d8327deb882cf99','Josh Saunders','488491361','','','','','','','0000-00-00 00:00:00','0000-00-00 00:00:00',0,'0000-00-00 00:00:00',0,NULL),(2247,201,0,'Tim','Scanlon','','timscanlon0@gmail.com','5f4dcc3b5aa765d61d8327deb882cf99','Tim Scanlon','266550052','','','','','','','0000-00-00 00:00:00','0000-00-00 00:00:00',0,'0000-00-00 00:00:00',0,NULL),(2248,202,0,'Ute','Schulenberg','','ute.schulenberg@bigpond.com','5f4dcc3b5aa765d61d8327deb882cf99','Ute Schulenberg','','0429999015','','','','','','0000-00-00 00:00:00','2012-09-22 13:40:26',2248,'0000-00-00 00:00:00',0,NULL),(2249,203,0,'Melissa ','Sheehy','','melsheehy@hotmail.com','5f4dcc3b5aa765d61d8327deb882cf99','Melissa  Sheehy','438827056','','','','','','','0000-00-00 00:00:00','0000-00-00 00:00:00',0,'0000-00-00 00:00:00',0,NULL),(2250,204,0,'Lisa','Siegel','last box 5/9 until mid Oct.','las@westnet.com.au','5f4dcc3b5aa765d61d8327deb882cf99','Lisa Siegel','423362844','','','','','','','0000-00-00 00:00:00','0000-00-00 00:00:00',0,'0000-00-00 00:00:00',0,NULL),(2251,205,0,'Alison','Skinn','','a.skinn@bom.gov.au','5f4dcc3b5aa765d61d8327deb882cf99','Alison Skinn','','0412855535','Bureau of Meteorology 2 Aviation Drive ',' 2 Aviation Drive ','Coffs Harbour','NSW','2450','0000-00-00 00:00:00','2012-09-28 09:55:05',2251,'0000-00-00 00:00:00',0,NULL),(2252,206,0,'Steve / May','Smith','','mayatthora@hotmail.com','5f4dcc3b5aa765d61d8327deb882cf99','Steve / May Smith','409125818','','','','','','','0000-00-00 00:00:00','0000-00-00 00:00:00',0,'0000-00-00 00:00:00',0,NULL),(2253,207,0,'Ray','Smith','','raysmith2468@hotmail.com','5f4dcc3b5aa765d61d8327deb882cf99','Ray Smith','123456789','','','','','','','0000-00-00 00:00:00','0000-00-00 00:00:00',0,'0000-00-00 00:00:00',0,NULL),(2254,208,0,'Glen','Smith','','glensmith90@hotmail.com','5f4dcc3b5aa765d61d8327deb882cf99','Glen Smith','','','','','','','','0000-00-00 00:00:00','0000-00-00 00:00:00',0,'0000-00-00 00:00:00',0,NULL),(2255,209,0,'Lucy','Smith','','scarletts_mum@hotmail.com','5f4dcc3b5aa765d61d8327deb882cf99','Lucy Smith','','','','','','','','0000-00-00 00:00:00','0000-00-00 00:00:00',0,'0000-00-00 00:00:00',0,NULL),(2256,210,0,'Andrew','Somerville','','','5f4dcc3b5aa765d61d8327deb882cf99','Andrew Somerville','','','','','','','','0000-00-00 00:00:00','0000-00-00 00:00:00',0,'0000-00-00 00:00:00',0,NULL),(2257,211,0,'Donna','Sowman','','donnasowman@hotmail.com','5f4dcc3b5aa765d61d8327deb882cf99','Donna Sowman','266559896','','','','','','','0000-00-00 00:00:00','0000-00-00 00:00:00',0,'0000-00-00 00:00:00',0,NULL),(2258,212,0,'Emma','Stachiw','','rhythmoflight@hotmail.com','5f4dcc3b5aa765d61d8327deb882cf99','Emma Stachiw','422289852','','','','','','','0000-00-00 00:00:00','0000-00-00 00:00:00',0,'0000-00-00 00:00:00',0,NULL),(2259,213,0,'Gai','Stern','','','5f4dcc3b5aa765d61d8327deb882cf99','Gai Stern','','','','','','','','0000-00-00 00:00:00','0000-00-00 00:00:00',0,'0000-00-00 00:00:00',0,NULL),(2260,214,0,'Rachael','Stewart-Rattray','','rachaelsr@oemg-global.com','5f4dcc3b5aa765d61d8327deb882cf99','Rachael Stewart-Rattray','423112472','','','','','','','0000-00-00 00:00:00','0000-00-00 00:00:00',0,'0000-00-00 00:00:00',0,NULL),(2261,215,0,'Cati','Storm','','topcati@hotmail.com','5f4dcc3b5aa765d61d8327deb882cf99','Cati Storm','424734567','','','','','','','0000-00-00 00:00:00','0000-00-00 00:00:00',0,'0000-00-00 00:00:00',0,NULL),(2262,216,0,'Yvette','Stride','','yvette_stride@yahoo.com','5f4dcc3b5aa765d61d8327deb882cf99','Yvette Stride','414796240','','','','','','','0000-00-00 00:00:00','0000-00-00 00:00:00',0,'0000-00-00 00:00:00',0,NULL),(2263,217,0,'Barry','Summerfield','','barry.summerfield@bigpond.com','5f4dcc3b5aa765d61d8327deb882cf99','Barry Summerfield','0266500443','','11 Rememberance Close','','Coffs Harbour','NSW','2450','0000-00-00 00:00:00','2012-09-22 10:33:16',2263,'0000-00-00 00:00:00',0,NULL),(2264,218,0,'Anna','Swift','','lorusswift@hotmail.com','5f4dcc3b5aa765d61d8327deb882cf99','Anna Swift','418468577','','','','','','','0000-00-00 00:00:00','0000-00-00 00:00:00',0,'0000-00-00 00:00:00',0,NULL),(2265,219,0,'Amber','Tarling','','ambertarling@gmail.com','5f4dcc3b5aa765d61d8327deb882cf99','Amber Tarling','266559036','','','','','','','0000-00-00 00:00:00','0000-00-00 00:00:00',0,'0000-00-00 00:00:00',0,NULL),(2266,220,0,'Caroline','Thomas','','caroway78@hotmail.com','5f4dcc3b5aa765d61d8327deb882cf99','Caroline Thomas','421645360','','','','','','','0000-00-00 00:00:00','0000-00-00 00:00:00',0,'0000-00-00 00:00:00',0,NULL),(2267,221,0,'Karen','Thompson','','Karenwillmervet@hotmail.com','5f4dcc3b5aa765d61d8327deb882cf99','Karen Thompson','448124490','','','','','','','0000-00-00 00:00:00','0000-00-00 00:00:00',0,'0000-00-00 00:00:00',0,NULL),(2268,222,0,'david','thorn','choose no deposit, AWAY','info@dmtphotography.com.au','5f4dcc3b5aa765d61d8327deb882cf99','david thorn','266553966','','','','','','','0000-00-00 00:00:00','0000-00-00 00:00:00',0,'0000-00-00 00:00:00',0,NULL),(2269,223,0,'Alli & Ant','Tomasi','','a.tomasi@bigpond.com','5f4dcc3b5aa765d61d8327deb882cf99','Alli & Ant Tomasi','266558846','','','','','','','0000-00-00 00:00:00','0000-00-00 00:00:00',0,'0000-00-00 00:00:00',0,NULL),(2270,224,0,'Atlanta','Urunga Primary School','*fundraiser to pick up on Friday','','5f4dcc3b5aa765d61d8327deb882cf99','Atlanta Urunga Primary School','418462320','','','','','','','0000-00-00 00:00:00','0000-00-00 00:00:00',0,'0000-00-00 00:00:00',0,NULL),(2271,225,0,'Solange','Villarroel','fortnightly order','solsistersun@hotmail.com','5f4dcc3b5aa765d61d8327deb882cf99','Solange Villarroel','266552140','','','','','','','0000-00-00 00:00:00','0000-00-00 00:00:00',0,'0000-00-00 00:00:00',0,NULL),(2272,226,0,'Skye ','Vockler','','Skye_vockler@yahoo.com.au','5f4dcc3b5aa765d61d8327deb882cf99','Skye  Vockler','402626850','','','','','','','0000-00-00 00:00:00','0000-00-00 00:00:00',0,'0000-00-00 00:00:00',0,NULL),(2273,227,0,'Irene','Wallin','','treeferns@westnet.com.au','5f4dcc3b5aa765d61d8327deb882cf99','Irene Wallin','266559090','','','','','','','0000-00-00 00:00:00','0000-00-00 00:00:00',0,'0000-00-00 00:00:00',0,NULL),(2274,228,0,'Nick','Warfield','','','5f4dcc3b5aa765d61d8327deb882cf99','Nick Warfield','','','','','','','','0000-00-00 00:00:00','0000-00-00 00:00:00',0,'0000-00-00 00:00:00',0,NULL),(2275,229,0,'Leanne','Watson','','jess.alice4@bigpond.com','5f4dcc3b5aa765d61d8327deb882cf99','Leanne Watson','419404990','','','','','','','0000-00-00 00:00:00','0000-00-00 00:00:00',0,'0000-00-00 00:00:00',0,NULL),(2276,230,0,'polly','wells','','polly.wells3@gmail.com','5f4dcc3b5aa765d61d8327deb882cf99','polly wells','266551397','','','','','','','0000-00-00 00:00:00','0000-00-00 00:00:00',0,'0000-00-00 00:00:00',0,NULL),(2277,231,0,'Tom','White','','itsallwhite@hotmail.com','5f4dcc3b5aa765d61d8327deb882cf99','Tom White','411243865','','','','','','','0000-00-00 00:00:00','0000-00-00 00:00:00',0,'0000-00-00 00:00:00',0,NULL),(2278,232,0,'Sharon','White','ordered at Vol.day, never received.','swhite01@bigpond.net.au','5f4dcc3b5aa765d61d8327deb882cf99','Sharon White','437160883','','','','','','','0000-00-00 00:00:00','0000-00-00 00:00:00',0,'0000-00-00 00:00:00',0,NULL),(2279,233,0,'Judith','Williams','','','5f4dcc3b5aa765d61d8327deb882cf99','Judith Williams','','','','','','','','0000-00-00 00:00:00','0000-00-00 00:00:00',0,'0000-00-00 00:00:00',0,NULL),(2280,234,0,'Christine & Ross','Williams','','brwch@skymesh.com.au','5f4dcc3b5aa765d61d8327deb882cf99','Christine & Ross Williams','266558586','','','','','','','0000-00-00 00:00:00','0000-00-00 00:00:00',0,'0000-00-00 00:00:00',0,NULL),(2281,235,0,'Mark','Williamson','','lisawilliamson@tpg.com.au','5f4dcc3b5aa765d61d8327deb882cf99','Mark Williamson','265689094','','','','','','','0000-00-00 00:00:00','0000-00-00 00:00:00',0,'0000-00-00 00:00:00',0,NULL),(2282,236,0,'Stacey','Wills','','staciiwills@hotmail.com','5f4dcc3b5aa765d61d8327deb882cf99','Stacey Wills','0266514985','','29 Kotuku St','','Coffs Harbour','NSW','2450','0000-00-00 00:00:00','2012-09-22 10:34:15',2282,'0000-00-00 00:00:00',0,NULL),(2283,237,0,'Maxine','Wilson','','brierfieldmama@bigpond.com','5f4dcc3b5aa765d61d8327deb882cf99','Maxine Wilson','413845566','','','','','','','0000-00-00 00:00:00','0000-00-00 00:00:00',0,'0000-00-00 00:00:00',0,NULL),(2284,238,0,'Jessica','Wilson','','jess.alice4@bigpond.com','5f4dcc3b5aa765d61d8327deb882cf99','Jessica Wilson','266551693','','','','','','','0000-00-00 00:00:00','0000-00-00 00:00:00',0,'0000-00-00 00:00:00',0,NULL),(2285,239,0,'Mary ','Winning','','info@bellofoodbox.org.au','5f4dcc3b5aa765d61d8327deb882cf99','Mary  Winning','266550308','','','','','','','0000-00-00 00:00:00','0000-00-00 00:00:00',0,'0000-00-00 00:00:00',0,NULL),(2286,240,0,'Leigh','Winter','','leigh.winter@bigpond.com','5f4dcc3b5aa765d61d8327deb882cf99','Leigh Winter','266551073','','','','','','','0000-00-00 00:00:00','0000-00-00 00:00:00',0,'0000-00-00 00:00:00',0,NULL),(2287,241,0,'Kathryn','Wood','','kathrynwood3@gmail.com','5f4dcc3b5aa765d61d8327deb882cf99','Kathryn Wood','427572309','','','','','','','0000-00-00 00:00:00','0000-00-00 00:00:00',0,'0000-00-00 00:00:00',0,NULL),(2288,242,0,'Errol & Fiona','Wood','','wallabytracks@hotmail.com','5f4dcc3b5aa765d61d8327deb882cf99','Errol & Fiona Wood','266551655','','','','','','','0000-00-00 00:00:00','0000-00-00 00:00:00',0,'0000-00-00 00:00:00',0,NULL),(2289,243,0,'Kassimiro','Yanga','','kassimiro.yanga@gmail.com','5f4dcc3b5aa765d61d8327deb882cf99','Kassimiro Yanga','421700580','','','','','','','0000-00-00 00:00:00','0000-00-00 00:00:00',0,'0000-00-00 00:00:00',0,NULL),(2290,244,0,'Yoyo','Yeung','','yoyo.chan@ymail.com','5f4dcc3b5aa765d61d8327deb882cf99','Yoyo Yeung','405437111','','','','','','','0000-00-00 00:00:00','0000-00-00 00:00:00',0,'0000-00-00 00:00:00',0,NULL),(2291,245,0,'Hag','','','','5f4dcc3b5aa765d61d8327deb882cf99','Hag ','','','','','','','','0000-00-00 00:00:00','0000-00-00 00:00:00',0,'0000-00-00 00:00:00',0,NULL),(2302,246,NULL,'Francis','Beresford','','francis.beresford@gmail.com','72fc80985ca237f1d7d2b0d571d52529',NULL,'','','','','','NSW','','2012-10-03 11:56:08','2012-09-19 14:16:14',2302,'2012-09-18 22:38:15',NULL,''),(2303,247,NULL,'Amanda','Vockler','','amandalv@iprimus.com.au','f432d9db75f85ee9dcee582853f89bf5',NULL,'0266550742','','','','','NSW','','2012-09-19 22:12:25','2012-09-19 22:12:24',NULL,'2012-09-19 22:12:24',NULL,NULL),(2304,248,NULL,'Christina','Forrester','','royandchristina@bigpond.com','07701a2d51515bfd55d444fbcbd62b44',NULL,'','0413767876','140 Maccues Rd','','Moonee Beach','NSW','','2012-09-19 22:16:00','2012-09-22 10:17:16',2304,'2012-09-19 22:16:00',NULL,NULL),(2305,249,NULL,'Kristian','Daniels','','munchmonsta@yahoo.com.au','6fcba5834fe78ab2c6734ef672133a3e',NULL,'0266552903','','','','','NSW','','2012-09-19 22:17:12','2012-09-19 22:17:12',NULL,'2012-09-19 22:17:12',NULL,NULL),(2306,250,NULL,'Tracy','McGee','','tracy7emerald@hotmail.com','d352feede4279972af6543184f5ec501',NULL,'','0413333481','20 Bluff Rd','','Emerald Beach','NSW','','2012-09-19 22:18:10','2012-10-05 12:04:20',2306,'2012-09-19 22:18:10',NULL,NULL),(2307,251,NULL,'Marie','Arnold','','mariekarnold@hotmail.com','9c39d88558e1cb586a08da2583144005',NULL,'','0401947332','44 Decastella Dr','','Boambee East','NSW','','2012-09-21 09:04:35','2012-09-28 14:36:26',2307,'2012-09-21 09:04:35',NULL,NULL),(2308,252,NULL,'Tiffany','Daro','','tiffinsing@yahoo.com.au','54ddd8e7e75a8510b26db6be619a9e59',NULL,'0266559654','','','','','NSW','','2012-09-22 09:38:33','2012-09-22 09:38:33',NULL,'2012-09-22 09:38:33',NULL,NULL),(2309,253,NULL,'Kirstie','Griffiths','','Kirstndai@hotmail.com','9d2fa478538b90b6d7bbb5c454c58022',NULL,'','0421760855','4 Myall Court','','Urunga','NSW','','2012-09-22 09:42:48','2012-09-22 09:42:47',NULL,'2012-09-22 09:42:47',NULL,NULL),(2310,254,NULL,'Matt','Henry','','enquiries@matthenryartbroker.com','8ff3d6715ddf507778776a836ec74da3',NULL,'','0418676006','','','','NSW','','2012-09-22 09:43:40','2012-09-22 09:43:40',NULL,'2012-09-22 09:43:40',NULL,NULL),(2311,255,NULL,'Nalia','Kirkaldy','','chrisandnalia@hotmail.com','e478abadbfa4408017da64a4c47543f1',NULL,'0266536782','','3 Blue Luben Cl','','Korora','NSW','','2012-09-22 09:47:22','2012-09-22 09:47:21',NULL,'2012-09-22 09:47:21',NULL,NULL),(2312,256,NULL,'Karina','Neal','','k.neal.43@hotmail.com','299e0b286b02303ac05e794f44ab81b3',NULL,'','0401250492','Carina College, SCU','Hogbin Drive','Coffs Harbour','NSW','2450','2012-09-22 09:48:44','2012-09-22 09:48:44',NULL,'2012-09-22 09:48:44',NULL,NULL),(2313,257,NULL,'Tara','Pinochi','','tarapinochi@gmail.com','b51252c2a3825cb94b57facaafa7674a',NULL,'','0409947788','11 Jack Ladd Pl','','Coffs Harbour','NSW','2450','2012-09-22 09:49:53','2012-09-22 09:49:53',NULL,'2012-09-22 09:49:53',NULL,NULL),(2314,258,NULL,'Carrie','Skinner','','carrie_thompson@hotmail.com','26edce165e0b94bb7ac485503c328dcc',NULL,'0266523609','','7 Kalang Circuit','','Coffs Harbour','NSW','2450','2012-09-22 09:55:11','2012-09-22 09:55:10',NULL,'2012-09-22 09:55:10',NULL,NULL),(2315,259,NULL,'Michelle','Foulkes','','michellefoulkes@westnet.com.au','977afcbdbce46d9fe40a296d7d44800e',NULL,'0266547250','','140 Newmans Road','','Woolgoolga','NSW','','2012-09-22 09:59:31','2012-09-22 09:59:31',NULL,'2012-09-22 09:59:31',NULL,NULL),(2316,260,NULL,'Becky','Cole','','coco_1981@hotmail.com','dad980f981f787b4ac9825351ec8b00a',NULL,'','0422764114','21 Amaroo Cres','','Toormina','NSW','2452','2012-09-22 12:35:53','2012-09-22 12:35:53',NULL,'2012-09-22 12:35:53',NULL,NULL),(2317,261,NULL,'Beth','Gibbings','','gibbings@midcoast.com.au','08be307eef9c46a0b576bdc966649718',NULL,'','0428622309','','','','NSW','','2012-09-22 12:36:41','2012-09-22 12:36:41',NULL,'2012-09-22 12:36:41',NULL,NULL),(2318,262,NULL,'Helen','Bennet','','helen-bennett@hotmail.com','a70080084a4832efb3a10009ec43c29b',NULL,'','0411587727','67 Bluff Road','','Emerald Beach','','2456','2012-09-22 12:37:56','2012-09-22 12:37:56',NULL,'2012-09-22 12:37:56',NULL,NULL),(2319,263,NULL,'Linda','Villy','','lindavilly@gmail.com','add2171b687e33b5bff35a644d57b86a',NULL,'','0427581831','','','','NSW','2454','2012-09-22 12:39:54','2012-09-22 12:39:54',NULL,'2012-09-22 12:39:54',NULL,NULL),(2320,264,NULL,'Zoe','Little','','zoe_little@hotmail.com','add2171b687e33b5bff35a644d57b86a',NULL,'','0434291727','','','','NSW','','2012-09-22 12:40:51','2012-09-22 12:40:51',NULL,'2012-09-22 12:40:51',NULL,NULL),(2321,265,NULL,'Jay','Black','','jayscottpoeilo@gmail.com','cfa24b5085b2cc67191cb4113a78bccc',NULL,'0266552591','','','','','NSW','','2012-09-22 12:42:48','2012-09-22 12:42:48',NULL,'2012-09-22 12:42:48',NULL,NULL),(2322,266,NULL,'Ros','Ward','','roslyn.ward2@bigpond.com','a910d0c312946c31bcf159d93b028fa9',NULL,'0266551140','','','','','NSW','2454','2012-09-22 12:46:43','2012-09-22 12:46:43',NULL,'2012-09-22 12:46:43',NULL,NULL),(2324,268,NULL,'Christopher','Dicks','','cdou812@hotmail.com','9ae55469ce36d8002bf718c7d40030f7',NULL,'0266550134','','','','','NSW','','2012-09-25 15:41:50','2012-09-25 15:41:50',NULL,'2012-09-25 15:41:50',NULL,NULL),(2325,269,NULL,'Gillian','Church','','gchurch@iinet.net.au','fbe8cfee16053a02e135c8452235fa9e',NULL,'0266550153','','','','','NSW','','2012-09-25 15:42:49','2012-09-25 15:42:49',NULL,'2012-09-25 15:42:49',NULL,NULL),(2326,NULL,NULL,'Karen','Knight','','karen@northbankgarden.org.au','1f729183859b546ef37a75493e0e2f4e',NULL,'','','','','','','','2012-09-26 08:00:27','2012-09-26 08:00:00',1,'2012-09-26 08:00:00',1,NULL),(2327,270,NULL,'Tracy & CJ','Campbell','','milsie2@hotmail.com','fbe8cfee16053a02e135c8452235fa9e',NULL,'0266562445','','11 CAPIZZI CLOSE, ','','EMERALD BEACH','NSW','2456','2012-09-28 10:36:21','2012-09-28 10:36:21',NULL,'2012-09-28 10:36:21',NULL,NULL),(2328,271,NULL,'Catherine','O\'Brien','','cob-22@hotmail.com','ae7aedd4e0d56c3b1aa458cd98877ced',NULL,'0266564814','','12 Canomie Street','',' Sapphire','NSW','','2012-09-28 10:37:56','2012-09-28 10:37:56',NULL,'2012-09-28 10:37:56',NULL,NULL),(2329,272,NULL,'Carmel','Fielding','','carmel@threesixtybuilding.com','05c76c93306853d03f79c719f5e9ca04',NULL,'0266533569','','130 Ayrshire Park Drive, ','(shared driveway-take right-hand fork). Please leave box in carport.','Middle Boambee ','NSW','','2012-09-28 10:39:26','2012-09-28 10:39:45',2329,'2012-09-28 10:39:26',NULL,NULL),(2330,273,NULL,'Jan','Strom','','jan@janstrom.com.au','05c76c93306853d03f79c719f5e9ca04',NULL,'','0408414068','2 Short Street','','Coffs Jetty','NSW','2450','2012-09-28 10:41:30','2012-09-28 10:41:30',NULL,'2012-09-28 10:41:30',NULL,NULL),(2331,274,NULL,'Deanne','Parker','','deannelparker@bigpond.com','05c76c93306853d03f79c719f5e9ca04',NULL,'','0410461963','20 Headland Road ','','Sapphire Beach','NSW','2450','2012-09-28 10:43:03','2012-09-28 10:43:03',NULL,'2012-09-28 10:43:03',NULL,NULL),(2332,275,NULL,'Bonnie & Corinne','McKinnon','','Inne19@yahoo.com','05c76c93306853d03f79c719f5e9ca04',NULL,'0266580689','0400680282','41 Aubrey Crs','','Coffs Harbour','NSW','2450','2012-09-28 10:44:29','2012-09-28 10:44:29',NULL,'2012-09-28 10:44:29',NULL,NULL),(2333,276,NULL,'Kerrie','McKinnon','','Kerriemckinnon65@gmail.com','ae7aedd4e0d56c3b1aa458cd98877ced',NULL,'','0458545344','41 Aubrey Crs','','Coffs Harbour','NSW','2450','2012-09-28 10:46:19','2012-09-28 10:46:19',NULL,'2012-09-28 10:46:19',NULL,NULL),(2334,277,NULL,'Helen','Young','','helenmaree@yahoo.com','05c76c93306853d03f79c719f5e9ca04',NULL,'','0403858160','53 Blackbutt Ave ','','Sandy Beach ','NSW','2456','2012-09-28 10:49:21','2012-09-28 10:49:20',NULL,'2012-09-28 10:49:20',NULL,NULL),(2335,278,NULL,'Rosey','Neilson','','roseyterry@bigpond.com','05c76c93306853d03f79c719f5e9ca04',NULL,'','0412432415','Vivid','','Bellingen','NSW','2454','2012-09-28 10:57:47','2012-09-28 10:57:47',NULL,'2012-09-28 10:57:47',NULL,NULL),(2336,279,NULL,'Rosa','Maura','','rosabellafortunata@gmail.com','05c76c93306853d03f79c719f5e9ca04',NULL,'','0421476745','','','','NSW','','2012-09-28 10:58:49','2012-10-05 21:07:19',2336,'2012-09-28 10:58:49',NULL,NULL),(2337,280,NULL,'Tara','Springer','','sales@fourseasonsherbs.com.au','05c76c93306853d03f79c719f5e9ca04',NULL,'','0412721268','5 Frangipani Place','',' Coffs Harbour','NSW','2450','2012-09-28 11:02:37','2012-09-28 11:02:37',NULL,'2012-09-28 11:02:37',NULL,NULL),(2338,281,NULL,'Fleur','Kindred','','fleurk@hotmail.com.au','05c76c93306853d03f79c719f5e9ca04',NULL,'0266564772','','7 malibu drive ','','Korora','NSW','','2012-09-28 11:03:45','2012-09-28 11:03:45',NULL,'2012-09-28 11:03:45',NULL,NULL),(2339,282,NULL,'Kim','Ter Hedde','','something@gmail.com','d6ae1a7ae24f28e42e46eef75acb5a8e',NULL,'0266515060','','Studio 41 Hairdresser','41 Francis St','Coffs Harbour','NSW','2454','2012-09-28 13:29:58','2012-09-28 13:34:53',2339,'2012-09-28 13:29:58',NULL,NULL),(2340,283,NULL,'David','Ter Hedde','','something@hotmail.com','05c76c93306853d03f79c719f5e9ca04',NULL,'0266511770','','57 Manning Ave','','Park Beach','NSW','2450','2012-09-28 13:31:31','2012-09-28 13:31:30',NULL,'2012-09-28 13:31:30',NULL,NULL),(2341,284,NULL,'Nathan','Johnson','','bdbakerscreek85@hotmail.com','ae7aedd4e0d56c3b1aa458cd98877ced',NULL,'0431098775','','Sawtell Holiday Park Reception','Lyon\'s Rd','Sawtell','NSW','',NULL,'2012-10-05 12:37:22',NULL,'2012-10-05 12:37:22',NULL,NULL),(2342,285,NULL,'Nicole','McMillan','','nicteach@hotmail.com','ae7aedd4e0d56c3b1aa458cd98877ced',NULL,'','0402418807','11 Bellgrove St','','Sawtell ','NSW','2452',NULL,'2012-10-05 12:39:07',NULL,'2012-10-05 12:39:07',NULL,NULL),(2343,286,NULL,'Ross','Macleay','','lizardland@bigpond.com','ae7aedd4e0d56c3b1aa458cd98877ced',NULL,'0266552602','','','','','NSW','',NULL,'2012-10-05 12:42:01',NULL,'2012-10-05 12:42:01',NULL,NULL),(2344,287,NULL,'Leah','Johnson','','leahalexj@gmail.com','ae7aedd4e0d56c3b1aa458cd98877ced',NULL,'','0431955432','10/15a Lady Belmore Drive ','','Boambee East ','NSW','2452',NULL,'2012-10-05 12:50:47',2344,'2012-10-05 12:43:14',NULL,NULL),(2345,288,NULL,'Kim ','Burke','','kim.burke@avibe.com.au','ae7aedd4e0d56c3b1aa458cd98877ced',NULL,'','0414358525','31a Gately Road','','Coffs Harbour','NSW','2450',NULL,'2012-10-05 12:44:30',NULL,'2012-10-05 12:44:30',NULL,NULL),(2346,289,NULL,'Antonia','Erskine','','baerskin@midcoast.com.au','ae7aedd4e0d56c3b1aa458cd98877ced',NULL,'0266552295','','','','','NSW','',NULL,'2012-10-05 12:45:27',NULL,'2012-10-05 12:45:27',NULL,NULL),(2347,290,NULL,'Sarah','Faux','','giles.n.sarah@gmail.com','ae7aedd4e0d56c3b1aa458cd98877ced',NULL,'0266512730','','29 Kurrajong St ','','Coffs Harbour','NSW','2450',NULL,'2012-10-05 12:46:51',NULL,'2012-10-05 12:46:51',NULL,NULL);
/*!40000 ALTER TABLE `users` ENABLE KEYS */;
UNLOCK TABLES;

--
-- Table structure for table `weeks`
--

DROP TABLE IF EXISTS `weeks`;
/*!40101 SET @saved_cs_client     = @@character_set_client */;
/*!40101 SET character_set_client = utf8 */;
CREATE TABLE `weeks` (
  `week_id` int(11) NOT NULL AUTO_INCREMENT,
  `week_delivery_date` date DEFAULT NULL,
  `week_notes` varchar(45) DEFAULT NULL,
  PRIMARY KEY (`week_id`)
) ENGINE=InnoDB AUTO_INCREMENT=28 DEFAULT CHARSET=latin1;
/*!40101 SET character_set_client = @saved_cs_client */;

--
-- Dumping data for table `weeks`
--

LOCK TABLES `weeks` WRITE;
/*!40000 ALTER TABLE `weeks` DISABLE KEYS */;
INSERT INTO `weeks` (`week_id`, `week_delivery_date`, `week_notes`) VALUES (1,'2012-07-01',NULL),(2,'2012-08-08',NULL),(3,'2012-08-15',NULL),(4,'2012-08-22',NULL),(5,'2012-08-29',NULL),(6,'2012-09-05',NULL),(7,'2012-09-12',NULL),(8,'2012-09-19',NULL),(9,'2012-09-26',NULL),(10,'2012-10-03',NULL),(11,'2012-10-10',NULL),(12,'2012-10-17',NULL),(13,'2012-10-24',NULL),(14,'2012-10-31',NULL),(15,'2012-11-07',NULL),(16,'2012-11-14',NULL),(17,'2012-11-21',NULL),(18,'2012-11-28',NULL),(19,'2012-12-05',NULL),(20,'2012-12-12',NULL),(21,'2012-12-19',NULL),(22,'2012-12-26',NULL),(23,'2013-01-02',NULL),(24,'2013-01-09',NULL),(25,'2013-01-16',NULL),(26,'2013-01-23',NULL),(27,'2013-01-30',NULL);
/*!40000 ALTER TABLE `weeks` ENABLE KEYS */;
UNLOCK TABLES;

--
-- Dumping routines for database 'fbapp_foodbox'
--
/*!50003 DROP PROCEDURE IF EXISTS `GetAllUsers` */;
/*!50003 SET @saved_cs_client      = @@character_set_client */ ;
/*!50003 SET @saved_cs_results     = @@character_set_results */ ;
/*!50003 SET @saved_col_connection = @@collation_connection */ ;
/*!50003 SET character_set_client  = utf8 */ ;
/*!50003 SET character_set_results = utf8 */ ;
/*!50003 SET collation_connection  = utf8_general_ci */ ;
/*!50003 SET @saved_sql_mode       = @@sql_mode */ ;
/*!50003 SET sql_mode              = '' */ ;
DELIMITER ;;
/*!50003 CREATE*/ /*!50020 DEFINER=`fbapp`@`localhost`*/ /*!50003 PROCEDURE `GetAllUsers`()
BEGIN
SELECT * FROM users;
END */;;
DELIMITER ;
/*!50003 SET sql_mode              = @saved_sql_mode */ ;
/*!50003 SET character_set_client  = @saved_cs_client */ ;
/*!50003 SET character_set_results = @saved_cs_results */ ;
/*!50003 SET collation_connection  = @saved_col_connection */ ;
/*!50003 DROP PROCEDURE IF EXISTS `insertAuth` */;
/*!50003 SET @saved_cs_client      = @@character_set_client */ ;
/*!50003 SET @saved_cs_results     = @@character_set_results */ ;
/*!50003 SET @saved_col_connection = @@collation_connection */ ;
/*!50003 SET character_set_client  = utf8 */ ;
/*!50003 SET character_set_results = utf8 */ ;
/*!50003 SET collation_connection  = utf8_general_ci */ ;
/*!50003 SET @saved_sql_mode       = @@sql_mode */ ;
/*!50003 SET sql_mode              = '' */ ;
DELIMITER ;;
/*!50003 CREATE*/ /*!50020 DEFINER=`fbapp`@`localhost`*/ /*!50003 PROCEDURE `insertAuth`()
BEGIN
DECLARE done INT DEFAULT FALSE;
DECLARE userid INT;
DECLARE cur1 CURSOR FOR SELECT id FROM fbapp_foodbox.users WHERE id>5;
DECLARE CONTINUE HANDLER FOR NOT FOUND SET done = TRUE;

OPEN cur1;

read_loop: LOOP
FETCH cur1 INTO userid;
IF done THEN
LEAVE read_loop;
END IF;
INSERT INTO fbapp_foodbox.auth_assignment VALUES ("customer",userid,null,'N;');
END LOOP;
CLOSE cur1;

END */;;
DELIMITER ;
/*!50003 SET sql_mode              = @saved_sql_mode */ ;
/*!50003 SET character_set_client  = @saved_cs_client */ ;
/*!50003 SET character_set_results = @saved_cs_results */ ;
/*!50003 SET collation_connection  = @saved_col_connection */ ;
/*!40103 SET TIME_ZONE=@OLD_TIME_ZONE */;

/*!40101 SET SQL_MODE=@OLD_SQL_MODE */;
/*!40014 SET FOREIGN_KEY_CHECKS=@OLD_FOREIGN_KEY_CHECKS */;
/*!40014 SET UNIQUE_CHECKS=@OLD_UNIQUE_CHECKS */;
/*!40101 SET CHARACTER_SET_CLIENT=@OLD_CHARACTER_SET_CLIENT */;
/*!40101 SET CHARACTER_SET_RESULTS=@OLD_CHARACTER_SET_RESULTS */;
/*!40101 SET COLLATION_CONNECTION=@OLD_COLLATION_CONNECTION */;
/*!40111 SET SQL_NOTES=@OLD_SQL_NOTES */;

-- Dump completed on 2012-10-06  1:20:45
