-- MySQL dump 10.13  Distrib 5.5.24, for osx10.6 (i386)
--
-- Host: localhost    Database: foodbox
-- ------------------------------------------------------
-- Server version	5.5.24

/*!40101 SET @OLD_CHARACTER_SET_CLIENT=@@CHARACTER_SET_CLIENT */;
/*!40101 SET @OLD_CHARACTER_SET_RESULTS=@@CHARACTER_SET_RESULTS */;
/*!40101 SET @OLD_COLLATION_CONNECTION=@@COLLATION_CONNECTION */;
/*!40101 SET NAMES utf8 */;
/*!40103 SET @OLD_TIME_ZONE=@@TIME_ZONE */;
/*!40103 SET TIME_ZONE='+00:00' */;
/*!40014 SET @OLD_UNIQUE_CHECKS=@@UNIQUE_CHECKS, UNIQUE_CHECKS=0 */;
/*!40014 SET @OLD_FOREIGN_KEY_CHECKS=@@FOREIGN_KEY_CHECKS, FOREIGN_KEY_CHECKS=0 */;
/*!40101 SET @OLD_SQL_MODE=@@SQL_MODE, SQL_MODE='NO_AUTO_VALUE_ON_ZERO' */;
/*!40111 SET @OLD_SQL_NOTES=@@SQL_NOTES, SQL_NOTES=0 */;

--
-- Table structure for table `auth_assignment`
--

DROP TABLE IF EXISTS `auth_assignment`;
/*!40101 SET @saved_cs_client     = @@character_set_client */;
/*!40101 SET character_set_client = utf8 */;
CREATE TABLE `auth_assignment` (
  `itemname` varchar(64) NOT NULL,
  `userid` varchar(64) NOT NULL,
  `bizrule` text,
  `data` text,
  PRIMARY KEY (`itemname`,`userid`),
  CONSTRAINT `auth_assignment_ibfk_1` FOREIGN KEY (`itemname`) REFERENCES `auth_item` (`name`) ON DELETE CASCADE ON UPDATE CASCADE
) ENGINE=InnoDB DEFAULT CHARSET=latin1;
/*!40101 SET character_set_client = @saved_cs_client */;

--
-- Dumping data for table `auth_assignment`
--

LOCK TABLES `auth_assignment` WRITE;
/*!40000 ALTER TABLE `auth_assignment` DISABLE KEYS */;
INSERT INTO `auth_assignment` VALUES ('admin','1',NULL,'N;'),('customer','2',NULL,'N;'),('customer','2047',NULL,'N;'),('customer','2048',NULL,'N;'),('customer','2049',NULL,'N;'),('customer','2050',NULL,'N;'),('customer','2051',NULL,'N;'),('customer','2052',NULL,'N;'),('customer','2053',NULL,'N;'),('customer','2054',NULL,'N;'),('customer','2055',NULL,'N;'),('customer','2056',NULL,'N;'),('customer','2057',NULL,'N;'),('customer','2058',NULL,'N;'),('customer','2059',NULL,'N;'),('customer','2060',NULL,'N;'),('customer','2061',NULL,'N;'),('customer','2062',NULL,'N;'),('customer','2063',NULL,'N;'),('customer','2064',NULL,'N;'),('customer','2065',NULL,'N;'),('customer','2066',NULL,'N;'),('customer','2067',NULL,'N;'),('customer','2068',NULL,'N;'),('customer','2069',NULL,'N;'),('customer','2070',NULL,'N;'),('customer','2071',NULL,'N;'),('customer','2072',NULL,'N;'),('customer','2073',NULL,'N;'),('customer','2074',NULL,'N;'),('customer','2075',NULL,'N;'),('customer','2076',NULL,'N;'),('customer','2077',NULL,'N;'),('customer','2078',NULL,'N;'),('customer','2079',NULL,'N;'),('customer','2080',NULL,'N;'),('customer','2081',NULL,'N;'),('customer','2082',NULL,'N;'),('customer','2083',NULL,'N;'),('customer','2084',NULL,'N;'),('customer','2085',NULL,'N;'),('customer','2086',NULL,'N;'),('customer','2087',NULL,'N;'),('customer','2088',NULL,'N;'),('customer','2089',NULL,'N;'),('customer','2090',NULL,'N;'),('customer','2091',NULL,'N;'),('customer','2092',NULL,'N;'),('customer','2093',NULL,'N;'),('customer','2094',NULL,'N;'),('customer','2095',NULL,'N;'),('customer','2096',NULL,'N;'),('customer','2097',NULL,'N;'),('customer','2098',NULL,'N;'),('customer','2099',NULL,'N;'),('customer','2100',NULL,'N;'),('customer','2101',NULL,'N;'),('customer','2102',NULL,'N;'),('customer','2103',NULL,'N;'),('customer','2104',NULL,'N;'),('customer','2105',NULL,'N;'),('customer','2106',NULL,'N;'),('customer','2107',NULL,'N;'),('customer','2108',NULL,'N;'),('customer','2109',NULL,'N;'),('customer','2110',NULL,'N;'),('customer','2111',NULL,'N;'),('customer','2112',NULL,'N;'),('customer','2113',NULL,'N;'),('customer','2114',NULL,'N;'),('customer','2115',NULL,'N;'),('customer','2116',NULL,'N;'),('customer','2117',NULL,'N;'),('customer','2118',NULL,'N;'),('customer','2119',NULL,'N;'),('customer','2120',NULL,'N;'),('customer','2121',NULL,'N;'),('customer','2122',NULL,'N;'),('customer','2123',NULL,'N;'),('customer','2124',NULL,'N;'),('customer','2125',NULL,'N;'),('customer','2126',NULL,'N;'),('customer','2127',NULL,'N;'),('customer','2128',NULL,'N;'),('customer','2129',NULL,'N;'),('customer','2130',NULL,'N;'),('customer','2131',NULL,'N;'),('customer','2132',NULL,'N;'),('customer','2133',NULL,'N;'),('customer','2134',NULL,'N;'),('customer','2135',NULL,'N;'),('customer','2136',NULL,'N;'),('customer','2137',NULL,'N;'),('customer','2138',NULL,'N;'),('customer','2139',NULL,'N;'),('customer','2140',NULL,'N;'),('customer','2141',NULL,'N;'),('customer','2142',NULL,'N;'),('customer','2143',NULL,'N;'),('customer','2144',NULL,'N;'),('customer','2145',NULL,'N;'),('customer','2146',NULL,'N;'),('customer','2147',NULL,'N;'),('customer','2148',NULL,'N;'),('customer','2149',NULL,'N;'),('customer','2150',NULL,'N;'),('customer','2151',NULL,'N;'),('customer','2152',NULL,'N;'),('customer','2153',NULL,'N;'),('customer','2154',NULL,'N;'),('customer','2155',NULL,'N;'),('customer','2156',NULL,'N;'),('customer','2157',NULL,'N;'),('customer','2158',NULL,'N;'),('customer','2159',NULL,'N;'),('customer','2160',NULL,'N;'),('customer','2161',NULL,'N;'),('customer','2162',NULL,'N;'),('customer','2163',NULL,'N;'),('customer','2164',NULL,'N;'),('customer','2165',NULL,'N;'),('customer','2166',NULL,'N;'),('customer','2167',NULL,'N;'),('customer','2168',NULL,'N;'),('customer','2169',NULL,'N;'),('customer','2170',NULL,'N;'),('customer','2171',NULL,'N;'),('customer','2172',NULL,'N;'),('customer','2173',NULL,'N;'),('customer','2174',NULL,'N;'),('customer','2175',NULL,'N;'),('customer','2176',NULL,'N;'),('customer','2177',NULL,'N;'),('customer','2178',NULL,'N;'),('customer','2179',NULL,'N;'),('customer','2180',NULL,'N;'),('customer','2181',NULL,'N;'),('customer','2182',NULL,'N;'),('customer','2183',NULL,'N;'),('customer','2184',NULL,'N;'),('customer','2185',NULL,'N;'),('customer','2186',NULL,'N;'),('customer','2187',NULL,'N;'),('customer','2188',NULL,'N;'),('customer','2189',NULL,'N;'),('customer','2190',NULL,'N;'),('customer','2191',NULL,'N;'),('customer','2192',NULL,'N;'),('customer','2193',NULL,'N;'),('customer','2194',NULL,'N;'),('customer','2195',NULL,'N;'),('customer','2196',NULL,'N;'),('customer','2197',NULL,'N;'),('customer','2198',NULL,'N;'),('customer','2199',NULL,'N;'),('customer','2200',NULL,'N;'),('customer','2201',NULL,'N;'),('customer','2202',NULL,'N;'),('customer','2203',NULL,'N;'),('customer','2204',NULL,'N;'),('customer','2205',NULL,'N;'),('customer','2206',NULL,'N;'),('customer','2207',NULL,'N;'),('customer','2208',NULL,'N;'),('customer','2209',NULL,'N;'),('customer','2210',NULL,'N;'),('customer','2211',NULL,'N;'),('customer','2212',NULL,'N;'),('customer','2213',NULL,'N;'),('customer','2214',NULL,'N;'),('customer','2215',NULL,'N;'),('customer','2216',NULL,'N;'),('customer','2217',NULL,'N;'),('customer','2218',NULL,'N;'),('customer','2219',NULL,'N;'),('customer','2220',NULL,'N;'),('customer','2221',NULL,'N;'),('customer','2222',NULL,'N;'),('customer','2223',NULL,'N;'),('customer','2224',NULL,'N;'),('customer','2225',NULL,'N;'),('customer','2226',NULL,'N;'),('customer','2227',NULL,'N;'),('customer','2228',NULL,'N;'),('customer','2229',NULL,'N;'),('customer','2230',NULL,'N;'),('customer','2231',NULL,'N;'),('customer','2232',NULL,'N;'),('customer','2233',NULL,'N;'),('customer','2234',NULL,'N;'),('customer','2235',NULL,'N;'),('customer','2236',NULL,'N;'),('customer','2237',NULL,'N;'),('customer','2238',NULL,'N;'),('customer','2239',NULL,'N;'),('customer','2240',NULL,'N;'),('customer','2241',NULL,'N;'),('customer','2242',NULL,'N;'),('customer','2243',NULL,'N;'),('customer','2244',NULL,'N;'),('customer','2245',NULL,'N;'),('customer','2246',NULL,'N;'),('customer','2247',NULL,'N;'),('customer','2248',NULL,'N;'),('customer','2249',NULL,'N;'),('customer','2250',NULL,'N;'),('customer','2251',NULL,'N;'),('customer','2252',NULL,'N;'),('customer','2253',NULL,'N;'),('customer','2254',NULL,'N;'),('customer','2255',NULL,'N;'),('customer','2256',NULL,'N;'),('customer','2257',NULL,'N;'),('customer','2258',NULL,'N;'),('customer','2259',NULL,'N;'),('customer','2260',NULL,'N;'),('customer','2261',NULL,'N;'),('customer','2262',NULL,'N;'),('customer','2263',NULL,'N;'),('customer','2264',NULL,'N;'),('customer','2265',NULL,'N;'),('customer','2266',NULL,'N;'),('customer','2267',NULL,'N;'),('customer','2268',NULL,'N;'),('customer','2269',NULL,'N;'),('customer','2270',NULL,'N;'),('customer','2271',NULL,'N;'),('customer','2272',NULL,'N;'),('customer','2273',NULL,'N;'),('customer','2274',NULL,'N;'),('customer','2275',NULL,'N;'),('customer','2276',NULL,'N;'),('customer','2277',NULL,'N;'),('customer','2278',NULL,'N;'),('customer','2279',NULL,'N;'),('customer','2280',NULL,'N;'),('customer','2281',NULL,'N;'),('customer','2282',NULL,'N;'),('customer','2283',NULL,'N;'),('customer','2284',NULL,'N;'),('customer','2285',NULL,'N;'),('customer','2286',NULL,'N;'),('customer','2287',NULL,'N;'),('customer','2288',NULL,'N;'),('customer','2289',NULL,'N;'),('customer','2290',NULL,'N;'),('customer','2291',NULL,'N;'),('customer','3',NULL,'N;'),('customer','4',NULL,'N;'),('customer','5',NULL,'N;');
/*!40000 ALTER TABLE `auth_assignment` ENABLE KEYS */;
UNLOCK TABLES;

--
-- Table structure for table `auth_item`
--

DROP TABLE IF EXISTS `auth_item`;
/*!40101 SET @saved_cs_client     = @@character_set_client */;
/*!40101 SET character_set_client = utf8 */;
CREATE TABLE `auth_item` (
  `name` varchar(64) NOT NULL,
  `type` int(11) NOT NULL,
  `description` text,
  `bizrule` text,
  `data` text,
  PRIMARY KEY (`name`)
) ENGINE=InnoDB DEFAULT CHARSET=latin1;
/*!40101 SET character_set_client = @saved_cs_client */;

--
-- Dumping data for table `auth_item`
--

LOCK TABLES `auth_item` WRITE;
/*!40000 ALTER TABLE `auth_item` DISABLE KEYS */;
INSERT INTO `auth_item` VALUES ('admin',2,'',NULL,'N;'),('customer',2,'',NULL,'N;'),('grower',2,'',NULL,'N;');
/*!40000 ALTER TABLE `auth_item` ENABLE KEYS */;
UNLOCK TABLES;

--
-- Table structure for table `auth_item_child`
--

DROP TABLE IF EXISTS `auth_item_child`;
/*!40101 SET @saved_cs_client     = @@character_set_client */;
/*!40101 SET character_set_client = utf8 */;
CREATE TABLE `auth_item_child` (
  `parent` varchar(64) NOT NULL,
  `child` varchar(64) NOT NULL,
  PRIMARY KEY (`parent`,`child`),
  KEY `child` (`child`),
  CONSTRAINT `auth_item_child_ibfk_1` FOREIGN KEY (`parent`) REFERENCES `auth_item` (`name`) ON DELETE CASCADE ON UPDATE CASCADE,
  CONSTRAINT `auth_item_child_ibfk_2` FOREIGN KEY (`child`) REFERENCES `auth_item` (`name`) ON DELETE CASCADE ON UPDATE CASCADE
) ENGINE=InnoDB DEFAULT CHARSET=latin1;
/*!40101 SET character_set_client = @saved_cs_client */;

--
-- Dumping data for table `auth_item_child`
--

LOCK TABLES `auth_item_child` WRITE;
/*!40000 ALTER TABLE `auth_item_child` DISABLE KEYS */;
INSERT INTO `auth_item_child` VALUES ('grower','customer'),('admin','grower');
/*!40000 ALTER TABLE `auth_item_child` ENABLE KEYS */;
UNLOCK TABLES;

--
-- Table structure for table `box_items`
--

DROP TABLE IF EXISTS `box_items`;
/*!40101 SET @saved_cs_client     = @@character_set_client */;
/*!40101 SET character_set_client = utf8 */;
CREATE TABLE `box_items` (
  `box_item_id` int(11) NOT NULL AUTO_INCREMENT,
  `item_name` varchar(45) DEFAULT NULL,
  `box_id` int(11) DEFAULT NULL,
  `grower_id` int(11) DEFAULT NULL,
  `item_value` decimal(7,2) DEFAULT NULL,
  `item_unit` varchar(20) DEFAULT NULL,
  `item_quantity` decimal(7,2) DEFAULT NULL,
  PRIMARY KEY (`box_item_id`),
  KEY `box_id` (`box_id`),
  KEY `grower_id` (`grower_id`),
  CONSTRAINT `fk_boxItems_boxes` FOREIGN KEY (`box_id`) REFERENCES `boxes` (`box_id`) ON DELETE CASCADE ON UPDATE CASCADE,
  CONSTRAINT `fk_boxItems_grower` FOREIGN KEY (`grower_id`) REFERENCES `growers` (`grower_id`) ON DELETE NO ACTION ON UPDATE NO ACTION
) ENGINE=InnoDB AUTO_INCREMENT=277 DEFAULT CHARSET=latin1;
/*!40101 SET character_set_client = @saved_cs_client */;

--
-- Dumping data for table `box_items`
--

LOCK TABLES `box_items` WRITE;
/*!40000 ALTER TABLE `box_items` DISABLE KEYS */;
INSERT INTO `box_items` VALUES (60,'Bananas',NULL,2,3.00,'KG',2.00),(61,'Bananas',NULL,2,3.00,'KG',2.00),(62,'Bananas',22,2,3.00,'KG',1.00),(63,'Beans',NULL,1,7.00,'KG',1.00),(80,'Apples',11,3,5.00,'KG',1.00),(81,'Apples',14,3,5.00,'KG',1.00),(83,'Bananas',11,2,1.00,'KG',1.00),(84,'Bananas',14,2,1.00,'KG',1.50),(86,'Peaches',11,2,1.00,'KG',1.00),(87,'Peaches',14,2,1.00,'KG',1.00),(88,'Bananas',1,2,5.00,'KG',1.00),(89,'Bananas',2,2,5.00,'KG',1.00),(90,'Bananas',12,2,5.00,'KG',1.00),(91,'Beans',1,1,7.00,'KG',1.00),(92,'Beans',2,1,7.00,'KG',1.00),(93,'Beans',12,1,7.00,'KG',1.00),(94,'Garlic',1,2,3.00,'KG',0.50),(97,'Garlic',2,2,3.00,'KG',0.50),(98,'Apples',1,3,5.00,'KG',1.00),(99,'Apples',2,3,5.00,'KG',1.00),(100,'Apples',12,3,5.00,'KG',1.00),(101,'Garlic',12,2,3.00,'KG',0.50),(103,'Beans',19,1,7.00,'KG',1.50),(104,'Beans',20,1,7.00,'KG',1.35),(109,'Apples',19,3,5.00,'KG',1.50),(110,'Apples',20,3,5.00,'KG',2.00),(133,'Bok Choy',11,1,1.00,'KG',1.00),(134,'Bok Choy',14,1,1.00,'KG',1.00),(136,'Beans',11,1,1.00,'KG',1.00),(137,'Beans',14,1,1.00,'KG',1.00),(139,'Parsley',11,1,1.00,'BUNCH',1.00),(140,'Parsley',14,1,1.00,'BUNCH',1.00),(144,'Apples',15,3,5.00,'KG',1.00),(145,'Apples',16,3,5.00,'KG',1.00),(146,'Apples',17,3,5.00,'KG',1.00),(147,'Bananas',15,2,5.00,'KG',1.00),(148,'Bananas',16,2,5.00,'KG',1.00),(149,'Bananas',17,2,5.00,'KG',1.00),(150,'Bok Choi',15,2,1.00,'KG',1.00),(151,'Bok Choi',16,2,1.00,'KG',1.00),(152,'Bok Choi',17,2,1.00,'KG',1.00),(160,'Bamboo Shoots',11,3,10.00,'KG',1.00),(161,'Bamboo Shoots',14,3,10.00,'KG',1.00),(169,'Broccoli',11,3,0.00,'KG',1.00),(170,'Broccoli',14,3,0.00,'KG',1.00),(179,'Apples',88,3,5.00,'KG',1.00),(180,'Bananas',88,2,1.00,'KG',2.00),(181,'Peaches',88,2,1.00,'KG',1.00),(182,'Bok Choy',88,1,1.00,'KG',1.00),(183,'Beans',88,1,1.00,'KG',1.00),(184,'Parsley',88,1,1.00,'BUNCH',1.00),(185,'Bamboo Shoots',88,3,10.00,'KG',0.25),(186,'Broccoli',88,3,0.00,'KG',1.00),(189,'Pumpkin',88,3,6.00,'KG',1.00),(190,'Pumpkin',11,3,6.00,'KG',1.00),(191,'Pumpkin',14,3,6.00,'KG',1.00),(197,'Beans',15,1,5.00,'BUNCH',0.50),(198,'Beans',16,1,5.00,'BUNCH',1.00),(199,'Beans',17,1,5.00,'BUNCH',2.00),(211,'Beans',91,1,7.00,'KG',1.00),(212,'Apples',91,3,5.00,'KG',1.00),(224,'Lettuce',11,3,2.00,'EA',1.00),(225,'Lettuce',14,3,2.00,'EA',2.00),(226,'Lettuce',88,3,2.00,'EA',1.00),(247,'Apples',95,3,5.00,'KG',1.00),(248,'Bananas',95,2,1.00,'KG',2.00),(249,'Peaches',95,2,1.00,'KG',1.00),(250,'Bok Choy',95,1,1.00,'KG',1.00),(251,'Beans',95,1,1.00,'KG',1.00),(252,'Parsley',95,1,1.00,'BUNCH',1.00),(253,'Bamboo Shoots',95,3,10.00,'KG',0.25),(254,'Broccoli',95,3,0.00,'KG',1.00),(255,'Pumpkin',95,3,6.00,'KG',1.00),(256,'Lettuce',95,3,2.00,'EA',1.00),(257,'Bamboo Shoots',21,3,10.00,'KG',1.00),(258,'Bamboo Shoots',22,3,10.00,'KG',1.00),(259,'Bamboo Shoots',23,3,10.00,'KG',1.00),(260,'',21,3,0.00,'KG',1.00),(261,'',22,3,0.00,'KG',1.00),(262,'',23,3,0.00,'KG',1.00),(263,'',21,2,0.00,'KG',1.00),(264,'',22,2,0.00,'KG',1.00),(265,'',23,2,0.00,'KG',1.00),(266,'Apples',27,3,5.00,'BUNCH',1.00),(267,'Apples',28,3,5.00,'BUNCH',1.00),(268,'Apples',29,3,5.00,'BUNCH',1.00),(269,'Bananas',27,3,0.00,'KG',3.00),(270,'Bananas',28,3,0.00,'KG',6.00),(271,'Bananas',29,3,0.00,'KG',12.00),(272,'Apples',96,3,5.00,'BUNCH',1.00),(273,'Bananas',96,3,0.00,'KG',3.00),(274,'Beans',27,1,7.00,'KG',1.00),(275,'Beans',28,1,7.00,'KG',1.00),(276,'Beans',29,1,7.00,'KG',1.00);
/*!40000 ALTER TABLE `box_items` ENABLE KEYS */;
UNLOCK TABLES;

--
-- Table structure for table `box_sizes`
--

DROP TABLE IF EXISTS `box_sizes`;
/*!40101 SET @saved_cs_client     = @@character_set_client */;
/*!40101 SET character_set_client = utf8 */;
CREATE TABLE `box_sizes` (
  `box_size_id` int(11) NOT NULL AUTO_INCREMENT,
  `box_size_name` varchar(45) DEFAULT NULL,
  `box_size_value` decimal(7,2) DEFAULT NULL,
  `box_size_markup` decimal(7,2) DEFAULT NULL,
  `box_size_price` decimal(7,2) DEFAULT NULL,
  PRIMARY KEY (`box_size_id`)
) ENGINE=InnoDB AUTO_INCREMENT=4 DEFAULT CHARSET=latin1;
/*!40101 SET character_set_client = @saved_cs_client */;

--
-- Dumping data for table `box_sizes`
--

LOCK TABLES `box_sizes` WRITE;
/*!40000 ALTER TABLE `box_sizes` DISABLE KEYS */;
INSERT INTO `box_sizes` VALUES (1,'Small',10.00,35.00,20.00),(2,'Medium',15.00,35.00,30.00),(3,'Large',25.00,35.00,50.00);
/*!40000 ALTER TABLE `box_sizes` ENABLE KEYS */;
UNLOCK TABLES;

--
-- Table structure for table `boxes`
--

DROP TABLE IF EXISTS `boxes`;
/*!40101 SET @saved_cs_client     = @@character_set_client */;
/*!40101 SET character_set_client = utf8 */;
CREATE TABLE `boxes` (
  `box_id` int(11) NOT NULL AUTO_INCREMENT,
  `size_id` int(11) DEFAULT NULL,
  `box_price` decimal(7,2) DEFAULT NULL,
  `week_id` int(11) DEFAULT NULL,
  PRIMARY KEY (`box_id`),
  KEY `week_id` (`week_id`),
  KEY `size_id` (`size_id`),
  KEY `box_size_id` (`box_id`),
  CONSTRAINT `box_size_id` FOREIGN KEY (`size_id`) REFERENCES `box_sizes` (`box_size_id`) ON DELETE CASCADE ON UPDATE CASCADE,
  CONSTRAINT `week_id` FOREIGN KEY (`week_id`) REFERENCES `weeks` (`week_id`) ON DELETE NO ACTION ON UPDATE NO ACTION
) ENGINE=InnoDB AUTO_INCREMENT=97 DEFAULT CHARSET=latin1;
/*!40101 SET character_set_client = @saved_cs_client */;

--
-- Dumping data for table `boxes`
--

LOCK TABLES `boxes` WRITE;
/*!40000 ALTER TABLE `boxes` DISABLE KEYS */;
INSERT INTO `boxes` VALUES (1,2,30.00,2),(2,3,50.00,2),(11,2,30.00,3),(12,1,20.00,2),(13,1,20.00,1),(14,3,50.00,3),(15,1,20.00,4),(16,2,30.00,4),(17,3,50.00,4),(19,2,30.00,5),(20,3,50.00,5),(21,1,20.00,6),(22,2,30.00,6),(23,3,50.00,6),(24,1,20.00,7),(25,2,30.00,7),(26,3,50.00,7),(27,1,20.00,8),(28,2,30.00,8),(29,3,50.00,8),(30,1,20.00,9),(31,2,30.00,9),(32,3,50.00,9),(33,1,20.00,10),(34,2,30.00,10),(35,3,50.00,10),(36,1,20.00,11),(37,2,30.00,11),(38,3,50.00,11),(39,1,20.00,12),(40,2,30.00,12),(41,3,50.00,12),(42,1,20.00,13),(43,2,30.00,13),(44,3,50.00,13),(45,1,20.00,14),(46,2,30.00,14),(47,3,50.00,14),(48,1,20.00,15),(49,2,30.00,15),(50,3,50.00,15),(51,1,20.00,16),(52,2,30.00,16),(53,3,50.00,16),(54,1,20.00,17),(55,2,30.00,17),(56,3,50.00,17),(57,1,20.00,18),(58,2,30.00,18),(59,3,50.00,18),(60,1,20.00,19),(61,2,30.00,19),(62,3,50.00,19),(63,1,20.00,20),(64,2,30.00,20),(65,3,50.00,20),(66,1,20.00,21),(67,2,30.00,21),(68,3,50.00,21),(69,1,20.00,22),(70,2,30.00,22),(71,3,50.00,22),(72,1,20.00,23),(73,2,30.00,23),(74,3,50.00,23),(75,1,20.00,24),(76,2,30.00,24),(77,3,50.00,24),(78,1,20.00,25),(79,2,30.00,25),(80,3,50.00,25),(81,1,20.00,26),(82,2,30.00,26),(83,3,50.00,26),(84,1,20.00,27),(85,2,30.00,27),(86,3,50.00,27),(88,1,20.00,3),(91,1,20.00,5),(95,1,20.00,3),(96,1,20.00,8);
/*!40000 ALTER TABLE `boxes` ENABLE KEYS */;
UNLOCK TABLES;

--
-- Table structure for table `customer_boxes`
--

DROP TABLE IF EXISTS `customer_boxes`;
/*!40101 SET @saved_cs_client     = @@character_set_client */;
/*!40101 SET character_set_client = utf8 */;
CREATE TABLE `customer_boxes` (
  `user_box_id` int(11) NOT NULL AUTO_INCREMENT,
  `customer_id` int(11) DEFAULT NULL,
  `box_id` int(11) DEFAULT NULL,
  `quantity` int(11) DEFAULT NULL,
  `delivery_cost` decimal(9,2) DEFAULT '0.00',
  PRIMARY KEY (`user_box_id`),
  KEY `customer_id` (`customer_id`),
  KEY `box_id` (`box_id`),
  CONSTRAINT `customer_boxes_ibfk_1` FOREIGN KEY (`customer_id`) REFERENCES `customers` (`customer_id`) ON DELETE NO ACTION ON UPDATE NO ACTION,
  CONSTRAINT `box_id` FOREIGN KEY (`box_id`) REFERENCES `boxes` (`box_id`) ON DELETE NO ACTION ON UPDATE NO ACTION
) ENGINE=InnoDB AUTO_INCREMENT=213 DEFAULT CHARSET=latin1;
/*!40101 SET character_set_client = @saved_cs_client */;

--
-- Dumping data for table `customer_boxes`
--

LOCK TABLES `customer_boxes` WRITE;
/*!40000 ALTER TABLE `customer_boxes` DISABLE KEYS */;
INSERT INTO `customer_boxes` VALUES (13,2,11,1,0.00),(14,1,88,1,14.00),(15,1,95,1,14.00),(16,1,14,1,7.00),(167,1,91,1,7.00),(175,2,33,1,7.00),(176,2,36,1,7.00),(177,2,39,1,7.00),(178,2,42,1,7.00),(181,2,51,1,7.00),(196,2,21,1,0.00),(203,2,30,1,7.00),(205,2,24,1,0.00),(206,2,96,1,7.00),(207,1,22,1,7.00),(210,1,28,1,7.00),(211,1,31,1,7.00),(212,1,26,1,0.00);
/*!40000 ALTER TABLE `customer_boxes` ENABLE KEYS */;
UNLOCK TABLES;

--
-- Table structure for table `customer_payments`
--

DROP TABLE IF EXISTS `customer_payments`;
/*!40101 SET @saved_cs_client     = @@character_set_client */;
/*!40101 SET character_set_client = utf8 */;
CREATE TABLE `customer_payments` (
  `payment_id` int(11) NOT NULL AUTO_INCREMENT,
  `payment_value` decimal(7,2) DEFAULT NULL,
  `payment_type` varchar(45) DEFAULT NULL,
  `payment_date` datetime DEFAULT NULL,
  `customer_id` int(11) DEFAULT NULL,
  `staff_id` int(11) NOT NULL,
  `payment_note` text NOT NULL,
  PRIMARY KEY (`payment_id`),
  KEY `customer_id` (`customer_id`),
  KEY `fk_Customer_Payments` (`customer_id`),
  CONSTRAINT `customer_payments_ibfk_1` FOREIGN KEY (`customer_id`) REFERENCES `customers` (`customer_id`) ON DELETE NO ACTION ON UPDATE NO ACTION
) ENGINE=InnoDB AUTO_INCREMENT=15 DEFAULT CHARSET=latin1;
/*!40101 SET character_set_client = @saved_cs_client */;

--
-- Dumping data for table `customer_payments`
--

LOCK TABLES `customer_payments` WRITE;
/*!40000 ALTER TABLE `customer_payments` DISABLE KEYS */;
INSERT INTO `customer_payments` VALUES (3,30.00,'Credit Card','2012-08-07 13:49:19',1,0,''),(4,100.00,'Cash','2012-08-10 20:26:49',2,0,''),(5,200.00,'Cash','2012-08-10 20:37:50',1,0,''),(6,500.00,'Cash','2012-08-21 23:28:40',1,0,''),(7,20.00,'CASH','2012-08-28 00:00:00',1,0,''),(8,100.00,'CASH','2012-08-15 00:00:00',2,0,''),(9,0.00,'BT','0000-00-00 00:00:00',1,0,''),(10,30.00,'CASH','2012-08-14 00:00:00',2,0,'');
/*!40000 ALTER TABLE `customer_payments` ENABLE KEYS */;
UNLOCK TABLES;

--
-- Table structure for table `customer_weeks`
--

DROP TABLE IF EXISTS `customer_weeks`;
/*!40101 SET @saved_cs_client     = @@character_set_client */;
/*!40101 SET character_set_client = utf8 */;
CREATE TABLE `customer_weeks` (
  `customer_week_id` int(11) NOT NULL AUTO_INCREMENT,
  `week_id` int(11) NOT NULL,
  `customer_id` int(11) NOT NULL,
  `location_id` int(11) NOT NULL,
  PRIMARY KEY (`customer_week_id`),
  KEY `fk_custweek_week` (`week_id`),
  KEY `fk_custweek_cust` (`customer_id`),
  KEY `fk_custweek_loc` (`location_id`),
  CONSTRAINT `customer_weeks_ibfk_1` FOREIGN KEY (`customer_id`) REFERENCES `customers` (`customer_id`),
  CONSTRAINT `fk_custweek_loc` FOREIGN KEY (`location_id`) REFERENCES `locations` (`location_id`) ON DELETE NO ACTION ON UPDATE NO ACTION,
  CONSTRAINT `fk_custweek_week` FOREIGN KEY (`week_id`) REFERENCES `weeks` (`week_id`) ON DELETE NO ACTION ON UPDATE NO ACTION
) ENGINE=InnoDB AUTO_INCREMENT=71 DEFAULT CHARSET=latin1;
/*!40101 SET character_set_client = @saved_cs_client */;

--
-- Dumping data for table `customer_weeks`
--

LOCK TABLES `customer_weeks` WRITE;
/*!40000 ALTER TABLE `customer_weeks` DISABLE KEYS */;
INSERT INTO `customer_weeks` VALUES (27,6,2,5),(28,7,2,5),(29,8,2,9),(30,9,2,9),(31,6,1,7),(32,7,1,5),(33,8,1,7),(34,9,1,7),(35,10,2,9),(36,11,2,9),(37,12,2,9),(38,13,2,9),(39,14,2,9),(40,15,2,9),(41,16,2,9),(42,17,2,9),(43,18,2,9),(44,19,2,9),(45,20,2,9),(46,21,2,9),(47,22,2,9),(48,23,2,9),(49,24,2,9),(50,25,2,9),(51,26,2,9),(52,27,2,9),(53,10,1,7),(54,11,1,7),(55,12,1,7),(56,13,1,7),(57,14,1,7),(58,15,1,7),(59,16,1,7),(60,17,1,7),(61,18,1,7),(62,19,1,7),(63,20,1,7),(64,21,1,7),(65,22,1,7),(66,23,1,7),(67,24,1,7),(68,25,1,7),(69,26,1,7),(70,27,1,7);
/*!40000 ALTER TABLE `customer_weeks` ENABLE KEYS */;
UNLOCK TABLES;

--
-- Table structure for table `customers`
--

DROP TABLE IF EXISTS `customers`;
/*!40101 SET @saved_cs_client     = @@character_set_client */;
/*!40101 SET character_set_client = utf8 */;
CREATE TABLE `customers` (
  `customer_id` int(11) NOT NULL AUTO_INCREMENT,
  `location_id` int(11) DEFAULT NULL,
  `customer_notes` text,
  PRIMARY KEY (`customer_id`),
  KEY `location_id` (`location_id`),
  CONSTRAINT `location_id` FOREIGN KEY (`location_id`) REFERENCES `locations` (`location_id`) ON DELETE NO ACTION ON UPDATE NO ACTION
) ENGINE=InnoDB AUTO_INCREMENT=246 DEFAULT CHARSET=latin1;
/*!40101 SET character_set_client = @saved_cs_client */;

--
-- Dumping data for table `customers`
--

LOCK TABLES `customers` WRITE;
/*!40000 ALTER TABLE `customers` DISABLE KEYS */;
INSERT INTO `customers` VALUES (1,7,'Testing notes'),(2,5,NULL),(3,5,NULL),(4,5,NULL),(5,5,NULL),(6,5,NULL),(7,5,NULL),(8,5,NULL),(9,5,NULL),(10,5,NULL),(11,5,NULL),(12,5,NULL),(13,5,NULL),(14,5,NULL),(15,5,NULL),(16,5,NULL),(17,5,NULL),(18,5,NULL),(19,5,NULL),(20,5,NULL),(21,5,NULL),(22,5,NULL),(23,5,NULL),(24,5,NULL),(25,5,NULL),(26,5,NULL),(27,5,NULL),(28,5,NULL),(29,5,NULL),(30,5,NULL),(31,5,NULL),(32,5,NULL),(33,5,NULL),(34,5,NULL),(35,5,NULL),(36,5,NULL),(37,5,NULL),(38,5,NULL),(39,5,NULL),(40,5,NULL),(41,5,NULL),(42,5,NULL),(43,5,NULL),(44,5,NULL),(45,5,NULL),(46,5,NULL),(47,5,NULL),(48,5,NULL),(49,5,NULL),(50,5,NULL),(51,5,NULL),(52,5,NULL),(53,5,NULL),(54,5,NULL),(55,5,NULL),(56,5,NULL),(57,5,NULL),(58,5,NULL),(59,5,NULL),(60,5,NULL),(61,5,NULL),(62,5,NULL),(63,5,NULL),(64,5,NULL),(65,5,NULL),(66,5,NULL),(67,5,NULL),(68,5,NULL),(69,5,NULL),(70,5,NULL),(71,5,NULL),(72,5,NULL),(73,5,NULL),(74,5,NULL),(75,5,NULL),(76,5,NULL),(77,5,NULL),(78,5,NULL),(79,5,NULL),(80,5,NULL),(81,5,NULL),(82,5,NULL),(83,5,NULL),(84,5,NULL),(85,5,NULL),(86,5,NULL),(87,5,NULL),(88,5,NULL),(89,5,NULL),(90,5,NULL),(91,5,NULL),(92,5,NULL),(93,5,NULL),(94,5,NULL),(95,5,NULL),(96,5,NULL),(97,5,NULL),(98,5,NULL),(99,5,NULL),(100,5,NULL),(101,5,NULL),(102,5,NULL),(103,5,NULL),(104,5,NULL),(105,5,NULL),(106,5,NULL),(107,5,NULL),(108,5,NULL),(109,5,NULL),(110,5,NULL),(111,5,NULL),(112,5,NULL),(113,5,NULL),(114,5,NULL),(115,5,NULL),(116,5,NULL),(117,5,NULL),(118,5,NULL),(119,5,NULL),(120,5,NULL),(121,5,NULL),(122,5,NULL),(123,5,NULL),(124,5,NULL),(125,5,NULL),(126,5,NULL),(127,5,NULL),(128,5,NULL),(129,5,NULL),(130,5,NULL),(131,5,NULL),(132,5,NULL),(133,5,NULL),(134,5,NULL),(135,5,NULL),(136,5,NULL),(137,5,NULL),(138,5,NULL),(139,5,NULL),(140,5,NULL),(141,5,NULL),(142,5,NULL),(143,5,NULL),(144,5,NULL),(145,5,NULL),(146,5,NULL),(147,5,NULL),(148,5,NULL),(149,5,NULL),(150,5,NULL),(151,5,NULL),(152,5,NULL),(153,5,NULL),(154,5,NULL),(155,5,NULL),(156,5,NULL),(157,5,NULL),(158,5,NULL),(159,5,NULL),(160,5,NULL),(161,5,NULL),(162,5,NULL),(163,5,NULL),(164,5,NULL),(165,5,NULL),(166,5,NULL),(167,5,NULL),(168,5,NULL),(169,5,NULL),(170,5,NULL),(171,5,NULL),(172,5,NULL),(173,5,NULL),(174,5,NULL),(175,5,NULL),(176,5,NULL),(177,5,NULL),(178,5,NULL),(179,5,NULL),(180,5,NULL),(181,5,NULL),(182,5,NULL),(183,5,NULL),(184,5,NULL),(185,5,NULL),(186,5,NULL),(187,5,NULL),(188,5,NULL),(189,5,NULL),(190,5,NULL),(191,5,NULL),(192,5,NULL),(193,5,NULL),(194,5,NULL),(195,5,NULL),(196,5,NULL),(197,5,NULL),(198,5,NULL),(199,5,NULL),(200,5,NULL),(201,5,NULL),(202,5,NULL),(203,5,NULL),(204,5,NULL),(205,5,NULL),(206,5,NULL),(207,5,NULL),(208,5,NULL),(209,5,NULL),(210,5,NULL),(211,5,NULL),(212,5,NULL),(213,5,NULL),(214,5,NULL),(215,5,NULL),(216,5,NULL),(217,5,NULL),(218,5,NULL),(219,5,NULL),(220,5,NULL),(221,5,NULL),(222,5,NULL),(223,5,NULL),(224,5,NULL),(225,5,NULL),(226,5,NULL),(227,5,NULL),(228,5,NULL),(229,5,NULL),(230,5,NULL),(231,5,NULL),(232,5,NULL),(233,5,NULL),(234,5,NULL),(235,5,NULL),(236,5,NULL),(237,5,NULL),(238,5,NULL),(239,5,NULL),(240,5,NULL),(241,5,NULL),(242,5,NULL),(243,5,NULL),(244,5,NULL),(245,5,NULL);
/*!40000 ALTER TABLE `customers` ENABLE KEYS */;
UNLOCK TABLES;

--
-- Table structure for table `grower_items`
--

DROP TABLE IF EXISTS `grower_items`;
/*!40101 SET @saved_cs_client     = @@character_set_client */;
/*!40101 SET character_set_client = utf8 */;
CREATE TABLE `grower_items` (
  `item_id` int(11) NOT NULL AUTO_INCREMENT,
  `grower_id` int(11) DEFAULT NULL,
  `item_name` varchar(45) DEFAULT NULL,
  `item_value` decimal(7,2) DEFAULT NULL,
  `item_unit` varchar(20) DEFAULT NULL,
  `item_available_from` smallint(6) DEFAULT NULL,
  `item_available_to` smallint(6) DEFAULT NULL,
  PRIMARY KEY (`item_id`),
  KEY `grower_id` (`grower_id`),
  CONSTRAINT `grower_id` FOREIGN KEY (`grower_id`) REFERENCES `growers` (`grower_id`) ON DELETE NO ACTION ON UPDATE NO ACTION
) ENGINE=InnoDB AUTO_INCREMENT=10 DEFAULT CHARSET=latin1;
/*!40101 SET character_set_client = @saved_cs_client */;

--
-- Dumping data for table `grower_items`
--

LOCK TABLES `grower_items` WRITE;
/*!40000 ALTER TABLE `grower_items` DISABLE KEYS */;
INSERT INTO `grower_items` VALUES (2,2,'Bananas',1.00,'KG',1,12),(3,3,'Apples',5.00,'KG',2,11),(5,1,'Beans',7.00,'KG',4,10),(6,3,'Pumpkin',6.00,'KG',1,12),(7,3,'Bamboo Shoots',10.00,'KG',1,12),(8,1,'Bok Choy',1.00,'KG',1,12),(9,2,'Red Bananas',1.00,'KG',1,12);
/*!40000 ALTER TABLE `grower_items` ENABLE KEYS */;
UNLOCK TABLES;

--
-- Table structure for table `growers`
--

DROP TABLE IF EXISTS `growers`;
/*!40101 SET @saved_cs_client     = @@character_set_client */;
/*!40101 SET character_set_client = utf8 */;
CREATE TABLE `growers` (
  `grower_id` int(11) NOT NULL AUTO_INCREMENT,
  `grower_name` varchar(45) DEFAULT NULL,
  `company_name` varchar(255) NOT NULL,
  `Ordering` varchar(255) NOT NULL,
  `grower_email` varchar(150) DEFAULT NULL,
  `grower_website` varchar(100) DEFAULT NULL,
  `grower_phone` varchar(45) DEFAULT NULL,
  `grower_mobile` varchar(45) DEFAULT NULL,
  `grower_address` varchar(150) DEFAULT NULL,
  `grower_address2` varchar(150) DEFAULT NULL,
  `grower_postcode` varchar(15) DEFAULT NULL,
  `grower_suburb` varchar(45) DEFAULT NULL,
  `grower_state` varchar(45) DEFAULT NULL,
  `grower_distance_kms` varchar(45) DEFAULT NULL,
  `ABN` varchar(255) NOT NULL,
  `grower_bank_account_name` varchar(45) DEFAULT NULL,
  `grower_bank_bsb` varchar(45) DEFAULT NULL,
  `grower_bank_acc` varchar(45) DEFAULT NULL,
  `grower_certification_status` varchar(150) DEFAULT NULL,
  `grower_order_days` varchar(255) DEFAULT NULL,
  `grower_produce` text,
  `grower_notes` text,
  `grower_payment_details` text,
  `lattitude` decimal(18,12) NOT NULL,
  `longitude` decimal(18,12) NOT NULL,
  PRIMARY KEY (`grower_id`)
) ENGINE=InnoDB AUTO_INCREMENT=132 DEFAULT CHARSET=latin1;
/*!40101 SET character_set_client = @saved_cs_client */;

--
-- Dumping data for table `growers`
--

LOCK TABLES `growers` WRITE;
/*!40000 ALTER TABLE `growers` DISABLE KEYS */;
INSERT INTO `growers` VALUES (1,'Sonja Engelhardt','','','sonniengel@gmail.com','',NULL,NULL,'Orara Valley',NULL,NULL,NULL,NULL,'','','','','','','','blueberries, mandarins, kiwi, citrus, walnuts','inactive - doesn\'t have supply to make the distance travelled worthwhile.','test',0.000000000000,0.000000000000),(2,'Alan Johnstone Biodynamic Agriculture','','','bdpreps@biodynamics.net.au','',NULL,NULL,'Maher\'s Rd, Bellingen/Boggy Creek',NULL,NULL,NULL,NULL,'','','','','','','',NULL,NULL,NULL,-30.442425000000,152.818835000000),(3,'Bamboo Gardens Farmstay (Richard Hersel)','','','bamboogardensfarmstay@gmail.com ','www.bamboosatnambuccavalley.com.au','02 6564 8089 ',NULL,NULL,NULL,NULL,NULL,NULL,NULL,'',NULL,NULL,NULL,NULL,NULL,NULL,NULL,NULL,0.000000000000,0.000000000000),(5,'Amanda','Orange Moon Organics','online order form','orangemoon@skymesh.com.au','','','','','Taylors arm','','Taylors Arm','NSW','1','1','1','1','1','certified organic','','pumpkin, eggplant, potatoes, carrots, garlic, beans, corn','will send email with list - pick up from growers market - or will deliver if big enough order.','',-30.690675000000,152.726549400000),(6,'Archer, William','','','stinglessbees@hotmail.com *doesn\'t check emails often*','','','0409 665506','','','','','NSW','','','','','','','','','','',-31.253218300000,146.921099000000),(7,'Arnett, John','','','','','','','','','','','NSW','','','','','','','','parsley','','',-31.253218300000,146.921099000000),(8,'Bates, Terry','Bellbowra Organic Pecans','','bellbowra@bordernet.com.au','','02-6564 8747','','64 Helliwells Rd','','2449','Missabotti','NSW','','','','','','','','pecans; Garlic, small Russian','','',-30.590567000000,152.843074000000),(9,'Bond, Peter','Binderay Farm','email','','','6649 4311','','3860 Armidale Rd','','2460','Nymboida','NSW','','','','','','','thurs/fri preferred, packs sundays, delivers Monday','basil (100g bags), finger eggplant (til end April?), chinese greens from May','','',-29.944042000000,152.727793000000),(10,'Bregce','','','','','02 6655 8641','','1033 Darkwood Rd','','2454','Thora','NSW','','','','','','','','','','',-30.438304000000,152.694475000000),(11,'Briggenshaw, Steve ','','Phone','','','','0488 033 827','Valery (Professor Stoodley\'s property)','','','','NSW','','','','','','spray free','by Monday','sweet potato varieties','','BSB 062230 Acc.10360454 M&J Stoodley',-31.253218300000,146.921099000000),(12,'Brown, Dee','','','','','02 6655 8704','',' 1709 Darkwood Rd','','2454','Thora','NSW','','','','','','spray free','','avocadoes','','BSB 732476; ac 536928; ac name: Ms Dianne Margret Brown',-30.428230100000,152.750759600000),(13,'Christoph','','','','','','0439 406 793','1033 Darkwood Rd (Patanga)','','','Thora','NSW','','','','','','organic','','citrus','','',-30.424945600000,152.778563600000),(14,'Cortice, Tony','','phone','','','6657 6116','','1187 Marengo Rd','','2453','Hernani','NSW','','','','','','organic but not certified','Every second Wednesday before produce Market','Royal Gala apples, Satsuma blood plums','','cheque to Hillside Books',-30.211381000000,152.384649000000),(15,'Cranny, Jillian (Jill)','','','','','02 6657 3273','','W Rees Rd','','2453','Deers vale','NSW','','','','','','','Thurs/Fri before produce market','golden kiwi fruit, jerusalem artichokes, chervil, thyme year round, chives year round','','BCU Dorrigo; Acc No 76998S1 or S4',-30.378405500000,152.523206700000),(16,'Cranny, Louise','','','','','02 6655 2462','','1817 Kalang Rd','','2454','Kalang','NSW','','','','','','','','','','',-30.508187500000,152.769337800000),(17,'Dan','Lakeview Fresh Mushrooms','via Sue Kelly','','','02 6653 3377','','254 S Boambee Rd','','2450','Boambee','NSW','','','','','','','','mushrooms','','cheque made out to Lakeview Fresh Mushrooms, delivered to Sue Kelly',-30.340332600000,153.043492300000),(18,'Dieter and Shankari','','Text','','','','0478397389','','','','Bundagen','NSW','','','','','','organic chemical free','text on weekend-Monday','jap pumpkin, ginger, tatsoi, pakchoi, tamarillo, citrus, red cabbage, corn','','cash cheque on delivery',-30.421426800000,153.058052400000),(19,'Eli','','','','','','0401 395 049','Scotchman Rd','','','','NSW','','','','','','spray free','','yakon','just starting','',-30.454899900000,152.888483900000),(20,'Engelhardt, Sonja ','','','sonniengel@gmail.com','','','','','','','Orara Valley','NSW','','','','','','','','blueberries, mandarins, kiwi, citrus, walnuts','*inactive - doesn\'t have supply to make the distance travelled worthwhile.','',-31.253218300000,146.921099000000),(21,'Godkin, Greg & Robson, Liz','Merricks Creek Organics BFA certified','','ggodkin49@gmail.com','','','0432 858 870','','','','','NSW','','','','','','','','garlic, pumpkin, herbs, (red grapefruit in 2013)','','',-31.253218300000,146.921099000000),(22,'Hayden, Nell','','','','','02 6655 2234','','Bellingen','','2454','Bellingen','NSW','','','','','','','','','','',-30.439233900000,152.845071200000),(23,'Henderson, Ron','','via Sue','','','','','','','','Valla','NSW','','','','','','spray free','','beans','','bsb: 704 328 a/c 6952S10',-30.598331500000,152.970294900000),(24,'Hersel, Richard','Bamboo Gardens Farmstay','','bamboogardensfarmstay@gmail.com ','www.bamboosatnambuccavalley.com.au','02 6564 8089 ','','188 Bellingen Rd','','2449','Bowraville','NSW','','','','','','','','','','',-30.624499000000,152.850712000000),(25,'Holmes, Ian','','','','','via Sue Kelly','','','','','','NSW','','','','','','in conversion organic','','potatoes','','',-31.253218300000,146.921099000000),(26,'Hopper, Matt','','','','','','0401 828 199','','','2449','Bowraville','NSW','','','','','','spray free','','bok choy (large), snowpeas, pumpkin, carrots, potkins, watermelon, corn','','cash on delivery',-30.644698800000,152.853152000000),(27,'Horn, Stacey','','','lilmumajuju@live.com.au','','02 6569 5914','','458 Valla Rd','','2448','Valla','NSW','','','','','','','','BD grower','','',-30.588733000000,152.953702000000),(28,'Jim or Lesley','CHESS Innovation Farm','','jim@ chessemployment.com.au','','02 6653 5846','0447 947 037','Bonville','','','Bonville','NSW','','','','','','certified organic','email by Mon. morn for delivery with fee on Tues afternoon after receive availability list on Thurs. ','rhubarb, salad mix, herbs, cabbages, broccoli, pecans, macadamias','','BSB: 704328; ac 213762; ac name: CHESS Innovation Farm',-30.378494300000,153.063238000000),(29,'Johnstone, Alan','Biodynamic Agriculture Australia','','bdpreps@biodynamics.net.au','','','','Mahers Rd','','','Boggy Creek','NSW','','','','','','','','','','',-31.253218300000,146.921099000000),(30,'Kardinahl, Ute','','','','www.kardinahl.de','02 6655 9138','','325 Hydes Creek Rd','','','Bellingen','NSW','','','','','','spray free','','citrus, persimmon, german-style jams/marmalades, white eggplants, grumichama, sweet potato (for someone to dig)','','BSB 732576; Ac. 668453',-30.426684000000,152.910566000000),(31,'Kelly, Sue','','','','','02 6655 1279','0407 912 150','1603 Kalang Rd','','2454','Kalang','NSW','','','','','','organic, no longer certified','','lettuce, silverbeet, mushrooms; can get honey $35/15kg','','BSB 704 328, a/c no: 8897 S; ac. name: CJ & SM Kelly',-30.500340800000,152.779429900000),(32,'Lamir, Nakia','','','egyptianbluelotus@hotmail.com','','','','','','','','NSW','','','','','','SF - biodynamic principles','','asian greens, citrus, turmeric','','',-31.253218300000,146.921099000000),(33,'Lanem, Heyden & Eleanor','Fairweather Farm','','fairweatherorganic@gmail.com ','','6655 78206','','','','','Nymboida','NSW','','','','','','','','garlic, tumeric, rhubarb, blueberries, tomatoes, watermelon, beetroot, pumpkins, broccoli, zucchini, capsicum, chilli, chives, cucumber, dill, kale, lettuce, mint, parsley, rocket, rosemary, peppermint, oregano, coriander','','',-29.938609800000,152.726308200000),(34,'Leif - home grower','','','','','02 6655 8770','','922 Darkwood Rd','','2454','Darkwood','NSW','','','','','','','','produce to donate, limes, tumeric, ginger, avocados','','',-30.433148000000,152.700872000000),(35,'Lewis, Ken & Linda','','','kenlewis@skymesh.com.au','','02 6657 8255','','9435 Armidale Rd','','2453','Tyringham','NSW','','','','','','certified organic','','potatoes','','BSB 082561; ac 588661415; ac name: Ken and Lynda Lewis',-30.259507000000,152.462912000000),(36,'Lockyer, Jon & Jaki','','','','','','0488 921 669','','','','','NSW','','','','','','','','kiwi fruit','','bsb:704 328, a/c no: 52289, name: Jaki & Jon Lockyer',-31.253218300000,146.921099000000),(37,'Lois','Fosters Harvest','','','','02 6652 3364','','120 Mastracolas Rd','','2450','Coffs Harbour','NSW','','','','','','','Friday or Monday','cucumber, shallots, grape tomatoes, pumpkin','','',-30.290024100000,153.097187500000),(38,'Lynda ?','','','tony.saunders2@bigpond.com.au ','','','','','','','','NSW','','','','','','','','','','',-31.253218300000,146.921099000000),(39,'Macdonald, Jimmy','','','macdonald.jimmy1@gmail.com','','02 6655 0981','','20 Crown St ','','','Bellingen','NSW','','','','','','spray free','','aquaponic herbs & greens','','',-30.456188000000,152.902071000000),(40,'Marnie and Jamie','','','','','02 6655 0582','','1596 Kalang Rd','','','Kalang','NSW','','','','','','organic','Friday or Saturday','parsley','','',-30.497776000000,152.782247000000),(41,'McCabe, Paul','','via Sue Kelly','','','','','','','','','NSW','','','','','','','','avocadoes','','cash cheque to Sue',-31.253218300000,146.921099000000),(42,'Michael & Jodi Wright','','phone or email','m.jwright@bigpond.com  wrightoysters@virginbroadband.com.au ','','02 6657 1958','','40 Parberrys Ln','','2453','Dorrigo','NSW','','','','','','','','various greens','','',-30.326109000000,152.669224000000),(43,'Molloy, Jane','','','','','','','','','','','NSW','','','','','','','','garlic','','',-31.253218300000,146.921099000000),(44,'Neal, Jodie & John','Forest Gate Organics','','forestgateorganics@bigpond.com','','02 6655 1453','','2260 Kalang Rd','','2454','Kalang','NSW','','','','','','organic','Thursday before 10am','sprouts - Must be stored below 5 deg.','','bsb: 032 585, a/c no: 139118, name: Forest Gate Organics',-30.500687000000,152.739383000000),(45,'O\'Mara Damien','','','','','','0427785935','','','','Bonville','NSW','','','','','','spray free','soon as possible','shitake and oyster mushrooms','25 trays every 2nd week','',-30.376170100000,153.035254500000),(46,'Paperboys','PAPERBOYS','Phone','thepaperboys@bigpond.com','','02 6651 2799','','Bay 8/9 Gdt Seccombe Cl; PO Box 443','','','Coffs harbour','NSW','','','','','','','any day','','','BCU BSB 708 328; Acc. 61876',-30.296312100000,153.115672200000),(47,'Pepper, David','permaculture','','','','02 6655 0949','','184 Promised Land Rd','','2454','Glennifer','NSW','','','','','','','','sweet potato - get someone to dig (June 2012)','','',-30.375717000000,152.884486000000),(48,'Rob & Maxine','','','','','','0417 227590','','','','','NSW','','','','','','untried','','onions! and things','','',-31.253218300000,146.921099000000),(49,'Robin','Dorrigo Grassfed Beef','','','','','','','','','','NSW','','','','','','','','','','sausages and all other cuts, $18.50/kg, 20kg boxes',-31.253218300000,146.921099000000),(50,'Rose, Ben','','','','','','0411 316779','','','','','NSW','','','','','','spray free, organic seeds','','','grows next to NBCG','',-31.253218300000,146.921099000000),(51,'Sala, Monica','','','','','02 6655 8566','','1709 Darkwood Rd','','2454','Thora','NSW','','','','','','','','citrus - limes, oranges, pink grapefruit','','',-30.428230100000,152.750759600000),(52,'Sames, Keiron','','','keironlse@hotmail.com','','','','','','','Karangi','NSW','','','','','','','','','','',-30.253853100000,153.047226500000),(53,'Shane, Marty, Pete Danzey','','','','','02 6655 2068','','570 Waterfall Way','','2454','Fernmount','NSW','','','','','','spray free','can order day before','spinach, cucumbers, corn, pumpking, grammas, watermelons, cabbage, broccoli','','cheque on delivery',-30.465566000000,152.953329000000),(54,'Springer, Tara','','','sales@fourseasonsherbs.com.au','','','0412 721 268','','','','','NSW','','','','','','','','','','',-31.253218300000,146.921099000000),(55,'Tate, David','','','','','02 6656 4620','0423 490 780','15 Campbell Close','','2450','korora','NSW','','','','','','spray free','','bananas','every 2nd week','BSB 012625; ac. 515757352',-30.281320000000,153.096026000000),(56,'Taylor, Kathy & Willis, Bob','','','katherine gosset@hotmail.com','','02 6655 8619','',' Darkwood Rd','','2454','Thora','NSW','','','','','','Certified Biodynamic','Friday night or Saturday','garlic, cucumber, basil, kale, rocket, citrus, kiwi, radish, cabbage','','BSB 062697; ac. 10026362; ac name: C A Taylor',-30.428230100000,152.750759600000),(57,'Tindale, Brian & Hilda','','','tindal1442@bigpond.com','','02 6657 5224','0407 070 409','1442 Tyringham Rd','','2453','Bostobrick','NSW','','','','','','organic','','blueberries, apples, stone fruit','','bsb: 082 561, a/c 870239904, name:B & H Tindal',-30.269923000000,152.625289000000),(58,'Waugh, Alex','','','','','02 6655 1210','','399 Waterfall Way','','2454','Fernmount','NSW','','','','','','CONVENTIONAL','early morn, or night','cabbage, cauliflower, silverbeet, pumpkin, various veges','','',-30.469015000000,152.967972000000),(59,'Yeomans, WL & BJ ','','via Sue Kelly','','','02 6775 3177','0427 735 178','Greenhill\' Orchards,  670 Hawthorne Dr','','2358','Arding','NSW','','','','','','conventional but minimal spraying','','apples, pears','','WL  & BJ Yeomans; BSB 062501; Ac. 1027 6421',-30.561574000000,151.531066000000),(60,'Young, Frances','','','','','Frances: 02 6655 9808; John: 6655 1085\r','','Lot 2, 106 Kethels Rd','','2454','Bellingen','NSW','','','','','','uses bd preps **Non registered** no longer purchasing from June 2012','one week ahead','sprouts; medicinal salad mix','','cash cheque on del.',-30.415951000000,152.899764000000),(61,'Zanker, Tracey','Zanker\'s Farm','','','','','0407 330 771','70 North Arm Rd','','2449','bowraville','NSW','','','','','','certified organic','order before 10am Sat','eggs','min order 15 dozen','BSB 633111; Acc. 300721255; Acc name: TO & TN Zanker',-30.640300600000,152.846563400000),(62,'zz Geere, Pat *no longer ordering, produce su','','','','','02 6655 2514','','609 N Bank Rd','','2454','Raleigh','NSW','','','','','','organic chemical free','','potatoes (sebago), pumpkin (various), sweet potato, coriander, parsley, corn, silverbeet, zucchini, lemons, swedes/turnips','**blacklisted**','Pay into this acc: BSB 064446; ac 10038396; ac. name: AR Ellem. Backup acc: BSB 704328; ac. 11910; ac name: Pat Geere',-30.459108500000,152.952328800000),(63,'','Spirit of the Rainforest','','spiritoftherainforest@gmail.com','','02 6564 7426','0411 210 988','160 McHughs Creek Rd','','2449','South Arm','NSW','','','','','','','','davidson plums, midgum etc.. ','','',-30.686671000000,152.744932000000),(64,'Sherrington, Bob & Patti','','','','','02 6655 0778','','630 Bowraville Rd','','','Bellingen','NSW','','','','','','','','citrus, rainbow chard','','',-30.494746000000,152.891753000000);
/*!40000 ALTER TABLE `growers` ENABLE KEYS */;
UNLOCK TABLES;

--
-- Table structure for table `locations`
--

DROP TABLE IF EXISTS `locations`;
/*!40101 SET @saved_cs_client     = @@character_set_client */;
/*!40101 SET character_set_client = utf8 */;
CREATE TABLE `locations` (
  `location_id` int(11) NOT NULL AUTO_INCREMENT,
  `location_name` varchar(45) DEFAULT NULL,
  `location_delivery_value` decimal(7,2) DEFAULT NULL,
  PRIMARY KEY (`location_id`)
) ENGINE=InnoDB AUTO_INCREMENT=10 DEFAULT CHARSET=latin1;
/*!40101 SET character_set_client = @saved_cs_client */;

--
-- Dumping data for table `locations`
--

LOCK TABLES `locations` WRITE;
/*!40000 ALTER TABLE `locations` DISABLE KEYS */;
INSERT INTO `locations` VALUES (5,'Bellingen - collect from 19 Casuarina Ave',0.00),(6,'Bellingen CBD & Coffs Harbour Region delivery',7.00),(7,'Thora - collect from Thora Hall',7.00),(8,'Dorrigo - collect from United Service Station',7.00),(9,'Dorrigo - delivery to home or workplace',7.00);
/*!40000 ALTER TABLE `locations` ENABLE KEYS */;
UNLOCK TABLES;

--
-- Table structure for table `users`
--

DROP TABLE IF EXISTS `users`;
/*!40101 SET @saved_cs_client     = @@character_set_client */;
/*!40101 SET character_set_client = utf8 */;
CREATE TABLE `users` (
  `id` int(11) NOT NULL AUTO_INCREMENT,
  `customer_id` int(11) DEFAULT NULL,
  `grower_id` int(11) DEFAULT NULL,
  `first_name` varchar(255) NOT NULL,
  `last_name` varchar(255) NOT NULL,
  `notes` varchar(255) NOT NULL,
  `user_email` varchar(255) NOT NULL,
  `password` varchar(255) DEFAULT NULL,
  `user_name` varchar(45) DEFAULT NULL,
  `user_phone` varchar(45) DEFAULT NULL,
  `user_mobile` varchar(45) DEFAULT NULL,
  `user_address` varchar(150) DEFAULT NULL,
  `user_address2` varchar(150) DEFAULT NULL,
  `user_suburb` varchar(45) DEFAULT NULL,
  `user_state` varchar(45) DEFAULT NULL,
  `user_postcode` varchar(45) DEFAULT NULL,
  `last_login_time` datetime DEFAULT NULL,
  `update_time` datetime DEFAULT NULL,
  `update_user_id` int(11) DEFAULT NULL,
  `create_time` datetime DEFAULT NULL,
  `create_user_id` int(11) DEFAULT NULL,
  PRIMARY KEY (`id`)
) ENGINE=InnoDB AUTO_INCREMENT=2302 DEFAULT CHARSET=latin1;
/*!40101 SET character_set_client = @saved_cs_client */;

--
-- Dumping data for table `users`
--

LOCK TABLES `users` WRITE;
/*!40000 ALTER TABLE `users` DISABLE KEYS */;
INSERT INTO `users` VALUES (1,NULL,NULL,'','','','admin@snapfrozen.com.au','d0ab7fe6c314f4fe5b6c18a0157c96b4','Francis Beresford','','','','','','','','2012-09-08 18:04:09','2012-08-07 10:50:57',1,'0000-00-00 00:00:00',NULL),(2,2,NULL,'','','','customer@customer.com','d0ab7fe6c314f4fe5b6c18a0157c96b4','Joe Bloggs','','','','','','','','2012-09-05 15:38:49','2012-08-07 14:50:07',2,'2012-07-26 16:04:07',1),(2047,0,0,'First name','Last name','notes','Email ddress','5f4dcc3b5aa765d61d8327deb882cf99','username','Contact number, including area code','mobile','address','address 2','suburb','state','postcode','0000-00-00 00:00:00','0000-00-00 00:00:00',0,'0000-00-00 00:00:00',0),(2048,2,0,'Nicola','Andrews','','Nynix41@gmail.com','5f4dcc3b5aa765d61d8327deb882cf99','Nicola Andrews','266130506','','','','','','','2012-09-05 21:21:16','0000-00-00 00:00:00',0,'0000-00-00 00:00:00',0),(2049,3,0,'Rachael','Andrews','','rary19@gmail.com','5f4dcc3b5aa765d61d8327deb882cf99','Rachael Andrews','422494738','','','','','','','0000-00-00 00:00:00','0000-00-00 00:00:00',0,'0000-00-00 00:00:00',0),(2050,4,0,'Lizzie','Attwood','','lizattwood@hotmail.com','5f4dcc3b5aa765d61d8327deb882cf99','Lizzie Attwood','266559662','','','','','','','0000-00-00 00:00:00','0000-00-00 00:00:00',0,'0000-00-00 00:00:00',0),(2051,5,0,'Sue','Ayres','','','5f4dcc3b5aa765d61d8327deb882cf99','Sue Ayres','432112037','','','','','','','0000-00-00 00:00:00','0000-00-00 00:00:00',0,'0000-00-00 00:00:00',0),(2052,6,0,'Fiona','Baker','','Fiona.baker@optusnet.com.au','5f4dcc3b5aa765d61d8327deb882cf99','Fiona Baker','266526870','','','','','','','0000-00-00 00:00:00','0000-00-00 00:00:00',0,'0000-00-00 00:00:00',0),(2053,7,0,'joelle ','baudet','','joelle@baudetcook.com','5f4dcc3b5aa765d61d8327deb882cf99','joelle  baudet','266962422','','','','','','','0000-00-00 00:00:00','0000-00-00 00:00:00',0,'0000-00-00 00:00:00',0),(2054,8,0,'Rebecca','Beaton','','rentals@guysaddleton.com.au','5f4dcc3b5aa765d61d8327deb882cf99','Rebecca Beaton','266552458','','','','','','','0000-00-00 00:00:00','0000-00-00 00:00:00',0,'0000-00-00 00:00:00',0),(2055,9,0,'Mischa','Beh','collected by Emma Belcher','mishabeh@hotmail.com','5f4dcc3b5aa765d61d8327deb882cf99','Mischa Beh','400178039','','','','','','','0000-00-00 00:00:00','0000-00-00 00:00:00',0,'0000-00-00 00:00:00',0),(2056,10,0,'Emma','Belcher','','ejbelcher@yahoo.com.au','5f4dcc3b5aa765d61d8327deb882cf99','Emma Belcher','413661864','','','','','','','0000-00-00 00:00:00','0000-00-00 00:00:00',0,'0000-00-00 00:00:00',0),(2057,11,0,'Toni','Bell','','Tonibell22@gmail.com','5f4dcc3b5aa765d61d8327deb882cf99','Toni Bell','427682533','','','','','','','0000-00-00 00:00:00','0000-00-00 00:00:00',0,'0000-00-00 00:00:00',0),(2058,12,0,'Graham','Bell','','abell40@optusnet.com.au','5f4dcc3b5aa765d61d8327deb882cf99','Graham Bell','266522503','','','','','','','0000-00-00 00:00:00','0000-00-00 00:00:00',0,'0000-00-00 00:00:00',0),(2059,13,0,'Val','Bennett','','wallabytracks@hotmail.com','5f4dcc3b5aa765d61d8327deb882cf99','Val Bennett','266551592','','','','','','','0000-00-00 00:00:00','0000-00-00 00:00:00',0,'0000-00-00 00:00:00',0),(2060,14,0,'olivia','bernardini','172035S1.6','oliviaonearth@gmail.com','5f4dcc3b5aa765d61d8327deb882cf99','olivia bernardini','266551478','','','','','','','0000-00-00 00:00:00','0000-00-00 00:00:00',0,'0000-00-00 00:00:00',0),(2061,15,0,'Fiona','Beston','','fiona.beston@yahoo.com.au','5f4dcc3b5aa765d61d8327deb882cf99','Fiona Beston','412707459','','','','','','','0000-00-00 00:00:00','0000-00-00 00:00:00',0,'0000-00-00 00:00:00',0),(2062,16,0,'shelley','birse','','shelleybirse@gmail.com','5f4dcc3b5aa765d61d8327deb882cf99','shelley birse','404053679','','','','','','','0000-00-00 00:00:00','0000-00-00 00:00:00',0,'0000-00-00 00:00:00',0),(2063,17,0,'Fiona','Bode','','feebode@hotmail.com','5f4dcc3b5aa765d61d8327deb882cf99','Fiona Bode','413729910','','','','','','','0000-00-00 00:00:00','0000-00-00 00:00:00',0,'0000-00-00 00:00:00',0),(2064,18,0,'Petrina','Borrer','','petrinalea@gmail.com','5f4dcc3b5aa765d61d8327deb882cf99','Petrina Borrer','423610382','','','','','','','0000-00-00 00:00:00','0000-00-00 00:00:00',0,'0000-00-00 00:00:00',0),(2065,19,0,'John','Bowers','','bowersmj@bigpond.com','5f4dcc3b5aa765d61d8327deb882cf99','John Bowers','266554808','','','','','','','0000-00-00 00:00:00','0000-00-00 00:00:00',0,'0000-00-00 00:00:00',0),(2066,20,0,'Alice ','bowry','','riverbowry@gmail.com','5f4dcc3b5aa765d61d8327deb882cf99','Alice  bowry','433965788','','','','','','','0000-00-00 00:00:00','0000-00-00 00:00:00',0,'0000-00-00 00:00:00',0),(2067,21,0,'Cameron','Bragg','','cdbragg@gmail.com','5f4dcc3b5aa765d61d8327deb882cf99','Cameron Bragg','413674640','','','','','','','0000-00-00 00:00:00','0000-00-00 00:00:00',0,'0000-00-00 00:00:00',0),(2068,22,0,'Annabella','Bray','','annabellabray@hotmail.com','5f4dcc3b5aa765d61d8327deb882cf99','Annabella Bray','401225654','','','','','','','0000-00-00 00:00:00','0000-00-00 00:00:00',0,'0000-00-00 00:00:00',0),(2069,23,0,'Sarah','Brazenor','','bfc@planet.net.au','5f4dcc3b5aa765d61d8327deb882cf99','Sarah Brazenor','266554575','','','','','','','0000-00-00 00:00:00','0000-00-00 00:00:00',0,'0000-00-00 00:00:00',0),(2070,24,0,'Robyn','Brentnall','','morocco51@sctelco.net.au','5f4dcc3b5aa765d61d8327deb882cf99','Robyn Brentnall','421063438','','','','','','','0000-00-00 00:00:00','0000-00-00 00:00:00',0,'0000-00-00 00:00:00',0),(2071,25,0,'Donella','Bryce','','donnellabryce@hotmail.com','5f4dcc3b5aa765d61d8327deb882cf99','Donella Bryce','266550842','','','','','','','0000-00-00 00:00:00','0000-00-00 00:00:00',0,'0000-00-00 00:00:00',0),(2072,26,0,'Maureen','Burgess','','info@bellofoodbox.org.au','5f4dcc3b5aa765d61d8327deb882cf99','Maureen Burgess','665511770','','','','','','','0000-00-00 00:00:00','0000-00-00 00:00:00',0,'0000-00-00 00:00:00',0),(2073,27,0,'Ellie','Butcher','','moretimtams@yahoo.com.au','5f4dcc3b5aa765d61d8327deb882cf99','Ellie Butcher','409667591','','','','','','','0000-00-00 00:00:00','0000-00-00 00:00:00',0,'0000-00-00 00:00:00',0),(2074,28,0,'Rowan','Butler','','butlers21@hotmail.com','5f4dcc3b5aa765d61d8327deb882cf99','Rowan Butler','266558831','','','','','','','0000-00-00 00:00:00','0000-00-00 00:00:00',0,'0000-00-00 00:00:00',0),(2075,29,0,'Hilary','Cadman','restart indef. order 15/8','hilaryc01@gmail.com','5f4dcc3b5aa765d61d8327deb882cf99','Hilary Cadman','419276110','','','','','','','0000-00-00 00:00:00','0000-00-00 00:00:00',0,'0000-00-00 00:00:00',0),(2076,30,0,'Julia ','Caldicott','','julia.caldicott@scu.edu.au','5f4dcc3b5aa765d61d8327deb882cf99','Julia  Caldicott','266593620','','','','','','','0000-00-00 00:00:00','0000-00-00 00:00:00',0,'0000-00-00 00:00:00',0),(2077,31,0,'Zai','Cambray','','zaicambray@y7mail.com','5f4dcc3b5aa765d61d8327deb882cf99','Zai Cambray','266559756','','','','','','','0000-00-00 00:00:00','0000-00-00 00:00:00',0,'0000-00-00 00:00:00',0),(2078,32,0,'Stephanie','Campbell','*on hold until further notice','stephaniecampbell21@gmail.com','5f4dcc3b5aa765d61d8327deb882cf99','Stephanie Campbell','402859915','','','','','','','0000-00-00 00:00:00','0000-00-00 00:00:00',0,'0000-00-00 00:00:00',0),(2079,33,0,'Eizabeth/Adrian','Caralis/Caporale','','elizabethcaralis@gmail.com','5f4dcc3b5aa765d61d8327deb882cf99','Eizabeth/Adrian Caralis/Caporale','266586025','','','','','','','0000-00-00 00:00:00','0000-00-00 00:00:00',0,'0000-00-00 00:00:00',0),(2080,34,0,'diana','carr','','dicarr@tpg.com.au','5f4dcc3b5aa765d61d8327deb882cf99','diana carr','411097275','','','','','','','0000-00-00 00:00:00','0000-00-00 00:00:00',0,'0000-00-00 00:00:00',0),(2081,35,0,'Kerry','Child','','kerry_child@bigpond.com','5f4dcc3b5aa765d61d8327deb882cf99','Kerry Child','412751576','','','','','','','0000-00-00 00:00:00','0000-00-00 00:00:00',0,'0000-00-00 00:00:00',0),(2082,36,0,'rachel','cobb','','rachelsback@yahoo.com','5f4dcc3b5aa765d61d8327deb882cf99','rachel cobb','405714716','','','','','','','0000-00-00 00:00:00','0000-00-00 00:00:00',0,'0000-00-00 00:00:00',0),(2083,37,0,'Susie','Cohan','','susiecohan@gmail.com','5f4dcc3b5aa765d61d8327deb882cf99','Susie Cohan','61439827581','','','','','','','0000-00-00 00:00:00','0000-00-00 00:00:00',0,'0000-00-00 00:00:00',0),(2084,38,0,'Amanda','Cooke','','amandadejongcooke@gmail.com','5f4dcc3b5aa765d61d8327deb882cf99','Amanda Cooke','459220560','','','','','','','0000-00-00 00:00:00','0000-00-00 00:00:00',0,'0000-00-00 00:00:00',0),(2085,39,0,'Nigel','Cotsell','','Nigel.Cotsell@chcc.nsw.gov.au','5f4dcc3b5aa765d61d8327deb882cf99','Nigel Cotsell','266484673','','','','','','','0000-00-00 00:00:00','0000-00-00 00:00:00',0,'0000-00-00 00:00:00',0),(2086,40,0,'Christine','Courcier-Jones','','courcierjones@gmail.com','5f4dcc3b5aa765d61d8327deb882cf99','Christine Courcier-Jones','266585068','','','','','','','0000-00-00 00:00:00','0000-00-00 00:00:00',0,'0000-00-00 00:00:00',0),(2087,41,0,'Teresa','Cowley','201305S1.1','teresacowley@westnet.com.au','5f4dcc3b5aa765d61d8327deb882cf99','Teresa Cowley','266557310','','','','','','','0000-00-00 00:00:00','0000-00-00 00:00:00',0,'0000-00-00 00:00:00',0),(2088,42,0,'Donovan','Craig','','snapfrozen@gmail.com','5f4dcc3b5aa765d61d8327deb882cf99','Donovan Craig','414666518','','','','','','','0000-00-00 00:00:00','0000-00-00 00:00:00',0,'0000-00-00 00:00:00',0),(2089,43,0,'Jo','Cunningham','','jagadamba1@yahoo.com','5f4dcc3b5aa765d61d8327deb882cf99','Jo Cunningham','423249445','','','','','','','0000-00-00 00:00:00','0000-00-00 00:00:00',0,'0000-00-00 00:00:00',0),(2090,44,0,'Adam','curlis','','adam.curlis@tafensw.edu.au','5f4dcc3b5aa765d61d8327deb882cf99','Adam curlis','424989979','','','','','','','0000-00-00 00:00:00','0000-00-00 00:00:00',0,'0000-00-00 00:00:00',0),(2091,45,0,'Joanna','Dadd','','katefishuk@gmail.com','5f4dcc3b5aa765d61d8327deb882cf99','Joanna Dadd','266559564','','','','','','','0000-00-00 00:00:00','0000-00-00 00:00:00',0,'0000-00-00 00:00:00',0),(2092,46,0,'Allison','Davidson','185049S1','al@almatech.net.au','5f4dcc3b5aa765d61d8327deb882cf99','Allison Davidson','266581607','','','','','','','0000-00-00 00:00:00','0000-00-00 00:00:00',0,'0000-00-00 00:00:00',0),(2093,47,0,'Catherine','Davis','','cwc.davis@bigpond.com','5f4dcc3b5aa765d61d8327deb882cf99','Catherine Davis','266559118','','','','','','','0000-00-00 00:00:00','0000-00-00 00:00:00',0,'0000-00-00 00:00:00',0),(2094,48,0,'Sue & Tony','Davis','','suezing@gmail.com','5f4dcc3b5aa765d61d8327deb882cf99','Sue & Tony Davis','266555794','','','','','','','0000-00-00 00:00:00','0000-00-00 00:00:00',0,'0000-00-00 00:00:00',0),(2095,49,0,'Hannah','Day','','hannahcday@yahoo.com.au','5f4dcc3b5aa765d61d8327deb882cf99','Hannah Day','427351904','','','','','','','0000-00-00 00:00:00','0000-00-00 00:00:00',0,'0000-00-00 00:00:00',0),(2096,50,0,'Jemah','Day','','','5f4dcc3b5aa765d61d8327deb882cf99','Jemah Day','6655 0057','','','','','','','0000-00-00 00:00:00','0000-00-00 00:00:00',0,'0000-00-00 00:00:00',0),(2097,51,0,'Lynn','Delgado','','lynnbowdler@yahoo.com.au','5f4dcc3b5aa765d61d8327deb882cf99','Lynn Delgado','266559948','','','','','','','0000-00-00 00:00:00','0000-00-00 00:00:00',0,'0000-00-00 00:00:00',0),(2098,52,0,'Nic','Denshire','211293S1.2','nicholas.denshire@gmail.com','5f4dcc3b5aa765d61d8327deb882cf99','Nic Denshire','410532272','','','','','','','0000-00-00 00:00:00','0000-00-00 00:00:00',0,'0000-00-00 00:00:00',0),(2099,53,0,'Joy','Dibley','','jydbly@gmail.com','5f4dcc3b5aa765d61d8327deb882cf99','Joy Dibley','458929276','','','','','','','0000-00-00 00:00:00','0000-00-00 00:00:00',0,'0000-00-00 00:00:00',0),(2100,54,0,'suzanne','douglas','177133S7.2','suzannedouglas@bigpond.com','5f4dcc3b5aa765d61d8327deb882cf99','suzanne douglas','419944743','','','','','','','0000-00-00 00:00:00','0000-00-00 00:00:00',0,'0000-00-00 00:00:00',0),(2101,55,0,'Anna','Dowd','','Dowdanna@gmail.com','5f4dcc3b5aa765d61d8327deb882cf99','Anna Dowd','403127923','','','','','','','0000-00-00 00:00:00','0000-00-00 00:00:00',0,'0000-00-00 00:00:00',0),(2102,56,0,'Adam','Doyle','','adamjohndoyle@gmail.com','5f4dcc3b5aa765d61d8327deb882cf99','Adam Doyle','416058709','','','','','','','0000-00-00 00:00:00','0000-00-00 00:00:00',0,'0000-00-00 00:00:00',0),(2103,57,0,'Shaun','Dregmans','','s.dregmans.10@student.scu.edu.au','5f4dcc3b5aa765d61d8327deb882cf99','Shaun Dregmans','401255774','','','','','','','0000-00-00 00:00:00','0000-00-00 00:00:00',0,'0000-00-00 00:00:00',0),(2104,58,0,'Tamar','Dubb','','tamishori@hotmail.com','5f4dcc3b5aa765d61d8327deb882cf99','Tamar Dubb','404500696','','','','','','','0000-00-00 00:00:00','0000-00-00 00:00:00',0,'0000-00-00 00:00:00',0),(2105,59,0,'Lisa','Dunstan','','lisa0@in.com','5f4dcc3b5aa765d61d8327deb882cf99','Lisa Dunstan','266515658','','','','','','','0000-00-00 00:00:00','0000-00-00 00:00:00',0,'0000-00-00 00:00:00',0),(2106,60,0,'Sandy','Eager','','seager@tpg.com.au','5f4dcc3b5aa765d61d8327deb882cf99','Sandy Eager','266551865','','','','','','','0000-00-00 00:00:00','0000-00-00 00:00:00',0,'0000-00-00 00:00:00',0),(2107,61,0,'Jane','Eales','','jane_eales@hotmail.com','5f4dcc3b5aa765d61d8327deb882cf99','Jane Eales','447683833','','','','','','','0000-00-00 00:00:00','0000-00-00 00:00:00',0,'0000-00-00 00:00:00',0),(2108,62,0,'Beth ','Edwards','choose no deposit','bethoedwards@yahoo.com.au','5f4dcc3b5aa765d61d8327deb882cf99','Beth  Edwards','419681386','','','','','','','0000-00-00 00:00:00','0000-00-00 00:00:00',0,'0000-00-00 00:00:00',0),(2109,63,0,'Matthew','Ellis','*ref matt','peg_ellis@hotmail.com','5f4dcc3b5aa765d61d8327deb882cf99','Matthew Ellis','266512134','','','','','','','0000-00-00 00:00:00','0000-00-00 00:00:00',0,'0000-00-00 00:00:00',0),(2110,64,0,'Robin','Ellis','','robinellis@westnet.com.au','5f4dcc3b5aa765d61d8327deb882cf99','Robin Ellis','266552226','','','','','','','0000-00-00 00:00:00','0000-00-00 00:00:00',0,'0000-00-00 00:00:00',0),(2111,65,0,'Johanna','Elton','','aelfleda3@gmail.com','5f4dcc3b5aa765d61d8327deb882cf99','Johanna Elton','423911611','','','','','','','0000-00-00 00:00:00','0000-00-00 00:00:00',0,'0000-00-00 00:00:00',0),(2112,66,0,'Diane','Engler','','rob.di.china@gmail.com','5f4dcc3b5aa765d61d8327deb882cf99','Diane Engler','266571689','','','','','','','0000-00-00 00:00:00','0000-00-00 00:00:00',0,'0000-00-00 00:00:00',0),(2113,67,0,'Anne','Epstein','','You_am_i@hotmail.com','5f4dcc3b5aa765d61d8327deb882cf99','Anne Epstein','422284883','','','','','','','0000-00-00 00:00:00','0000-00-00 00:00:00',0,'0000-00-00 00:00:00',0),(2114,68,0,'Lee','Excell','','leexcell@hotmail.com','5f4dcc3b5aa765d61d8327deb882cf99','Lee Excell','424294611','','','','','','','0000-00-00 00:00:00','0000-00-00 00:00:00',0,'0000-00-00 00:00:00',0),(2115,69,0,'Denise','Feeney','27030S1','md@aapt.net.au','5f4dcc3b5aa765d61d8327deb882cf99','Denise Feeney','432860583','','','','','','','0000-00-00 00:00:00','0000-00-00 00:00:00',0,'0000-00-00 00:00:00',0),(2116,70,0,'Jennie','Fenton','','jenniefenton@hotmail.com','5f4dcc3b5aa765d61d8327deb882cf99','Jennie Fenton','266552318','','','','','','','0000-00-00 00:00:00','0000-00-00 00:00:00',0,'0000-00-00 00:00:00',0),(2117,71,0,'Kirsty','Fikkers','','kirstyfikkers@hotmail.com','5f4dcc3b5aa765d61d8327deb882cf99','Kirsty Fikkers','432456390','','','','','','','0000-00-00 00:00:00','0000-00-00 00:00:00',0,'0000-00-00 00:00:00',0),(2118,72,0,'Elaine','Flinders','away after 22/8','flinderset@westnet.com.au','5f4dcc3b5aa765d61d8327deb882cf99','Elaine Flinders','266551706','','','','','','','0000-00-00 00:00:00','0000-00-00 00:00:00',0,'0000-00-00 00:00:00',0),(2119,73,0,'sharna ','flowers','','sharnaflowers@hotmail.com','5f4dcc3b5aa765d61d8327deb882cf99','sharna  flowers','415989797','','','','','','','0000-00-00 00:00:00','0000-00-00 00:00:00',0,'0000-00-00 00:00:00',0),(2120,74,0,'Mike','Flynn','','sandfly07@hotmail.com','5f4dcc3b5aa765d61d8327deb882cf99','Mike Flynn','61427572898','','','','','','','0000-00-00 00:00:00','0000-00-00 00:00:00',0,'0000-00-00 00:00:00',0),(2121,75,0,'Robyn','Flynn','','jamesandrobynflynn@gmail.com','5f4dcc3b5aa765d61d8327deb882cf99','Robyn Flynn','02 66550958','','','','','','','0000-00-00 00:00:00','0000-00-00 00:00:00',0,'0000-00-00 00:00:00',0),(2122,76,0,'Phillip','Glasson','','phillip@dalkleen.com.au','5f4dcc3b5aa765d61d8327deb882cf99','Phillip Glasson','421171737','','','','','','','0000-00-00 00:00:00','0000-00-00 00:00:00',0,'0000-00-00 00:00:00',0),(2123,77,0,'Moshik','Goffer','','moshik.goffer@gmail.com','5f4dcc3b5aa765d61d8327deb882cf99','Moshik Goffer','411574373','','','','','','','0000-00-00 00:00:00','0000-00-00 00:00:00',0,'0000-00-00 00:00:00',0),(2124,78,0,'Glenn','Goodwin','','glenn.goodwin4@bigpond.com','5f4dcc3b5aa765d61d8327deb882cf99','Glenn Goodwin','266551581','','','','','','','0000-00-00 00:00:00','0000-00-00 00:00:00',0,'0000-00-00 00:00:00',0),(2125,79,0,'Vicki','Gorisek','','vicssea@yahoo.com','5f4dcc3b5aa765d61d8327deb882cf99','Vicki Gorisek','435974620','','','','','','','0000-00-00 00:00:00','0000-00-00 00:00:00',0,'0000-00-00 00:00:00',0),(2126,80,0,'Anne','Graham','away until 19/9','annegrhm@bigpond.com','5f4dcc3b5aa765d61d8327deb882cf99','Anne Graham','266550861','','','','','','','0000-00-00 00:00:00','0000-00-00 00:00:00',0,'0000-00-00 00:00:00',0),(2127,81,0,'Jude','Grantham','','','5f4dcc3b5aa765d61d8327deb882cf99','Jude Grantham','','','','','','','','0000-00-00 00:00:00','0000-00-00 00:00:00',0,'0000-00-00 00:00:00',0),(2128,82,0,'jennie','gray','','grayjennie@gmail.com','5f4dcc3b5aa765d61d8327deb882cf99','jennie gray','424994328','','','','','','','0000-00-00 00:00:00','0000-00-00 00:00:00',0,'0000-00-00 00:00:00',0),(2129,83,0,'Cath','Gribben','','cath@post.com','5f4dcc3b5aa765d61d8327deb882cf99','Cath Gribben','488500547','','','','','','','0000-00-00 00:00:00','0000-00-00 00:00:00',0,'0000-00-00 00:00:00',0),(2130,84,0,'Lareena','Groves','','lareenagroves@rocketmail.com','5f4dcc3b5aa765d61d8327deb882cf99','Lareena Groves','266551319','','','','','','','0000-00-00 00:00:00','0000-00-00 00:00:00',0,'0000-00-00 00:00:00',0),(2131,85,0,'Renee','Hall','','reneeh73@hotmail.com','5f4dcc3b5aa765d61d8327deb882cf99','Renee Hall','422214610','','','','','','','0000-00-00 00:00:00','0000-00-00 00:00:00',0,'0000-00-00 00:00:00',0),(2132,86,0,'Larrissa','Harfield','','Fields.of.green@hotmail.com','5f4dcc3b5aa765d61d8327deb882cf99','Larrissa Harfield','417451427','','','','','','','0000-00-00 00:00:00','0000-00-00 00:00:00',0,'0000-00-00 00:00:00',0),(2133,87,0,'Susan','Harris','','spiritsong@tpg.com.au','5f4dcc3b5aa765d61d8327deb882cf99','Susan Harris','266551868','','','','','','','0000-00-00 00:00:00','0000-00-00 00:00:00',0,'0000-00-00 00:00:00',0),(2134,88,0,'Jackie','Harris','','','5f4dcc3b5aa765d61d8327deb882cf99','Jackie Harris','','','','','','','','0000-00-00 00:00:00','0000-00-00 00:00:00',0,'0000-00-00 00:00:00',0),(2135,89,0,'Lucy','Harris/Munro','S11','lucycharris@yahoo.com','5f4dcc3b5aa765d61d8327deb882cf99','Lucy Harris/Munro','266550638','','','','','','','0000-00-00 00:00:00','0000-00-00 00:00:00',0,'0000-00-00 00:00:00',0),(2136,90,0,'Marjorie','Hawkins','','petmarj@hotmail.com','5f4dcc3b5aa765d61d8327deb882cf99','Marjorie Hawkins','266550023','','','','','','','0000-00-00 00:00:00','0000-00-00 00:00:00',0,'0000-00-00 00:00:00',0),(2137,91,0,'Vivian','Hawksworth','10000179S49','vivianhawksworth@bigpond.com','5f4dcc3b5aa765d61d8327deb882cf99','Vivian Hawksworth','428133193','','','','','','','0000-00-00 00:00:00','0000-00-00 00:00:00',0,'0000-00-00 00:00:00',0),(2138,92,0,'Paul','Hay ','','p.hay1964@gmail.com','5f4dcc3b5aa765d61d8327deb882cf99','Paul Hay ','417226136','','','','','','','0000-00-00 00:00:00','0000-00-00 00:00:00',0,'0000-00-00 00:00:00',0),(2139,93,0,'Paul (Ava & Myola)','Hayes','','ava@avadub.com','5f4dcc3b5aa765d61d8327deb882cf99','Paul (Ava & Myola) Hayes','412084097','','','','','','','0000-00-00 00:00:00','0000-00-00 00:00:00',0,'0000-00-00 00:00:00',0),(2140,94,0,'Dru','Haywood','','anhedonia27@yahoo.com.au','5f4dcc3b5aa765d61d8327deb882cf99','Dru Haywood','414246981','','','','','','','0000-00-00 00:00:00','0000-00-00 00:00:00',0,'0000-00-00 00:00:00',0),(2141,95,0,'Alison','Heeley','218756S1','ajheeley@hotkey.net.au','5f4dcc3b5aa765d61d8327deb882cf99','Alison Heeley','418523210','','','','','','','0000-00-00 00:00:00','0000-00-00 00:00:00',0,'0000-00-00 00:00:00',0),(2142,96,0,'Gull ','Herzberg','','gulljh@gmail.com','5f4dcc3b5aa765d61d8327deb882cf99','Gull  Herzberg','417363055','','','','','','','0000-00-00 00:00:00','0000-00-00 00:00:00',0,'0000-00-00 00:00:00',0),(2143,97,0,'maryanne','heslop','','maryanneheslop@mac.com','5f4dcc3b5aa765d61d8327deb882cf99','maryanne heslop','401515211','','','','','','','0000-00-00 00:00:00','0000-00-00 00:00:00',0,'0000-00-00 00:00:00',0),(2144,98,0,'Vickie ','Hill','','vickie@nanoblue.com','5f4dcc3b5aa765d61d8327deb882cf99','Vickie  Hill','413517755','','','','','','','0000-00-00 00:00:00','0000-00-00 00:00:00',0,'0000-00-00 00:00:00',0),(2145,99,0,'Nina','Hogel','','ninahogel@yahoo.com.au','5f4dcc3b5aa765d61d8327deb882cf99','Nina Hogel','419369586','','','','','','','0000-00-00 00:00:00','0000-00-00 00:00:00',0,'0000-00-00 00:00:00',0),(2146,100,0,'My','Holland','','My.bellingen@gmail.com','5f4dcc3b5aa765d61d8327deb882cf99','My Holland','266559230','','','','','','','0000-00-00 00:00:00','0000-00-00 00:00:00',0,'0000-00-00 00:00:00',0),(2147,101,0,'Lisa','Holley','','lisa1holley@gmail.com','5f4dcc3b5aa765d61d8327deb882cf99','Lisa Holley','435022716 66513238','','','','','','','0000-00-00 00:00:00','0000-00-00 00:00:00',0,'0000-00-00 00:00:00',0),(2148,102,0,'Marg','Hopper','','marghopper@gmail.com','5f4dcc3b5aa765d61d8327deb882cf99','Marg Hopper','408447306','','','','','','','0000-00-00 00:00:00','0000-00-00 00:00:00',0,'0000-00-00 00:00:00',0),(2149,103,0,'Bryony','Horton','','bryony@horton.id.au','5f4dcc3b5aa765d61d8327deb882cf99','Bryony Horton','403891397','','','','','','','0000-00-00 00:00:00','0000-00-00 00:00:00',0,'0000-00-00 00:00:00',0),(2150,104,0,'Roger & Jill','Horton & Everett','','rogerandjill@bigpond.com','5f4dcc3b5aa765d61d8327deb882cf99','Roger & Jill Horton & Everett','403704795','','','','','','','0000-00-00 00:00:00','0000-00-00 00:00:00',0,'0000-00-00 00:00:00',0),(2151,105,0,'Pattie','Hoschke','','hosco10@hotmail.com','5f4dcc3b5aa765d61d8327deb882cf99','Pattie Hoschke','266552000','','','','','','','0000-00-00 00:00:00','0000-00-00 00:00:00',0,'0000-00-00 00:00:00',0),(2152,106,0,'janine','howe','','info@formatc.com.au','5f4dcc3b5aa765d61d8327deb882cf99','janine howe','266550127','','','','','','','0000-00-00 00:00:00','0000-00-00 00:00:00',0,'0000-00-00 00:00:00',0),(2153,107,0,'Julie ','Husband','','julia.husband@rocketmail.com','5f4dcc3b5aa765d61d8327deb882cf99','Julie  Husband','427026619','','','','','','','0000-00-00 00:00:00','0000-00-00 00:00:00',0,'0000-00-00 00:00:00',0),(2154,108,0,'Victoria','Hutchings','','mv_ox@bigpond.com','5f4dcc3b5aa765d61d8327deb882cf99','Victoria Hutchings','266552710','','','','','','','0000-00-00 00:00:00','0000-00-00 00:00:00',0,'0000-00-00 00:00:00',0),(2155,109,0,'Elizabeth','Hutchison','','moredash@gmail.com','5f4dcc3b5aa765d61d8327deb882cf99','Elizabeth Hutchison','266571827','','','','','','','0000-00-00 00:00:00','0000-00-00 00:00:00',0,'0000-00-00 00:00:00',0),(2156,110,0,'Anna','Jandzio','','ajandzio@sctelco.net.au','5f4dcc3b5aa765d61d8327deb882cf99','Anna Jandzio','266550536','','','','','','','0000-00-00 00:00:00','0000-00-00 00:00:00',0,'0000-00-00 00:00:00',0),(2157,111,0,'Libby','Jarvis','','libbyjarvis@yahoo.com','5f4dcc3b5aa765d61d8327deb882cf99','Libby Jarvis','439023671','','','','','','','0000-00-00 00:00:00','0000-00-00 00:00:00',0,'0000-00-00 00:00:00',0),(2158,112,0,'Julie','Jenkins','','jjgj@bigpond.net.au','5f4dcc3b5aa765d61d8327deb882cf99','Julie Jenkins','266572710','','','','','','','0000-00-00 00:00:00','0000-00-00 00:00:00',0,'0000-00-00 00:00:00',0),(2159,113,0,'Lynn','Jensen','','lynnklarskov@yahoo.com.au','5f4dcc3b5aa765d61d8327deb882cf99','Lynn Jensen','428891468','','','','','','','0000-00-00 00:00:00','0000-00-00 00:00:00',0,'0000-00-00 00:00:00',0),(2160,114,0,'Liz','Jeremy','','ljeremy@bellingen.nsw.gov.au,  info@coastalwardrobes.com.au','5f4dcc3b5aa765d61d8327deb882cf99','Liz Jeremy','408269329','','','','','','','0000-00-00 00:00:00','0000-00-00 00:00:00',0,'0000-00-00 00:00:00',0),(2161,115,0,'Jeanette','John  ','','jeanette@mm4jj.com','5f4dcc3b5aa765d61d8327deb882cf99','Jeanette John  ','405946052','','','','','','','0000-00-00 00:00:00','0000-00-00 00:00:00',0,'0000-00-00 00:00:00',0),(2162,116,0,'Jason and Toni','John / Lawson','','jasonrobertjohn@gmail.com','5f4dcc3b5aa765d61d8327deb882cf99','Jason and Toni John / Lawson','266551059','','','','','','','0000-00-00 00:00:00','0000-00-00 00:00:00',0,'0000-00-00 00:00:00',0),(2163,117,0,'Mandi','Jones','','jonesmac1@bigpond.com','5f4dcc3b5aa765d61d8327deb882cf99','Mandi Jones','413954785','','','','','','','0000-00-00 00:00:00','0000-00-00 00:00:00',0,'0000-00-00 00:00:00',0),(2164,118,0,'Chelsea','Jones','','chelsj91@hotmail.com','5f4dcc3b5aa765d61d8327deb882cf99','Chelsea Jones','437772732','','','','','','','0000-00-00 00:00:00','0000-00-00 00:00:00',0,'0000-00-00 00:00:00',0),(2165,119,0,'Anna','Juodvalkis','BCU 209674','anna@here.com.au','5f4dcc3b5aa765d61d8327deb882cf99','Anna Juodvalkis','026655 9273','','','','','','','0000-00-00 00:00:00','0000-00-00 00:00:00',0,'0000-00-00 00:00:00',0),(2166,120,0,'Libby','Kartzoff','away for 2 months','','5f4dcc3b5aa765d61d8327deb882cf99','Libby Kartzoff','66552856','','','','','','','0000-00-00 00:00:00','0000-00-00 00:00:00',0,'0000-00-00 00:00:00',0),(2167,121,0,'Ann','Kethel','169547S1','ann_kethel@hotmail.com','5f4dcc3b5aa765d61d8327deb882cf99','Ann Kethel','266555094','','','','','','','0000-00-00 00:00:00','0000-00-00 00:00:00',0,'0000-00-00 00:00:00',0),(2168,122,0,'Dominic','King','','k_dominic@skymesh.com.au','5f4dcc3b5aa765d61d8327deb882cf99','Dominic King','266552003','','','','','','','0000-00-00 00:00:00','0000-00-00 00:00:00',0,'0000-00-00 00:00:00',0),(2169,123,0,'Karen','Knight','','sublimespirit@gmail.com','5f4dcc3b5aa765d61d8327deb882cf99','Karen Knight','414582355','','','','','','','0000-00-00 00:00:00','0000-00-00 00:00:00',0,'0000-00-00 00:00:00',0),(2170,124,0,'Len','Knight','','','5f4dcc3b5aa765d61d8327deb882cf99','Len Knight','','','','','','','','0000-00-00 00:00:00','0000-00-00 00:00:00',0,'0000-00-00 00:00:00',0),(2171,125,0,'Carole','Kostanich','','rosestreetfilms@yahoo.com.au','5f4dcc3b5aa765d61d8327deb882cf99','Carole Kostanich','266554265','','','','','','','0000-00-00 00:00:00','0000-00-00 00:00:00',0,'0000-00-00 00:00:00',0),(2172,126,0,'tali','krieger','','anicca09@gmail.com','5f4dcc3b5aa765d61d8327deb882cf99','tali krieger','026655 9131','','','','','','','0000-00-00 00:00:00','0000-00-00 00:00:00',0,'0000-00-00 00:00:00',0),(2173,127,0,'Sarah','Kruger','','sarah_kruger@live.com','5f4dcc3b5aa765d61d8327deb882cf99','Sarah Kruger','401332201','','','','','','','0000-00-00 00:00:00','0000-00-00 00:00:00',0,'0000-00-00 00:00:00',0),(2174,128,0,'Usha','Kumbla','','','5f4dcc3b5aa765d61d8327deb882cf99','Usha Kumbla','403220603','','','','','','','0000-00-00 00:00:00','0000-00-00 00:00:00',0,'0000-00-00 00:00:00',0),(2175,129,0,'Ellie','Lakota','','elakota@bellingen.nsw.gov.au','5f4dcc3b5aa765d61d8327deb882cf99','Ellie Lakota','266557300','','','','','','','0000-00-00 00:00:00','0000-00-00 00:00:00',0,'0000-00-00 00:00:00',0),(2176,130,0,'Sarah','Langley','','sarahjlangley@gmail.com','5f4dcc3b5aa765d61d8327deb882cf99','Sarah Langley','266538755','','','','','','','0000-00-00 00:00:00','0000-00-00 00:00:00',0,'0000-00-00 00:00:00',0),(2177,131,0,'Kerri','Larkin','','kerrilarkin@yahoo.com','5f4dcc3b5aa765d61d8327deb882cf99','Kerri Larkin','425201443','','','','','','','0000-00-00 00:00:00','0000-00-00 00:00:00',0,'0000-00-00 00:00:00',0),(2178,132,0,'rose','law','','rclaw60@nesshay.com.au','5f4dcc3b5aa765d61d8327deb882cf99','rose law','416141194','','','','','','','0000-00-00 00:00:00','0000-00-00 00:00:00',0,'0000-00-00 00:00:00',0),(2179,133,0,'Sandra','Lee','no longer ordering','sandralee43@bigpond.com','5f4dcc3b5aa765d61d8327deb882cf99','Sandra Lee','266559975','','','','','','','0000-00-00 00:00:00','0000-00-00 00:00:00',0,'0000-00-00 00:00:00',0),(2180,134,0,'Sarah','Leek','','','5f4dcc3b5aa765d61d8327deb882cf99','Sarah Leek','6655 0297','','','','','','','0000-00-00 00:00:00','0000-00-00 00:00:00',0,'0000-00-00 00:00:00',0),(2181,135,0,'Rebecca','Lipscombe','ref 3368','r.lipscombe83@hotmail.com','5f4dcc3b5aa765d61d8327deb882cf99','Rebecca Lipscombe','416814436','','','','','','','0000-00-00 00:00:00','0000-00-00 00:00:00',0,'0000-00-00 00:00:00',0),(2182,136,0,'betty','louden','','bettylouden@hotmail.com','5f4dcc3b5aa765d61d8327deb882cf99','betty louden','266531929','','','','','','','0000-00-00 00:00:00','0000-00-00 00:00:00',0,'0000-00-00 00:00:00',0),(2183,137,0,'Kim','Luckie','','','5f4dcc3b5aa765d61d8327deb882cf99','Kim Luckie','','','','','','','','0000-00-00 00:00:00','0000-00-00 00:00:00',0,'0000-00-00 00:00:00',0),(2184,138,0,'Ashar','Lumsdaine','','ashar.lumsdaine@gmail.com','5f4dcc3b5aa765d61d8327deb882cf99','Ashar Lumsdaine','423301211','','','','','','','0000-00-00 00:00:00','0000-00-00 00:00:00',0,'0000-00-00 00:00:00',0),(2185,139,0,'Vicky','Mackenzie','','enviroart@live.com.au','5f4dcc3b5aa765d61d8327deb882cf99','Vicky Mackenzie','488773622','','','','','','','0000-00-00 00:00:00','0000-00-00 00:00:00',0,'0000-00-00 00:00:00',0),(2186,140,0,'Caryn','Maher','','caryn.maher@yahoo.com','5f4dcc3b5aa765d61d8327deb882cf99','Caryn Maher','266551731','','','','','','','0000-00-00 00:00:00','0000-00-00 00:00:00',0,'0000-00-00 00:00:00',0),(2187,141,0,'Enrico','Malcisi','','enricomalcisi@gmail.com','5f4dcc3b5aa765d61d8327deb882cf99','Enrico Malcisi','409157898','','','','','','','0000-00-00 00:00:00','0000-00-00 00:00:00',0,'0000-00-00 00:00:00',0),(2188,142,0,'Kyle','Maloney','','Kylerowanmaloney@hotmail.com','5f4dcc3b5aa765d61d8327deb882cf99','Kyle Maloney','414705953','','','','','','','0000-00-00 00:00:00','0000-00-00 00:00:00',0,'0000-00-00 00:00:00',0),(2189,143,0,'BFB','MARKETING','','','5f4dcc3b5aa765d61d8327deb882cf99','BFB MARKETING','','','','','','','','0000-00-00 00:00:00','0000-00-00 00:00:00',0,'0000-00-00 00:00:00',0),(2190,144,0,'Kendal','Marsland','','kendalmarsland@hotmail.com','5f4dcc3b5aa765d61d8327deb882cf99','Kendal Marsland','417157222','','','','','','','0000-00-00 00:00:00','0000-00-00 00:00:00',0,'0000-00-00 00:00:00',0),(2191,145,0,'Jo','mason','','jo.mason@scu.edu.au','5f4dcc3b5aa765d61d8327deb882cf99','Jo mason','432994951','','','','','','','0000-00-00 00:00:00','0000-00-00 00:00:00',0,'0000-00-00 00:00:00',0),(2192,146,0,'Justine','Maunsell','','justine.maunsell@bigpond.com','5f4dcc3b5aa765d61d8327deb882cf99','Justine Maunsell','422441887','','','','','','','0000-00-00 00:00:00','0000-00-00 00:00:00',0,'0000-00-00 00:00:00',0),(2193,147,0,'Pearl','Maya','choose no deposit','mountaingirlrae@gmail.com','5f4dcc3b5aa765d61d8327deb882cf99','Pearl Maya','61266552970','','','','','','','0000-00-00 00:00:00','0000-00-00 00:00:00',0,'0000-00-00 00:00:00',0),(2194,148,0,'Sara','McCafferty','','saramccafferty@yahoo.com','5f4dcc3b5aa765d61d8327deb882cf99','Sara McCafferty','409462201','','','','','','','0000-00-00 00:00:00','0000-00-00 00:00:00',0,'0000-00-00 00:00:00',0),(2195,149,0,'Annie','McCallum Carty','','anniemcc@bigpond.com','5f4dcc3b5aa765d61d8327deb882cf99','Annie McCallum Carty','266551627','','','','','','','0000-00-00 00:00:00','0000-00-00 00:00:00',0,'0000-00-00 00:00:00',0),(2196,150,0,'Linda','McCarthy','','lindamccarthy2@bigpond.com','5f4dcc3b5aa765d61d8327deb882cf99','Linda McCarthy','457747984','','','','','','','0000-00-00 00:00:00','0000-00-00 00:00:00',0,'0000-00-00 00:00:00',0),(2197,151,0,'Neil','McCosh','','valeryboys@gmail.com','5f4dcc3b5aa765d61d8327deb882cf99','Neil McCosh','266535870','','','','','','','0000-00-00 00:00:00','0000-00-00 00:00:00',0,'0000-00-00 00:00:00',0),(2198,152,0,'Rebecca','McFarlane','','rmcfarlane@bellingen.nsw.gov.au','5f4dcc3b5aa765d61d8327deb882cf99','Rebecca McFarlane','266557324','','','','','','','0000-00-00 00:00:00','0000-00-00 00:00:00',0,'0000-00-00 00:00:00',0),(2199,153,0,'Gerry','McGilvray','','gerrimiah@hotmail.com','5f4dcc3b5aa765d61d8327deb882cf99','Gerry McGilvray','266523317','','','','','','','0000-00-00 00:00:00','0000-00-00 00:00:00',0,'0000-00-00 00:00:00',0),(2200,154,0,'Anita','Menhofer','','menhofer@activ8.net.au','5f4dcc3b5aa765d61d8327deb882cf99','Anita Menhofer','266571823','','','','','','','0000-00-00 00:00:00','0000-00-00 00:00:00',0,'0000-00-00 00:00:00',0),(2201,155,0,'Deborah ','Meredith','','','5f4dcc3b5aa765d61d8327deb882cf99','Deborah  Meredith','403475969','','','','','','','0000-00-00 00:00:00','0000-00-00 00:00:00',0,'0000-00-00 00:00:00',0),(2202,156,0,'Beverley','Miles','','','5f4dcc3b5aa765d61d8327deb882cf99','Beverley Miles','266554039','','','','','','','0000-00-00 00:00:00','0000-00-00 00:00:00',0,'0000-00-00 00:00:00',0),(2203,157,0,'Jade','Miller','','','5f4dcc3b5aa765d61d8327deb882cf99','Jade Miller','400272353','','','','','','','0000-00-00 00:00:00','0000-00-00 00:00:00',0,'0000-00-00 00:00:00',0),(2204,158,0,'Fiona','Minto','','fionahippo@hotmail.com','5f4dcc3b5aa765d61d8327deb882cf99','Fiona Minto','401155141','','','','','','','0000-00-00 00:00:00','0000-00-00 00:00:00',0,'0000-00-00 00:00:00',0),(2205,159,0,'Gail','Moloney','','gail.moloney@scu.edu.au','5f4dcc3b5aa765d61d8327deb882cf99','Gail Moloney','266509809','','','','','','','0000-00-00 00:00:00','0000-00-00 00:00:00',0,'0000-00-00 00:00:00',0),(2206,160,0,'Matt','Morgan','','Matt@mm4jj.com','5f4dcc3b5aa765d61d8327deb882cf99','Matt Morgan','466677559','','','','','','','0000-00-00 00:00:00','0000-00-00 00:00:00',0,'0000-00-00 00:00:00',0),(2207,161,0,'Angelina','Morley','','angelina.2828@hotmail.com','5f4dcc3b5aa765d61d8327deb882cf99','Angelina Morley','428287878','','','','','','','0000-00-00 00:00:00','0000-00-00 00:00:00',0,'0000-00-00 00:00:00',0),(2208,162,0,'Elle','Morrell','','','5f4dcc3b5aa765d61d8327deb882cf99','Elle Morrell','','','','','','','','0000-00-00 00:00:00','0000-00-00 00:00:00',0,'0000-00-00 00:00:00',0),(2209,163,0,'woo','morris','','woo1@westnet.com.au','5f4dcc3b5aa765d61d8327deb882cf99','woo morris','266550599','','','','','','','0000-00-00 00:00:00','0000-00-00 00:00:00',0,'0000-00-00 00:00:00',0),(2210,164,0,'Jane','Mosco','','janemosco@gmail.com','5f4dcc3b5aa765d61d8327deb882cf99','Jane Mosco','432369123','','','','','','','0000-00-00 00:00:00','0000-00-00 00:00:00',0,'0000-00-00 00:00:00',0),(2211,165,0,'Brenda ','Mulhearn ','*hold until further notice','mully06@bigpond.com','5f4dcc3b5aa765d61d8327deb882cf99','Brenda  Mulhearn ','266511603','','','','','','','0000-00-00 00:00:00','0000-00-00 00:00:00',0,'0000-00-00 00:00:00',0),(2212,166,0,'Pam ','Murphy','','wamutjan@gmail.com','5f4dcc3b5aa765d61d8327deb882cf99','Pam  Murphy','427729860','','','','','','','0000-00-00 00:00:00','0000-00-00 00:00:00',0,'0000-00-00 00:00:00',0),(2213,167,0,'Bruce','Naylor','','brnaylor@optusnet.com.au','5f4dcc3b5aa765d61d8327deb882cf99','Bruce Naylor','415415706','','','','','','','0000-00-00 00:00:00','0000-00-00 00:00:00',0,'0000-00-00 00:00:00',0),(2214,168,0,'Paul','Nebauer','','','5f4dcc3b5aa765d61d8327deb882cf99','Paul Nebauer','6655 1011','','','','','','','0000-00-00 00:00:00','0000-00-00 00:00:00',0,'0000-00-00 00:00:00',0),(2215,169,0,'Joseph','Newton','','','5f4dcc3b5aa765d61d8327deb882cf99','Joseph Newton','','','','','','','','0000-00-00 00:00:00','0000-00-00 00:00:00',0,'0000-00-00 00:00:00',0),(2216,170,0,'Jane','Noack','216851S3','Jane.noack@yahoo.com.au','5f4dcc3b5aa765d61d8327deb882cf99','Jane Noack','432844870','','','','','','','0000-00-00 00:00:00','0000-00-00 00:00:00',0,'0000-00-00 00:00:00',0),(2217,171,0,'Helen','O\'Callaghan','choose no dep.','woolfordfamily@bigpond.com','5f4dcc3b5aa765d61d8327deb882cf99','Helen O\'Callaghan','266525985','','','','','','','0000-00-00 00:00:00','0000-00-00 00:00:00',0,'0000-00-00 00:00:00',0),(2218,172,0,'Catherine','Overgaard','','catherine@rin.net.au','5f4dcc3b5aa765d61d8327deb882cf99','Catherine Overgaard','266571341','','','','','','','0000-00-00 00:00:00','0000-00-00 00:00:00',0,'0000-00-00 00:00:00',0),(2219,173,0,'Dallas','Oxford','','dallasoxford@bigpond.com','5f4dcc3b5aa765d61d8327deb882cf99','Dallas Oxford','266517486','','','','','','','0000-00-00 00:00:00','0000-00-00 00:00:00',0,'0000-00-00 00:00:00',0),(2220,174,0,'laura','pakarinen','','adamnlawz@hotmail.com','5f4dcc3b5aa765d61d8327deb882cf99','laura pakarinen','410570083','','','','','','','0000-00-00 00:00:00','0000-00-00 00:00:00',0,'0000-00-00 00:00:00',0),(2221,175,0,'Libby','Park','','libby_park@bigpond.com','5f4dcc3b5aa765d61d8327deb882cf99','Libby Park','411049707','','','','','','','0000-00-00 00:00:00','0000-00-00 00:00:00',0,'0000-00-00 00:00:00',0),(2222,176,0,'Kathryn','Park','','','5f4dcc3b5aa765d61d8327deb882cf99','Kathryn Park','','','','','','','','0000-00-00 00:00:00','0000-00-00 00:00:00',0,'0000-00-00 00:00:00',0),(2223,177,0,'Vicki','Parkes','','vparkes@westnet.com.au','5f4dcc3b5aa765d61d8327deb882cf99','Vicki Parkes','266559715','','','','','','','0000-00-00 00:00:00','0000-00-00 00:00:00',0,'0000-00-00 00:00:00',0),(2224,178,0,'Sandra','Parriott','','sparriot@bigpond.net.au','5f4dcc3b5aa765d61d8327deb882cf99','Sandra Parriott','416070961','','','','','','','0000-00-00 00:00:00','0000-00-00 00:00:00',0,'0000-00-00 00:00:00',0),(2225,179,0,'Aline','Pavy','','alinepavy@gmail.com','5f4dcc3b5aa765d61d8327deb882cf99','Aline Pavy','430904111','','','','','','','0000-00-00 00:00:00','0000-00-00 00:00:00',0,'0000-00-00 00:00:00',0),(2226,180,0,'Juliana','Pelmore','','juliana.an@gmail.com','5f4dcc3b5aa765d61d8327deb882cf99','Juliana Pelmore','407828677','','','','','','','0000-00-00 00:00:00','0000-00-00 00:00:00',0,'0000-00-00 00:00:00',0),(2227,181,0,'Melissa','Perrot','orders with Anna Swift','mperrot@bigpond.net.au','5f4dcc3b5aa765d61d8327deb882cf99','Melissa Perrot','411700873','','','','','','','0000-00-00 00:00:00','0000-00-00 00:00:00',0,'0000-00-00 00:00:00',0),(2228,182,0,'Margot','Pleasant','','','5f4dcc3b5aa765d61d8327deb882cf99','Margot Pleasant','','','','','','','','0000-00-00 00:00:00','0000-00-00 00:00:00',0,'0000-00-00 00:00:00',0),(2229,183,0,'Stephen','provost','','stephenprovost99@gmail.com','5f4dcc3b5aa765d61d8327deb882cf99','Stephen provost','266593304','','','','','','','0000-00-00 00:00:00','0000-00-00 00:00:00',0,'0000-00-00 00:00:00',0),(2230,184,0,'Kate','Pullinger','','dan_kate@bigpond.net.au','5f4dcc3b5aa765d61d8327deb882cf99','Kate Pullinger','422188504','','','','','','','0000-00-00 00:00:00','0000-00-00 00:00:00',0,'0000-00-00 00:00:00',0),(2231,185,0,'Lauren','Puls','','laurenpuls16@yahoo.com.au','5f4dcc3b5aa765d61d8327deb882cf99','Lauren Puls','266554473','','','','','','','0000-00-00 00:00:00','0000-00-00 00:00:00',0,'0000-00-00 00:00:00',0),(2232,186,0,'Maggie','Quirk','','maggie@bellbottom.com.au','5f4dcc3b5aa765d61d8327deb882cf99','Maggie Quirk','403675326','','','','','','','0000-00-00 00:00:00','0000-00-00 00:00:00',0,'0000-00-00 00:00:00',0),(2233,187,0,'Skye','Ravenscroft','','skye.ravenscroft@gmail.com','5f4dcc3b5aa765d61d8327deb882cf99','Skye Ravenscroft','1410591254','','','','','','','0000-00-00 00:00:00','0000-00-00 00:00:00',0,'0000-00-00 00:00:00',0),(2234,188,0,'Brendan','Rennison','','bmremison@westnet.com.au','5f4dcc3b5aa765d61d8327deb882cf99','Brendan Rennison','428544054','','','','','','','0000-00-00 00:00:00','0000-00-00 00:00:00',0,'0000-00-00 00:00:00',0),(2235,189,0,'Lynn','Reynell','','lynn.reynell563@gmail.com','5f4dcc3b5aa765d61d8327deb882cf99','Lynn Reynell','266554991','','','','','','','0000-00-00 00:00:00','0000-00-00 00:00:00',0,'0000-00-00 00:00:00',0),(2236,190,0,'Amanda','Ridgewell','','eyetothetelescope@gmail.com','5f4dcc3b5aa765d61d8327deb882cf99','Amanda Ridgewell','411832662','','','','','','','0000-00-00 00:00:00','0000-00-00 00:00:00',0,'0000-00-00 00:00:00',0),(2237,191,0,'Eva','Ritchie','','','5f4dcc3b5aa765d61d8327deb882cf99','Eva Ritchie','','','','','','','','0000-00-00 00:00:00','0000-00-00 00:00:00',0,'0000-00-00 00:00:00',0),(2238,192,0,'Lauren','Robertson','S11','laurenrobertson@live.com.au','5f4dcc3b5aa765d61d8327deb882cf99','Lauren Robertson','404116550','','','','','','','0000-00-00 00:00:00','0000-00-00 00:00:00',0,'0000-00-00 00:00:00',0),(2239,193,0,'Nicci','Robertson','','','5f4dcc3b5aa765d61d8327deb882cf99','Nicci Robertson','','','','','','','','0000-00-00 00:00:00','0000-00-00 00:00:00',0,'0000-00-00 00:00:00',0),(2240,194,0,'Reni','Rohrl','','reni@westnet.com.au','5f4dcc3b5aa765d61d8327deb882cf99','Reni Rohrl','266559212','','','','','','','0000-00-00 00:00:00','0000-00-00 00:00:00',0,'0000-00-00 00:00:00',0),(2241,195,0,'Ann','Rosewood','','ann_rose@bigpond.net.au','5f4dcc3b5aa765d61d8327deb882cf99','Ann Rosewood','266552204','','','','','','','0000-00-00 00:00:00','0000-00-00 00:00:00',0,'0000-00-00 00:00:00',0),(2242,196,0,'Nicole','Ruigrok','','lokinicole@gmail.com','5f4dcc3b5aa765d61d8327deb882cf99','Nicole Ruigrok','425218999','','','','','','','0000-00-00 00:00:00','0000-00-00 00:00:00',0,'0000-00-00 00:00:00',0),(2243,197,0,'sharna','Russell','','Sharna.russell@gmail.com','5f4dcc3b5aa765d61d8327deb882cf99','sharna Russell','423285619','','','','','','','0000-00-00 00:00:00','0000-00-00 00:00:00',0,'0000-00-00 00:00:00',0),(2244,198,0,'Guy','Saddleton','','','5f4dcc3b5aa765d61d8327deb882cf99','Guy Saddleton','','','','','','','','0000-00-00 00:00:00','0000-00-00 00:00:00',0,'0000-00-00 00:00:00',0),(2245,199,0,'keiron','sames','','keironlse@hotmail.com','5f4dcc3b5aa765d61d8327deb882cf99','keiron sames','266538742','','','','','','','0000-00-00 00:00:00','0000-00-00 00:00:00',0,'0000-00-00 00:00:00',0),(2246,200,0,'Josh','Saunders','','josh@lunchface.net','5f4dcc3b5aa765d61d8327deb882cf99','Josh Saunders','488491361','','','','','','','0000-00-00 00:00:00','0000-00-00 00:00:00',0,'0000-00-00 00:00:00',0),(2247,201,0,'Tim','Scanlon','','timscanlon0@gmail.com','5f4dcc3b5aa765d61d8327deb882cf99','Tim Scanlon','266550052','','','','','','','0000-00-00 00:00:00','0000-00-00 00:00:00',0,'0000-00-00 00:00:00',0),(2248,202,0,'Ute','Schulenberg','','','5f4dcc3b5aa765d61d8327deb882cf99','Ute Schulenberg','','','','','','','','0000-00-00 00:00:00','0000-00-00 00:00:00',0,'0000-00-00 00:00:00',0),(2249,203,0,'Melissa ','Sheehy','','melsheehy@hotmail.com','5f4dcc3b5aa765d61d8327deb882cf99','Melissa  Sheehy','438827056','','','','','','','0000-00-00 00:00:00','0000-00-00 00:00:00',0,'0000-00-00 00:00:00',0),(2250,204,0,'Lisa','Siegel','last box 5/9 until mid Oct.','las@westnet.com.au','5f4dcc3b5aa765d61d8327deb882cf99','Lisa Siegel','423362844','','','','','','','0000-00-00 00:00:00','0000-00-00 00:00:00',0,'0000-00-00 00:00:00',0),(2251,205,0,'Alison','Skinn','','a.skinn@bom.gov.au','5f4dcc3b5aa765d61d8327deb882cf99','Alison Skinn','412855535','','','','','','','0000-00-00 00:00:00','0000-00-00 00:00:00',0,'0000-00-00 00:00:00',0),(2252,206,0,'Steve / May','Smith','','mayatthora@hotmail.com','5f4dcc3b5aa765d61d8327deb882cf99','Steve / May Smith','409125818','','','','','','','0000-00-00 00:00:00','0000-00-00 00:00:00',0,'0000-00-00 00:00:00',0),(2253,207,0,'Ray','Smith','','raysmith2468@hotmail.com','5f4dcc3b5aa765d61d8327deb882cf99','Ray Smith','123456789','','','','','','','0000-00-00 00:00:00','0000-00-00 00:00:00',0,'0000-00-00 00:00:00',0),(2254,208,0,'Glen','Smith','','glensmith90@hotmail.com','5f4dcc3b5aa765d61d8327deb882cf99','Glen Smith','','','','','','','','0000-00-00 00:00:00','0000-00-00 00:00:00',0,'0000-00-00 00:00:00',0),(2255,209,0,'Lucy','Smith','','scarletts_mum@hotmail.com','5f4dcc3b5aa765d61d8327deb882cf99','Lucy Smith','','','','','','','','0000-00-00 00:00:00','0000-00-00 00:00:00',0,'0000-00-00 00:00:00',0),(2256,210,0,'Andrew','Somerville','','','5f4dcc3b5aa765d61d8327deb882cf99','Andrew Somerville','','','','','','','','0000-00-00 00:00:00','0000-00-00 00:00:00',0,'0000-00-00 00:00:00',0),(2257,211,0,'Donna','Sowman','','donnasowman@hotmail.com','5f4dcc3b5aa765d61d8327deb882cf99','Donna Sowman','266559896','','','','','','','0000-00-00 00:00:00','0000-00-00 00:00:00',0,'0000-00-00 00:00:00',0),(2258,212,0,'Emma','Stachiw','','rhythmoflight@hotmail.com','5f4dcc3b5aa765d61d8327deb882cf99','Emma Stachiw','422289852','','','','','','','0000-00-00 00:00:00','0000-00-00 00:00:00',0,'0000-00-00 00:00:00',0),(2259,213,0,'Gai','Stern','','','5f4dcc3b5aa765d61d8327deb882cf99','Gai Stern','','','','','','','','0000-00-00 00:00:00','0000-00-00 00:00:00',0,'0000-00-00 00:00:00',0),(2260,214,0,'Rachael','Stewart-Rattray','','rachaelsr@oemg-global.com','5f4dcc3b5aa765d61d8327deb882cf99','Rachael Stewart-Rattray','423112472','','','','','','','0000-00-00 00:00:00','0000-00-00 00:00:00',0,'0000-00-00 00:00:00',0),(2261,215,0,'Cati','Storm','','topcati@hotmail.com','5f4dcc3b5aa765d61d8327deb882cf99','Cati Storm','424734567','','','','','','','0000-00-00 00:00:00','0000-00-00 00:00:00',0,'0000-00-00 00:00:00',0),(2262,216,0,'Yvette','Stride','','yvette_stride@yahoo.com','5f4dcc3b5aa765d61d8327deb882cf99','Yvette Stride','414796240','','','','','','','0000-00-00 00:00:00','0000-00-00 00:00:00',0,'0000-00-00 00:00:00',0),(2263,217,0,'Barry','Summerfield','','barry.summerfield@bigpond.com','5f4dcc3b5aa765d61d8327deb882cf99','Barry Summerfield','','','','','','','','0000-00-00 00:00:00','0000-00-00 00:00:00',0,'0000-00-00 00:00:00',0),(2264,218,0,'Anna','Swift','','lorusswift@hotmail.com','5f4dcc3b5aa765d61d8327deb882cf99','Anna Swift','418468577','','','','','','','0000-00-00 00:00:00','0000-00-00 00:00:00',0,'0000-00-00 00:00:00',0),(2265,219,0,'Amber','Tarling','','ambertarling@gmail.com','5f4dcc3b5aa765d61d8327deb882cf99','Amber Tarling','266559036','','','','','','','0000-00-00 00:00:00','0000-00-00 00:00:00',0,'0000-00-00 00:00:00',0),(2266,220,0,'Caroline','Thomas','','caroway78@hotmail.com','5f4dcc3b5aa765d61d8327deb882cf99','Caroline Thomas','421645360','','','','','','','0000-00-00 00:00:00','0000-00-00 00:00:00',0,'0000-00-00 00:00:00',0),(2267,221,0,'Karen','Thompson','','Karenwillmervet@hotmail.com','5f4dcc3b5aa765d61d8327deb882cf99','Karen Thompson','448124490','','','','','','','0000-00-00 00:00:00','0000-00-00 00:00:00',0,'0000-00-00 00:00:00',0),(2268,222,0,'david','thorn','choose no deposit, AWAY','info@dmtphotography.com.au','5f4dcc3b5aa765d61d8327deb882cf99','david thorn','266553966','','','','','','','0000-00-00 00:00:00','0000-00-00 00:00:00',0,'0000-00-00 00:00:00',0),(2269,223,0,'Alli & Ant','Tomasi','','a.tomasi@bigpond.com','5f4dcc3b5aa765d61d8327deb882cf99','Alli & Ant Tomasi','266558846','','','','','','','0000-00-00 00:00:00','0000-00-00 00:00:00',0,'0000-00-00 00:00:00',0),(2270,224,0,'Atlanta','Urunga Primary School','*fundraiser to pick up on Friday','','5f4dcc3b5aa765d61d8327deb882cf99','Atlanta Urunga Primary School','418462320','','','','','','','0000-00-00 00:00:00','0000-00-00 00:00:00',0,'0000-00-00 00:00:00',0),(2271,225,0,'Solange','Villarroel','fortnightly order','solsistersun@hotmail.com','5f4dcc3b5aa765d61d8327deb882cf99','Solange Villarroel','266552140','','','','','','','0000-00-00 00:00:00','0000-00-00 00:00:00',0,'0000-00-00 00:00:00',0),(2272,226,0,'Skye ','Vockler','','Skye_vockler@yahoo.com.au','5f4dcc3b5aa765d61d8327deb882cf99','Skye  Vockler','402626850','','','','','','','0000-00-00 00:00:00','0000-00-00 00:00:00',0,'0000-00-00 00:00:00',0),(2273,227,0,'Irene','Wallin','','treeferns@westnet.com.au','5f4dcc3b5aa765d61d8327deb882cf99','Irene Wallin','266559090','','','','','','','0000-00-00 00:00:00','0000-00-00 00:00:00',0,'0000-00-00 00:00:00',0),(2274,228,0,'Nick','Warfield','','','5f4dcc3b5aa765d61d8327deb882cf99','Nick Warfield','','','','','','','','0000-00-00 00:00:00','0000-00-00 00:00:00',0,'0000-00-00 00:00:00',0),(2275,229,0,'Leanne','Watson','','jess.alice4@bigpond.com','5f4dcc3b5aa765d61d8327deb882cf99','Leanne Watson','419404990','','','','','','','0000-00-00 00:00:00','0000-00-00 00:00:00',0,'0000-00-00 00:00:00',0),(2276,230,0,'polly','wells','','polly.wells3@gmail.com','5f4dcc3b5aa765d61d8327deb882cf99','polly wells','266551397','','','','','','','0000-00-00 00:00:00','0000-00-00 00:00:00',0,'0000-00-00 00:00:00',0),(2277,231,0,'Tom','White','','itsallwhite@hotmail.com','5f4dcc3b5aa765d61d8327deb882cf99','Tom White','411243865','','','','','','','0000-00-00 00:00:00','0000-00-00 00:00:00',0,'0000-00-00 00:00:00',0),(2278,232,0,'Sharon','White','ordered at Vol.day, never received.','swhite01@bigpond.net.au','5f4dcc3b5aa765d61d8327deb882cf99','Sharon White','437160883','','','','','','','0000-00-00 00:00:00','0000-00-00 00:00:00',0,'0000-00-00 00:00:00',0),(2279,233,0,'Judith','Williams','','','5f4dcc3b5aa765d61d8327deb882cf99','Judith Williams','','','','','','','','0000-00-00 00:00:00','0000-00-00 00:00:00',0,'0000-00-00 00:00:00',0),(2280,234,0,'Christine & Ross','Williams','','brwch@skymesh.com.au','5f4dcc3b5aa765d61d8327deb882cf99','Christine & Ross Williams','266558586','','','','','','','0000-00-00 00:00:00','0000-00-00 00:00:00',0,'0000-00-00 00:00:00',0),(2281,235,0,'Mark','Williamson','','lisawilliamson@tpg.com.au','5f4dcc3b5aa765d61d8327deb882cf99','Mark Williamson','265689094','','','','','','','0000-00-00 00:00:00','0000-00-00 00:00:00',0,'0000-00-00 00:00:00',0),(2282,236,0,'Stacey','Wills','','staciiwills@hotmail.com','5f4dcc3b5aa765d61d8327deb882cf99','Stacey Wills','266514985','','','','','','','0000-00-00 00:00:00','0000-00-00 00:00:00',0,'0000-00-00 00:00:00',0),(2283,237,0,'Maxine','Wilson','','brierfieldmama@bigpond.com','5f4dcc3b5aa765d61d8327deb882cf99','Maxine Wilson','413845566','','','','','','','0000-00-00 00:00:00','0000-00-00 00:00:00',0,'0000-00-00 00:00:00',0),(2284,238,0,'Jessica','Wilson','','jess.alice4@bigpond.com','5f4dcc3b5aa765d61d8327deb882cf99','Jessica Wilson','266551693','','','','','','','0000-00-00 00:00:00','0000-00-00 00:00:00',0,'0000-00-00 00:00:00',0),(2285,239,0,'Mary ','Winning','','info@bellofoodbox.org.au','5f4dcc3b5aa765d61d8327deb882cf99','Mary  Winning','266550308','','','','','','','0000-00-00 00:00:00','0000-00-00 00:00:00',0,'0000-00-00 00:00:00',0),(2286,240,0,'Leigh','Winter','','leigh.winter@bigpond.com','5f4dcc3b5aa765d61d8327deb882cf99','Leigh Winter','266551073','','','','','','','0000-00-00 00:00:00','0000-00-00 00:00:00',0,'0000-00-00 00:00:00',0),(2287,241,0,'Kathryn','Wood','','kathrynwood3@gmail.com','5f4dcc3b5aa765d61d8327deb882cf99','Kathryn Wood','427572309','','','','','','','0000-00-00 00:00:00','0000-00-00 00:00:00',0,'0000-00-00 00:00:00',0),(2288,242,0,'Errol & Fiona','Wood','','wallabytracks@hotmail.com','5f4dcc3b5aa765d61d8327deb882cf99','Errol & Fiona Wood','266551655','','','','','','','0000-00-00 00:00:00','0000-00-00 00:00:00',0,'0000-00-00 00:00:00',0),(2289,243,0,'Kassimiro','Yanga','','kassimiro.yanga@gmail.com','5f4dcc3b5aa765d61d8327deb882cf99','Kassimiro Yanga','421700580','','','','','','','0000-00-00 00:00:00','0000-00-00 00:00:00',0,'0000-00-00 00:00:00',0),(2290,244,0,'Yoyo','Yeung','','yoyo.chan@ymail.com','5f4dcc3b5aa765d61d8327deb882cf99','Yoyo Yeung','405437111','','','','','','','0000-00-00 00:00:00','0000-00-00 00:00:00',0,'0000-00-00 00:00:00',0),(2291,245,0,'Hag','','','','5f4dcc3b5aa765d61d8327deb882cf99','Hag ','','','','','','','','0000-00-00 00:00:00','0000-00-00 00:00:00',0,'0000-00-00 00:00:00',0);
/*!40000 ALTER TABLE `users` ENABLE KEYS */;
UNLOCK TABLES;

--
-- Table structure for table `weeks`
--

DROP TABLE IF EXISTS `weeks`;
/*!40101 SET @saved_cs_client     = @@character_set_client */;
/*!40101 SET character_set_client = utf8 */;
CREATE TABLE `weeks` (
  `week_id` int(11) NOT NULL AUTO_INCREMENT,
  `week_delivery_date` date DEFAULT NULL,
  `week_notes` varchar(45) DEFAULT NULL,
  PRIMARY KEY (`week_id`)
) ENGINE=InnoDB AUTO_INCREMENT=28 DEFAULT CHARSET=latin1;
/*!40101 SET character_set_client = @saved_cs_client */;

--
-- Dumping data for table `weeks`
--

LOCK TABLES `weeks` WRITE;
/*!40000 ALTER TABLE `weeks` DISABLE KEYS */;
INSERT INTO `weeks` VALUES (1,'2012-07-01',NULL),(2,'2012-08-08',NULL),(3,'2012-08-15',NULL),(4,'2012-08-22',NULL),(5,'2012-08-29',NULL),(6,'2012-09-05',NULL),(7,'2012-09-12',NULL),(8,'2012-09-19',NULL),(9,'2012-09-26',NULL),(10,'2012-10-03',NULL),(11,'2012-10-10',NULL),(12,'2012-10-17',NULL),(13,'2012-10-24',NULL),(14,'2012-10-31',NULL),(15,'2012-11-07',NULL),(16,'2012-11-14',NULL),(17,'2012-11-21',NULL),(18,'2012-11-28',NULL),(19,'2012-12-05',NULL),(20,'2012-12-12',NULL),(21,'2012-12-19',NULL),(22,'2012-12-26',NULL),(23,'2013-01-02',NULL),(24,'2013-01-09',NULL),(25,'2013-01-16',NULL),(26,'2013-01-23',NULL),(27,'2013-01-30',NULL);
/*!40000 ALTER TABLE `weeks` ENABLE KEYS */;
UNLOCK TABLES;
/*!40103 SET TIME_ZONE=@OLD_TIME_ZONE */;

/*!40101 SET SQL_MODE=@OLD_SQL_MODE */;
/*!40014 SET FOREIGN_KEY_CHECKS=@OLD_FOREIGN_KEY_CHECKS */;
/*!40014 SET UNIQUE_CHECKS=@OLD_UNIQUE_CHECKS */;
/*!40101 SET CHARACTER_SET_CLIENT=@OLD_CHARACTER_SET_CLIENT */;
/*!40101 SET CHARACTER_SET_RESULTS=@OLD_CHARACTER_SET_RESULTS */;
/*!40101 SET COLLATION_CONNECTION=@OLD_COLLATION_CONNECTION */;
/*!40111 SET SQL_NOTES=@OLD_SQL_NOTES */;

-- Dump completed on 2012-09-08 19:24:30
